row_index,flood_susceptibility_probability,label
0,0.0001775067750677507,0
1,0.923624860765827,1
2,0.18844897982294323,0
3,0.04858262090987768,0
4,0.0010392250901226344,0
5,0.011827904951506294,0
6,0.0,0
7,0.3729350928378566,0
8,0.0888316837535807,0
9,0.2154969751731872,0
10,0.0,0
11,0.9999422296412672,1
12,0.9979501424634732,1
13,0.0,0
14,0.005161290322580645,0
15,0.012661290322580645,0
16,0.0016383360619039245,0
17,0.03203572454115932,0
18,0.030641673151251922,0
19,0.0,0
20,0.08775223762608204,0
21,0.0058279777966483235,0
22,0.00048172040033776765,0
23,0.00012195121951219512,0
24,0.021845367155072327,0
25,0.9367811040850988,1
26,0.01867924528301887,0
27,0.010258326800172047,0
28,0.0758903427663678,0
29,0.0,0
30,0.23372750411280901,0
31,0.0,0
32,0.0,0
33,0.9506333333333332,1
34,0.9711531731585972,1
35,0.14441148404763213,0
36,0.03841406328873911,0
37,0.0001328546882670594,0
38,0.21368358346154495,0
39,0.015579500454721966,0
40,0.0001339736753480018,0
41,0.013119440998800507,0
42,0.0,0
43,0.9988809509363749,1
44,0.008524038461538461,0
45,0.16984571596150896,0
46,0.001467442990618762,0
47,0.042065021841921,0
48,0.0669925162957275,0
49,0.002,0
50,0.9999422296412672,1
51,0.9773127296763461,1
52,0.9999084478553416,1
53,0.999945184258349,1
54,0.9279652697069802,1
55,0.9931529120459865,1
56,0.00101007496045664,0
57,0.0,0
58,0.005,0
59,0.004992999676672643,0
60,0.03198956939287127,0
61,0.0007019704433497537,0
62,0.9907640069571303,1
63,0.008914728682170543,0
64,0.016992370513647107,0
65,0.9671653539895625,1
66,0.0006164060917222405,0
67,0.99992,1
68,0.0003132016165244724,0
69,0.9734548379746595,1
70,0.9985874568544842,1
71,0.006317349069335168,0
72,0.0,0
73,0.9948365366584305,1
74,0.954070544356637,1
75,0.9857641375617102,1
76,0.9991794316525565,1
77,0.0003325814614857127,0
78,0.004107177051856969,0
79,0.00016373558010990657,0
80,0.9845889604162253,1
81,0.9155319926448958,1
82,0.019176434676434675,0
83,0.0,0
84,0.0009646464646464646,0
85,0.0003996960486322188,0
86,0.14084115788539336,0
87,0.1722662919721292,0
88,0.855147749597123,1
89,0.033782006658509084,0
90,0.000450597628466395,0
91,0.9110852717048352,1
92,0.965374862430741,1
93,0.05361209813904114,0
94,0.9858614156800498,1
95,0.012352959914037653,0
96,0.018813351326750535,0
97,0.037312193960342604,0
98,0.0,0
99,0.00018870336361506118,0
100,0.0,0
101,0.9388518846767095,1
102,0.0009646464646464646,0
103,0.04527630479928857,0
104,0.9788027887207091,1
105,0.005,0
106,0.06738441689403385,0
107,0.9750284808610141,1
108,0.0025943396226415093,0
109,1.9083969465648855e-05,0
110,0.0004908005453295229,0
111,0.0007347159794150218,0
112,0.9952580011305792,1
113,0.9883630095134993,1
114,0.9633995063869066,1
115,0.9933845406359124,1
116,0.977616440570139,1
117,0.0005322003577817532,0
118,0.9999751243781094,1
119,0.9592245093485308,1
120,0.9991317767386243,1
121,0.9992281731585971,1
122,0.0008116648506050353,0
123,0.005845553761928087,0
124,6.25e-05,0
125,0.022589538319837073,0
126,0.14714815493622,0
127,0.23565561437145618,0
128,0.0003333333333333333,0
129,0.050315736680245464,0
130,0.028556261577432032,0
131,0.010286647314949202,0
132,5.584867534800179e-05,0
133,0.01431442473080276,0
134,0.999390508993494,1
135,5.555555555555556e-05,0
136,0.031201716055197348,0
137,0.08538922205946074,0
138,0.010990236279176462,0
139,0.45565068867706265,0
140,0.2834398252995332,0
141,0.009017094017094017,0
142,0.011805109175642708,0
143,0.0,0
144,0.015413978494623656,0
145,0.000990990990990991,0
146,0.05689444719748927,0
147,0.02470566893825856,0
148,0.0,0
149,0.0005535594807975378,0
150,0.956373384359834,1
151,0.0022053571428571426,0
152,0.0005854355914293578,0
153,0.03679267091767092,0
154,0.2547693472372867,0
155,0.0050625,0
156,0.15454640966292588,0
157,0.7380356499182309,1
158,0.0,0
159,0.9484904676351227,1
160,0.22445087430653413,0
161,0.07786316225426337,0
162,0.13940382525612666,0
163,0.1642667983776805,0
164,1.9083969465648855e-05,0
165,0.9746351407585753,1
166,0.0066955934220336065,0
167,0.016809861875784798,0
168,0.0,0
169,0.0870556751393008,0
170,0.980260258487492,1
171,0.00017857142857142857,0
172,0.8940830152906097,1
173,0.0025943396226415093,0
174,0.9585153854407564,1
175,0.010299922600619196,0
176,0.963420114048491,1
177,0.0010689178616684765,0
178,0.7252942197882741,1
179,0.0003456349887241212,0
180,0.014051621496301413,0
181,0.0009370240377454583,0
182,0.9981912066542776,1
183,0.9954286293621004,1
184,0.0025943396226415093,0
185,0.9803692193179104,1
186,0.9942219192499043,1
187,0.9632681820839482,1
188,0.9821847436702267,1
189,0.0020192307692307693,0
190,0.005103092783505154,0
191,0.9999422296412672,1
192,0.9999112193151535,1
193,0.8216927995561566,1
194,0.026580432036554417,0
195,0.006361060011895358,0
196,0.9937609122029258,1
197,0.9995576142566519,1
198,0.949306081289252,1
199,0.9790035716104194,1
200,0.08126048506858927,0
201,0.0,0
202,0.0003493788819875776,0
203,0.8906552136880215,1
204,0.2051858506955352,0
205,0.0,0
206,0.0001713185026939486,0
207,0.244141510212044,0
208,0.0,0
209,0.00019795127353266888,0
210,0.19131167542987806,0
211,0.9963318257837218,1
212,0.907356879300349,1
213,0.0001923076923076923,0
214,0.9544864018237366,1
215,9.433962264150943e-05,0
216,0.00013620071684587815,0
217,0.2829634071450638,0
218,0.11472886306921756,0
219,0.8523390511108841,1
220,0.9539453347560068,1
221,0.3008309073951211,0
222,0.007555848675348001,0
223,0.042602398488036784,0
224,0.0,0
225,0.018055903866248696,0
226,0.9915255119750087,1
227,0.029332926293964258,0
228,0.9999422296412672,1
229,0.08078001257551241,0
230,0.9963785716104193,1
231,0.08915731649067911,0
232,0.915427123866655,1
233,0.7649206207832029,1
234,0.0058527131782945725,0
235,0.988140451533339,1
236,0.005192307692307693,0
237,0.0,0
238,0.9855533212723884,1
239,0.005180670167541885,0
240,0.9999751243781094,1
241,0.9980690628244869,1
242,0.9870476176030416,1
243,0.021576855162190448,0
244,0.0,0
245,0.28135235677125264,0
246,0.010824910733747193,0
247,0.9636531731585971,1
248,0.9930559509363749,1
249,0.7456210734091957,1
250,0.0,0
251,0.002772670348673345,0
252,0.9968167024790401,1
253,0.0015675236406619386,0
254,1.937984496124031e-05,0
255,0.06986082045665948,0
256,0.9606923145727386,1
257,0.10132846279592973,0
258,0.015027202895677327,0
259,0.00020059762846639492,0
260,0.08397975980839145,0
261,0.9672027777777779,1
262,0.00016261659302896413,0
263,0.03530502981456243,0
264,0.19900384453861636,0
265,0.4291672062349901,0
266,0.06890152240279557,0
267,0.8846941614208945,1
268,0.005526135301555886,0
269,0.00023689516129032258,0
270,0.9052829224258387,1
271,0.9508879176998358,1
272,0.1869229977344281,0
273,0.9540188160742402,1
274,0.010310140446138033,0
275,0.03596878655593819,0
276,0.1287127386294121,0
277,0.0959870445840336,0
278,0.6128841847804973,0
279,0.9969706768735772,1
280,0.9943101451452547,1
281,0.013970284237726099,0
282,0.016838815891053946,0
283,0.005036764705882353,0
284,0.9684480448999854,1
285,0.0,0
286,0.02593766351946787,0
287,0.053607409513301445,0
288,0.0034304200655942045,0
289,0.18531304956828948,0
290,0.0,0
291,0.000990990990990991,0
292,0.9993609550561797,1
293,0.15889615144944597,0
294,0.0003226529206310207,0
295,0.13609876483278016,0
296,0.9761990202364852,1
297,0.005223790322580645,0
298,0.04994885525613406,0
299,1.9083969465648855e-05,0
300,0.0,0
301,0.0271282684515267,0
302,0.1294495972796723,0
303,0.9596406733909011,1
304,0.9982079409438898,1
305,0.9999311393145287,1
306,0.8842417334691235,1
307,0.0017637897866009389,0
308,0.9999433806706928,1
309,0.0,0
310,0.03202884778258592,0
311,0.0059909909909909905,0
312,0.0,0
313,0.9847795297676027,1
314,0.9915452096905086,1
315,0.24507402577019755,0
316,0.0497843137254902,0
317,0.006386363636363637,0
318,0.002130935254536597,0
319,0.01529326923076923,0
320,0.05390953409221292,0
321,0.1226158424908425,0
322,0.07979541397875976,0
323,0.026111111111111113,0
324,0.9981669059925546,1
325,0.8576550107792551,1
326,0.03931794489787614,0
327,0.041283325110565004,0
328,0.016640256931812446,0
329,0.004411033657363462,0
330,0.027525962512664637,0
331,0.975747248638967,1
332,0.0,0
333,0.005249443502693948,0
334,0.0,0
335,0.0,0
336,0.9755343445019031,1
337,0.926101826537225,1
338,0.0458649088616112,0
339,0.0001328546882670594,0
340,0.14372551251446353,0
341,0.14399748838061155,0
342,0.005,0
343,0.030985815679462538,0
344,0.0027507668483278238,0
345,0.9293812376602354,1
346,0.20973829865425228,0
347,0.0,0
348,0.02183263301083915,0
349,0.969121029331625,1
350,0.017111690191351513,0
351,0.9892677427335763,1
352,0.9843464170218437,1
353,0.00019795127353266888,0
354,0.0,0
355,0.9937160457274125,1
356,0.0,0
357,0.9805417580439534,1
358,0.9999610794342891,1
359,0.7434262089078731,1
360,0.0021239692261356097,0
361,0.1296046462743238,0
362,0.037453598034273415,0
363,0.03658900787365452,0
364,0.992055950936375,1
365,0.012173373948172979,0
366,0.9509955720985572,1
367,0.9981536782091023,1
368,0.0,0
369,0.0,0
370,0.0001522345332282997,0
371,0.0,0
372,8.561058010990657e-05,0
373,0.9017138677080233,1
374,1.9083969465648855e-05,0
375,0.0025581203998242524,0
376,0.17596595078614943,0
377,0.0,0
378,0.23517175477704672,0
379,0.0007292451528130153,0
380,0.0007591078210991395,0
381,0.15883615531337725,0
382,0.19802692291230684,0
383,0.9409220954318568,1
384,0.23475641895480037,0
385,0.9930273390419999,1
386,0.009598787975421193,0
387,0.00018067016754188547,0
388,0.9226899656905221,1
389,0.9848824060150376,1
390,0.9999422296412672,1
391,0.023531139608407154,0
392,0.003094161607953689,0
393,0.1743870912595875,0
394,0.0050375919300337905,0
395,0.9838986277040518,1
396,0.805553534614028,1
397,0.018004246452637113,0
398,0.924509898726669,1
399,0.9926653480478691,1
400,0.00020059762846639492,0
401,0.9999610794342891,1
402,0.7269133176560868,1
403,0.9925035740098787,1
404,0.029857142857142856,0
405,0.999945184258349,1
406,0.013079425261201039,0
407,0.000990990990990991,0
408,0.9998365366584305,1
409,0.005781746954700228,0
410,0.005080645161290322,0
411,0.9999311393145287,1
412,0.999945184258349,1
413,0.9751622586862192,1
414,0.9811890516473311,1
415,0.029443986534213346,0
416,0.0,0
417,0.0010674483696864266,0
418,0.22580649824032173,0
419,0.9861041001809508,1
420,0.9800644086631014,1
421,0.9856140353795126,1
422,5.584867534800179e-05,0
423,0.028663720601520438,0
424,0.0,0
425,0.7596089132317201,1
426,0.09259217072476958,0
427,0.9999751243781094,1
428,0.9037591959355603,1
429,0.00020059762846639492,0
430,0.001816108029129096,0
431,0.9937919944703136,1
432,0.9811822005584433,1
433,0.0001328546882670594,0
434,1.9083969465648855e-05,0
435,0.852285937564765,1
436,0.0003132016165244724,0
437,0.9775726982509785,1
438,0.09160981294049528,0
439,0.00101007496045664,0
440,0.00101007496045664,0
441,0.901366519721969,1
442,0.01614363296782716,0
443,0.030925753900899217,0
444,0.9388914754810159,1
445,0.9989259004313245,1
446,0.998695293966176,1
447,0.9931745120550564,1
448,0.029308994034775063,0
449,1.9083969465648855e-05,0
450,0.9917713154242156,1
451,0.6844449542077264,1
452,0.16647794974501318,0
453,0.9806520559077724,1
454,0.00023006365773270822,0
455,0.08561809481620142,0
456,0.0,0
457,0.03644260250425136,0
458,0.00017857142857142857,0
459,0.000450597628466395,0
460,0.00015193865773270826,0
461,0.8170378923623695,1
462,0.990046754912335,1
463,0.9415446013428443,1
464,0.9999751243781094,1
465,0.00012195121951219512,0
466,0.005553559480797538,0
467,0.9929320990558378,1
468,6.25e-05,0
469,0.9998448003645217,1
470,0.005,0
471,0.9988610271450484,1
472,0.0,0
473,0.9999610794342891,1
474,0.9691627887740715,1
475,0.9999311393145287,1
476,0.0,0
477,0.99992,1
478,0.9999751243781094,1
479,0.21182217552409724,0
480,0.11606843457575497,0
481,0.08301628011982601,0
482,0.004639671015088674,0
483,0.08512036279988204,0
484,0.04185607230634677,0
485,0.8879195688225537,1
486,0.0,0
487,0.005,0
488,0.9999422296412672,1
489,0.9995576142566519,1
490,0.03625328901464944,0
491,0.9734209209377096,1
492,0.0021428571428571425,0
493,0.010947368421052633,0
494,0.0151037791020989,0
495,0.003970284237726098,0
496,0.08447469669553553,0
497,0.0,0
498,0.2288145729093882,0
499,0.846536111111111,1
500,0.08518149676433426,0
501,0.04114886284492348,0
502,0.0,0
503,0.12525865912178008,0
504,0.12901546228052996,0
505,0.0056609142364956325,0
506,0.9417920067178475,1
507,0.9161639651313945,1
508,0.986376587861672,1
509,0.8474200772709414,1
510,0.16323638546991567,0
511,0.0051319337930062795,0
512,0.999653173158597,1
513,0.966508089145079,1
514,0.0,0
515,0.0,0
516,0.006919859847097904,0
517,0.9813550358770481,1
518,0.9945399774094045,1
519,0.0010392250901226344,0
520,0.16884564155048165,0
521,0.03185078662472279,0
522,0.9999422296412672,1
523,0.9788306303240359,1
524,0.9979019011170474,1
525,0.06288346403457967,0
526,0.005141713808269325,0
527,0.005,0
528,0.0,0
529,0.9864806846436855,1
530,0.9674041053671776,1
531,0.999945184258349,1
532,0.999945184258349,1
533,0.9656846599515544,1
534,0.9890984310590868,1
535,0.9999751243781094,1
536,0.9981158653936619,1
537,0.003555878084179971,0
538,0.01055333279040098,0
539,0.0001415565979320438,0
540,0.9999610794342891,1
541,0.3319059302952245,0
542,0.0005128205128205128,0
543,0.8949594512228022,1
544,0.7572555639463323,1
545,0.08248067012848129,0
546,0.0009370240377454583,0
547,0.9906193777614576,1
548,0.974900883790444,1
549,0.9679809333105454,1
550,0.9829127479776946,1
551,0.9984265174633162,1
552,0.9769880748416874,1
553,0.9250557970641397,1
554,0.9991741816521537,1
555,0.0198515967560675,0
556,1.937984496124031e-05,0
557,0.00017857142857142857,0
558,0.9779859977264703,1
559,0.19107682652140096,0
560,0.21454579824195566,0
561,0.0107625786163522,0
562,0.002662236987818383,0
563,0.0,0
564,0.015244980286358316,0
565,0.13706658969856117,0
566,0.010373667185393459,0
567,0.007692562974264337,0
568,0.9874170103063922,1
569,0.005255023640661939,0
570,0.13476146968312283,0
571,0.9743345476927583,1
572,0.022294657545169193,0
573,0.7734238932048568,1
574,0.9752597887415528,1
575,0.9949751243781094,1
576,0.000820040176935273,0
577,0.9969365016550309,1
578,0.051340869225667565,0
579,0.0025943396226415093,0
580,0.09302649736809586,0
581,0.9995879413331599,1
582,0.9044112381248905,1
583,0.0018362584245937704,0
584,0.9980060040726486,1
585,0.0,0
586,1.9083969465648855e-05,0
587,0.00012247262846639494,0
588,0.0001415565979320438,0
589,0.045,0
590,0.008982342807924202,0
591,0.8338476647773649,1
592,0.00017857142857142857,0
593,0.005930758612140656,0
594,0.9998535362193324,1
595,0.8501512001429081,1
596,0.9933749234775504,1
597,0.0003939075630252101,0
598,0.0026557434813248766,0
599,0.0,0
600,0.005263157894736842,0
601,0.02141696979360301,0
602,0.005161290322580645,0
603,0.00101007496045664,0
604,0.0001339736753480018,0
605,0.04250565280140171,0
606,0.008905677655677655,0
607,0.011993351063829785,0
608,0.02116179982187423,0
609,0.9587854117250297,1
610,0.0,0
611,0.9812271996685739,1
612,0.9867791485639912,1
613,0.0,0
614,0.9953851772881623,1
615,0.9994685577739818,1
616,0.0,0
617,0.0005535594807975378,0
618,0.10928439191901253,0
619,0.14664430099562123,0
620,1.937984496124031e-05,0
621,0.007473009446693658,0
622,0.005121951219512195,0
623,0.04586085848881938,0
624,0.02900139861703493,0
625,0.045661837962791815,0
626,0.014107566980886778,0
627,0.8925388449680953,1
628,0.0,0
629,0.001324786324786325,0
630,0.9946124096009302,1
631,0.9999422296412672,1
632,0.011539514847254717,0
633,0.023151662551980534,0
634,0.00015193865773270826,0
635,0.10230913062376375,0
636,0.014943617522905264,0
637,0.0076363636363636364,0
638,0.001705010926840895,0
639,0.017277049972956843,0
640,0.0,0
641,0.005,0
642,0.005,0
643,0.004644507063397743,0
644,0.00020059762846639492,0
645,0.999945184258349,1
646,0.05871726088240847,0
647,0.491699674064638,0
648,0.7211457113765792,1
649,0.01635180078592577,0
650,0.00042307919904227385,0
651,0.9069109648804694,1
652,0.7188948935842907,1
653,0.9988113148498949,1
654,0.2005700106885335,0
655,0.00012247262846639494,0
656,0.005,0
657,0.01383678540726413,0
658,0.952408119733816,1
659,0.9494948300690321,1
660,0.003914728682170542,0
661,0.9863871192806322,1
662,0.7877415249274474,1
663,6.25e-05,0
664,0.0009370240377454583,0
665,0.0005854355914293578,0
666,0.005,0
667,0.0011189663097839636,0
668,0.0,0
669,0.0008356281315364195,0
670,0.012636363636363637,0
671,0.9974214081210137,1
672,1.9083969465648855e-05,0
673,0.2594279571010292,0
674,0.17522569815027253,0
675,0.999945184258349,1
676,8.561058010990657e-05,0
677,0.00796132172035586,0
678,0.9918542145129828,1
679,0.9970268781372476,1
680,0.9950676803609698,1
681,0.0026363636363636363,0
682,1.937984496124031e-05,0
683,0.08528837391386596,0
684,0.9788578733609659,1
685,0.044192947887847535,0
686,0.7940254049452606,1
687,0.005192307692307693,0
688,0.9924916692994786,1
689,1.937984496124031e-05,0
690,0.004257079837724999,0
691,0.08279506508599237,0
692,0.36663050931815894,0
693,0.0050625,0
694,0.005151938657732708,0
695,0.975600858274841,1
696,0.0,0
697,0.24887603971454503,0
698,0.002122472628466395,0
699,0.016751325702636308,0
700,0.6778900459118055,0
701,0.0,0
702,0.013995373843460866,0
703,0.00036501483368536145,0
704,0.0,0
705,0.9999610794342891,1
706,5.555555555555556e-05,0
707,0.9976084371771544,1
708,0.0025,0
709,0.9635062293394467,1
710,0.9990130312138001,1
711,0.9478384294604001,1
712,0.19815969258123534,0
713,0.008628915721406817,0
714,0.0039953738434608645,0
715,0.999945184258349,1
716,0.9992070763889959,1
717,0.9999751243781094,1
718,0.0007376668571661836,0
719,0.9990388749024323,1
720,0.9788986277040518,1
721,0.00017857142857142857,0
722,0.0,0
723,0.9897000749581162,1
724,0.03599767782304881,0
725,0.22099418712782096,0
726,0.005122472628466395,0
727,0.9914227648892261,1
728,0.009155701754385966,0
729,0.0004726890756302521,0
730,0.001225507111056983,0
731,0.9999141739322351,1
732,0.9939687284693091,1
733,0.038599197942960274,0
734,0.009692617231557416,0
735,0.9916810676233055,1
736,0.011940133037694013,0
737,0.15953827876505453,0
738,0.004313249437037078,0
739,0.005879650056888114,0
740,0.01788371307496625,0
741,0.07065636785961056,0
742,0.11849752062987486,0
743,0.010671415910584485,0
744,0.01,0
745,0.9998531731585971,1
746,0.02115030818005771,0
747,0.04936000751805649,0
748,0.9999751243781094,1
749,0.0582005874249865,0
750,0.0003960125830039015,0
751,0.9999422296412672,1
752,0.841149462807399,1
753,0.0050375919300337905,0
754,0.0003768117560625598,0
755,0.34655476998363255,0
756,0.07489764373523372,0
757,0.026636142837775774,0
758,0.947473228468558,1
759,0.17140027454222095,0
760,0.001098748899646444,0
761,0.00038475606199411897,0
762,0.0001923076923076923,0
763,0.996921986321654,1
764,0.0,0
765,0.8804414604504034,1
766,0.9839272615439131,1
767,0.9689711011706487,1
768,0.041522648552924125,0
769,0.9948505816022508,1
770,0.0060342330072111075,0
771,0.9919466518141123,1
772,0.0001415565979320438,0
773,0.035204790347007145,0
774,0.9988645266665991,1
775,0.005875290663893125,0
776,0.0001923076923076923,0
777,0.9967127081813925,1
778,0.9938597865065287,1
779,0.9669050910303411,1
780,0.9980724549862078,1
781,0.9769782047602794,1
782,0.0002866473149492017,0
783,0.02929914624877666,0
784,0.00021533613445378152,0
785,0.999945184258349,1
786,0.9661645512664979,1
787,0.9876818910585229,1
788,0.540701206683881,1
789,0.9999751243781094,1
790,0.0230993265993266,0
791,0.24262643002247636,0
792,0.0599642776913681,0
793,0.7142310955766744,1
794,0.005,0
795,0.9916365491663589,1
796,0.9999281846974469,1
797,0.8713536152834478,1
798,0.9705923103239426,1
799,0.9998365366584305,1
800,0.9874191731444606,1
801,0.00036625067824199673,0
802,0.05414905639391171,0
803,0.07017004540922198,0
804,0.017973422806151048,0
805,0.9623419602498017,1
806,0.9949281846974469,1
807,0.9999610794342891,1
808,0.042150707413920116,0
809,0.00171551254089422,0
810,0.9999581589958159,1
811,0.9907337782588787,1
812,0.00012247262846639494,0
813,0.997882448728685,1
814,0.9985757417646827,1
815,0.8968475226388816,1
816,0.7629981526405162,1
817,0.013977113429019054,0
818,0.0,0
819,0.009051621496301414,0
820,0.999601836618864,1
821,0.0,0
822,0.04487468485738837,0
823,0.8413762760601994,1
824,0.8865188980414509,1
825,0.9988761823448583,1
826,0.003914728682170542,0
827,0.00551409194547399,0
828,0.9960063126443762,1
829,0.9507233542130206,1
830,0.015776785714285715,0
831,0.015040242643697,0
832,0.009179245283018868,0
833,1.937984496124031e-05,0
834,0.013362972330183933,0
835,0.007261093259880901,0
836,0.9959134213532428,1
837,0.001497005874346106,0
838,0.9583419846166978,1
839,0.8838560876121576,1
840,0.00017857142857142857,0
841,0.16763113378767527,0
842,1.937984496124031e-05,0
843,0.9999112193151535,1
844,0.00046426858786993057,0
845,0.007232904057778655,0
846,1.9083969465648855e-05,0
847,0.9900866788575428,1
848,0.047661631342419054,0
849,0.1479212351455837,0
850,0.005,0
851,0.9872938968479461,1
852,0.005512820512820513,0
853,0.9998394912755121,1
854,0.005714285714285714,0
855,0.005,0
856,0.0003333333333333333,0
857,0.05070517147794714,0
858,0.08969038137954877,0
859,0.0,0
860,0.13831593521808674,0
861,0.04912506058739401,0
862,0.01796393476018713,0
863,0.013646302513264786,0
864,0.020359701821957656,0
865,0.0427590769321698,0
866,0.0029642685878699306,0
867,0.0038405356055995128,0
868,0.9629097865528113,1
869,0.9951930894984866,1
870,0.015926650104856242,0
871,0.00759433962264151,0
872,0.2879940733799126,0
873,0.00922791950739025,0
874,0.0,0
875,0.00012247262846639494,0
876,0.10271774924433709,0
877,0.7386338152619905,1
878,0.0,0
879,0.01009433962264151,0
880,0.008049450549450549,0
881,0.1826661062885137,0
882,0.0,0
883,0.00015193865773270826,0
884,0.9975444720399075,1
885,0.005019379844961241,0
886,0.9652383432680622,1
887,0.0125,0
888,0.00015193865773270826,0
889,0.00759433962264151,0
890,0.9932182958120801,1
891,0.9998469192499043,1
892,0.9991919791301439,1
893,0.09959056031895082,0
894,0.9866322332539831,1
895,0.00223992673992674,0
896,0.027122878176482356,0
897,0.9973321665198743,1
898,0.000990990990990991,0
899,0.00035241730279898223,0
900,0.001119980648282535,0
901,0.0,0
902,0.0025,0
903,0.9739516224978615,1
904,0.1247808722761449,0
905,0.9956920365432456,1
906,0.9996031347979871,1
907,0.6426165594157616,1
908,0.024045138888888894,0
909,0.01183263301083915,0
910,0.980514663918887,1
911,0.005357142857142857,0
912,0.18271722680913866,0
913,0.029818743152440198,0
914,0.12352152359287212,0
915,0.03314760825388514,0
916,0.01,0
917,0.9917753880987452,1
918,0.997712254622263,1
919,0.000768453987124515,0
920,0.9999422296412672,1
921,0.016134062835359012,0
922,0.8305395658705497,1
923,0.9309111193664725,1
924,0.02371480708581538,0
925,0.0,0
926,0.0032193396226415094,0
927,0.08410515121866141,0
928,0.978001030466759,1
929,0.0,0
930,0.005345634988724121,0
931,0.9999441140519956,1
932,0.9999751243781094,1
933,0.9803288124510158,1
934,1.937984496124031e-05,0
935,0.005341864375116757,0
936,0.0,0
937,0.9985217909129612,1
938,0.005132854688267059,0
939,0.09871514856674485,0
940,0.016419087791139677,0
941,0.9232721319967504,1
942,0.9778258405474108,1
943,0.9901556462033396,1
944,0.001880952380952381,0
945,0.0,0
946,0.0003456349887241212,0
947,0.9998694313952725,1
948,0.9858625319877202,1
949,0.9746643500615185,1
950,0.19581165650104487,0
951,0.9814701732152836,1
952,0.00016129032258064516,0
953,0.9995905089934941,1
954,0.008736936888868547,0
955,0.01654759629357021,0
956,0.7331814630848288,0
957,0.0,0
958,0.005441729323308271,0
959,0.9850194265652569,1
960,0.005019379844961241,0
961,0.037578714414240724,0
962,0.0050625,0
963,0.0008917924893534648,0
964,0.023843551842302864,0
965,0.003914728682170542,0
966,0.9958155345215955,1
967,0.003664568117265165,0
968,0.08615661810738062,0
969,0.12317007588803298,0
970,0.893044744808837,1
971,0.9998834763390928,1
972,0.9975639318240342,1
973,0.006443341604631927,0
974,0.0,0
975,0.0032193396226415094,0
976,0.09942793365289339,0
977,0.0,0
978,0.03116835579879058,0
979,0.02363192771058817,0
980,0.05902772667856202,0
981,0.13688435972130147,0
982,0.0002552058559272766,0
983,0.005019083969465649,0
984,0.9619340296352733,1
985,0.028623624985668537,0
986,0.9751936553368543,1
987,0.01571117320242711,0
988,0.015,0
989,0.9991779341863236,1
990,0.9890212322396928,1
991,0.9682388696384586,1
992,0.015,0
993,0.07708497984547212,0
994,0.012525962512664642,0
995,0.0025190839694656485,0
996,0.8514563784364475,1
997,0.002765329771323538,0
998,0.999653173158597,1
999,0.004382668213968225,0
1000,0.010161290322580644,0
1001,0.026473523380644123,0
1002,0.9980829706568197,1
1003,0.95944658079304,1
1004,0.999601836618864,1
1005,0.9911693560165078,1
1006,0.9871992523825702,1
1007,0.9875465994340403,1
1008,6.25e-05,0
1009,0.03265470979600426,0
1010,0.0001923076923076923,0
1011,0.9999751243781094,1
1012,0.9999311393145287,1
1013,0.0,0
1014,0.9932766276094485,1
1015,0.9999311393145287,1
1016,0.00017857142857142857,0
1017,0.8355566317788521,1
1018,0.9998925526794015,1
1019,0.0,0
1020,0.9754238454747831,1
1021,0.005801084233272785,0
1022,0.9914784847026933,1
1023,0.9999751243781094,1
1024,0.9999610794342891,1
1025,0.9714628257212773,1
1026,0.9994480402444174,1
1027,0.9716834140258223,1
1028,0.007168964251615829,0
1029,0.9916018177930581,1
1030,0.000990990990990991,0
1031,0.9433420767337501,1
1032,0.0076363636363636364,0
1033,0.00012247262846639494,0
1034,1.9083969465648855e-05,0
1035,0.9823298660858711,1
1036,0.004458932156124722,0
1037,0.9568081486077418,1
1038,0.0,0
1039,0.005,0
1040,0.053688361344779494,0
1041,0.20747243035712143,0
1042,0.00038475606199411897,0
1043,0.14226242166261557,0
1044,0.9917417387416928,1
1045,0.07481535649371712,0
1046,6.25e-05,0
1047,0.0,0
1048,0.9922559468105789,1
1049,0.0,0
1050,0.999126982140333,1
1051,0.8049577804314303,1
1052,0.9999610794342891,1
1053,0.9903372978902542,1
1054,0.9851813240933706,1
1055,0.006321203592782396,0
1056,0.9991412363420054,1
1057,0.06651098901098901,0
1058,0.8048237083341503,1
1059,0.9757661387509464,1
1060,0.9903073757494092,1
1061,0.9999751243781094,1
1062,0.9946543895795305,1
1063,0.4197173304824557,0
1064,0.9604932072808642,1
1065,0.9847392771084337,1
1066,0.024107142857142855,0
1067,0.00015193865773270826,0
1068,0.043252369001347137,0
1069,0.004370496374709399,0
1070,0.0,0
1071,0.005549450549450549,0
1072,0.0,0
1073,0.0,0
1074,0.9999751243781094,1
1075,0.02548140800481202,0
1076,0.01868777330618783,0
1077,0.9833974617087254,1
1078,0.0016969037252056117,0
1079,0.9960862753547093,1
1080,0.9017247219853846,1
1081,0.0030190839694656485,0
1082,0.023629508553660493,0
1083,0.9981232725262575,1
1084,0.9999422296412672,1
1085,0.04318274222203261,0
1086,0.8527210828698176,1
1087,0.0004726890756302521,0
1088,0.9962516533827448,1
1089,0.005769230769230769,0
1090,0.9999281846974469,1
1091,0.24757985814738073,0
1092,0.9547431036201285,1
1093,0.8646953828788925,1
1094,0.0022053571428571426,0
1095,0.0036792452830188677,0
1096,0.0023666474654377876,0
1097,0.0052153361344537815,0
1098,0.1414997090861298,0
1099,0.006297682370820668,0
1100,0.0,0
1101,0.9370808265582656,1
1102,0.318865294951301,0
1103,0.9986809509363749,1
1104,0.9999422296412672,1
1105,0.005,0
1106,0.031860803443108786,0
1107,0.991219135134356,1
1108,0.9709841313044071,1
1109,0.001816108029129096,0
1110,0.9480783386928883,1
1111,0.005357142857142857,0
1112,0.0002866473149492017,0
1113,0.031473160598630985,0
1114,0.07109926631479495,0
1115,0.032031210760166136,0
1116,0.006046839666338993,0
1117,0.8750068524130137,1
1118,0.0,0
1119,0.00036625067824199673,0
1120,0.9784126576199681,1
1121,0.9995576142566519,1
1122,0.9908711474472345,1
1123,0.9915090661159138,1
1124,0.990794975947937,1
1125,0.9008050086700156,1
1126,1.9083969465648855e-05,0
1127,0.02863452870279255,0
1128,0.016265556407008063,0
1129,0.006116414835164835,0
1130,0.96944376701882,1
1131,0.21286279228960775,0
1132,1.937984496124031e-05,0
1133,0.002532051282051282,0
1134,0.8965689759304917,1
1135,1.9083969465648855e-05,0
1136,0.9944934714321415,1
1137,0.05921534719554653,0
1138,0.10275422061358272,0
1139,0.9792897412666355,1
1140,0.9978588485360779,1
1141,0.014132266657591734,0
1142,0.9714429284764643,1
1143,0.988963639630849,1
1144,0.010095785440613028,0
1145,0.9998694313952725,1
1146,0.9944749060078599,1
1147,0.9561976944438219,1
1148,0.9908925017980955,1
1149,0.9998169791301439,1
1150,0.9727235437762893,1
1151,0.9856451040285394,1
1152,0.9623664721419037,1
1153,0.9570007401612685,1
1154,0.959409802705332,1
1155,0.9985473478827888,1
1156,0.005178571428571429,0
1157,0.9993524137553988,1
1158,0.9999422296412672,1
1159,0.0,0
1160,0.8009013749716952,1
1161,0.0003226529206310207,0
1162,0.010375356813706962,0
1163,0.9586248881420779,1
1164,0.00035364145658263305,0
1165,0.9461226046417559,1
1166,0.9939067107339821,1
1167,0.2181714634225782,0
1168,0.0,0
1169,0.0,0
1170,0.9972952436605601,1
1171,0.9999610794342891,1
1172,0.9885998882246407,1
1173,0.03257959401709402,0
1174,0.9549158471079063,1
1175,0.971921218463787,1
1176,0.9971714749089632,1
1177,0.005151938657732709,0
1178,0.9968808473587312,1
1179,0.9900165501816225,1
1180,0.9949610794342891,1
1181,0.01630903433435941,0
1182,0.9789293824193112,1
1183,0.9999441140519956,1
1184,0.0009370240377454583,0
1185,0.99492,1
1186,0.9996359519140663,1
1187,0.0,0
1188,0.0,0
1189,0.9719143122422359,1
1190,0.0,0
1191,0.9806680972337906,1
1192,0.01584533889256001,0
1193,0.989087540601643,1
1194,0.0,0
1195,0.9976920076053922,1
1196,0.9982436825397761,1
1197,0.999586917090067,1
1198,0.9990251557281715,1
1199,0.001485813116607167,0
1200,0.9581761367660468,1
1201,0.0,0
1202,0.000990990990990991,0
1203,0.008334037636653637,0
1204,0.022705960890182647,0
1205,0.9542504798598473,1
1206,0.9665185806335032,1
1207,0.009500660208174241,0
1208,0.0014574861743656476,0
1209,0.9990835726592213,1
1210,0.004178911736684367,0
1211,0.04215197908434293,0
1212,0.0004726890756302521,0
1213,0.9976967390888589,1
1214,0.9912148254423068,1
1215,0.0022053571428571426,0
1216,1.9083969465648855e-05,0
1217,0.13862340029614206,0
1218,0.7432451422071761,1
1219,0.0001923076923076923,0
1220,0.9858270373061455,1
1221,0.005982342807924204,0
1222,0.03533436147339373,0
1223,0.999653173158597,1
1224,0.003932216254533307,0
1225,0.16232909670596063,0
1226,0.021157325642937534,0
1227,0.0013300949045038223,0
1228,0.9999422296412672,1
1229,0.005240721212056059,0
1230,0.9977806516427357,1
1231,0.005,0
1232,0.005256410256410256,0
1233,0.0,0
1234,0.8987085435006529,1
1235,0.01017750677506775,0
1236,0.9459938147806476,1
1237,0.049757075171151334,0
1238,0.9999422296412672,1
1239,0.005,0
1240,0.9976495158125167,1
1241,0.9946389171670217,1
1242,0.9992123263893987,1
1243,0.9982833392000213,1
1244,0.9942506470745113,1
1245,0.9903941953997719,1
1246,0.00028441374078918663,0
1247,0.0,0
1248,0.9934916125062294,1
1249,0.03222004118411497,0
1250,0.9540311105429113,1
1251,0.0105997757574794,0
1252,0.00023035953322829973,0
1253,0.00012217675297080348,0
1254,0.9305631769234277,1
1255,0.00801776339446726,0
1256,0.0,0
1257,0.09469111154992534,0
1258,0.005,0
1259,0.1268190344340527,0
1260,0.01,0
1261,0.9813137806175446,1
1262,0.09377360552279314,0
1263,0.9152898036554796,1
1264,0.000990990990990991,0
1265,1.9083969465648855e-05,0
1266,0.018364272028430603,0
1267,0.09488258536117299,0
1268,0.8420978519096671,1
1269,0.005,0
1270,0.9749959502122697,1
1271,0.9946453811009976,1
1272,0.9759941177726791,1
1273,0.0,0
1274,0.9668108749075895,1
1275,0.0001522345332282997,0
1276,0.0029120879120879115,0
1277,0.9999311393145287,1
1278,0.0014823428079242034,0
1279,0.02119101657417574,0
1280,0.4036546092024913,0
1281,0.3550848305355444,0
1282,0.04756504584658618,0
1283,0.0,0
1284,0.021735086844232553,0
1285,0.8900561371450975,1
1286,9.75048449612403e-05,0
1287,0.014046808519895539,0
1288,0.0,0
1289,0.005666857248817875,0
1290,0.12323165968837267,0
1291,0.0001415565979320438,0
1292,0.9922427252786947,1
1293,0.9902035967362006,1
1294,0.9809471182533113,1
1295,0.00035359801488833747,0
1296,0.0036792452830188677,0
1297,0.00541509655246955,0
1298,0.9800435129235293,1
1299,0.9804044924831622,1
1300,0.0,0
1301,0.9912485788884287,1
1302,0.0,0
1303,0.9853307607816092,1
1304,0.9994020583566433,1
1305,0.9999581589958159,1
1306,0.9897769319116518,1
1307,0.9987737685934183,1
1308,0.7542890187228837,1
1309,0.9976021773063996,1
1310,0.0,0
1311,0.9999441140519956,1
1312,0.9147421502927764,1
1313,0.999867149988293,1
1314,0.28658438958961513,0
1315,0.9930958736635848,1
1316,0.8174288851556656,1
1317,0.9934663213555569,1
1318,0.0,0
1319,0.005,0
1320,0.002698863636363636,0
1321,0.0003493788819875776,0
1322,0.9951065844646401,1
1323,0.0023125000000000003,0
1324,0.9999281846974469,1
1325,0.003970284237726098,0
1326,0.01001937984496124,0
1327,0.9766607423007726,1
1328,0.24082618123680727,0
1329,0.022078682908671095,0
1330,0.14533064809542753,0
1331,0.9745297198725078,1
1332,0.0025,0
1333,0.9941922343527474,1
1334,0.9945905089934941,1
1335,0.9243852527609754,1
1336,1.937984496124031e-05,0
1337,0.9317650253672319,1
1338,1.9083969465648855e-05,0
1339,0.000990990990990991,0
1340,0.0,0
1341,0.021711812233531896,0
1342,0.746364522417154,1
1343,0.39404736848142446,0
1344,0.28070699618847333,0
1345,0.0018879809214958634,0
1346,0.0016114066193853426,0
1347,0.00012195121951219512,0
1348,0.9783662014477291,1
1349,0.0,0
1350,0.9921988459756937,1
1351,0.9864411091237703,1
1352,0.09229038341417108,0
1353,0.983266491166513,1
1354,0.07319241766335768,0
1355,0.9999751243781094,1
1356,0.9998531731585971,1
1357,0.03613881408168453,0
1358,0.0,0
1359,0.027253059452409568,0
1360,0.9534898632790668,1
1361,0.0,0
1362,0.9759655818544938,1
1363,0.4798128282280558,0
1364,0.9916691944798275,1
1365,0.00012217675297080348,0
1366,0.982831090624554,1
1367,0.9999281846974469,1
1368,0.010180670167541886,0
1369,6.25e-05,0
1370,0.9801297332029805,1
1371,0.0,0
1372,0.9646648402098,1
1373,0.043062271064405785,0
1374,0.00034186437511675693,0
1375,0.9925375625829521,1
1376,0.03327595383220779,0
1377,0.07557803573719134,0
1378,0.01416259193003379,0
1379,0.939790296571115,1
1380,0.0003493788819875776,0
1381,0.9072075721213654,1
1382,0.9914728631404596,1
1383,0.012636363636363637,0
1384,0.991156748762727,1
1385,0.06254920682750871,0
1386,0.9782166172001883,1
1387,0.006800640342014668,0
1388,0.9988710261070085,1
1389,0.875066894351082,1
1390,0.01009433962264151,0
1391,0.000491773045095901,0
1392,0.00035714285714285714,0
1393,0.9571879443469102,1
1394,0.03996744344053046,0
1395,0.9920794647339132,1
1396,0.012871167121388631,0
1397,0.0025943396226415093,0
1398,0.07975451141652852,0
1399,0.910217469267333,1
1400,0.01001937984496124,0
1401,0.00035714285714285714,0
1402,0.0,0
1403,0.9815174698732219,1
1404,0.9957972043798179,1
1405,0.15312659152749958,0
1406,0.9939436458272497,1
1407,0.9988645266665991,1
1408,0.9844133916202265,1
1409,0.9996983427886312,1
1410,0.0,0
1411,0.010255205855927277,0
1412,0.02959433962264151,0
1413,0.0,0
1414,0.37790927324133217,0
1415,0.9998765799472727,1
1416,0.0,0
1417,0.010162236987818382,0
1418,0.08591678841904767,0
1419,0.9902632638028268,1
1420,0.0009646464646464646,0
1421,0.9868977261444176,1
1422,0.0,0
1423,0.010820040176935273,0
1424,0.99992,1
1425,0.99992,1
1426,0.0,0
1427,1.0,1
1428,0.9997779547943841,1
1429,0.9996441288502135,1
1430,0.9888844162626238,1
1431,0.9994114107049221,1
1432,0.9817009271980048,1
1433,0.9976034489992935,1
1434,0.002982342807924203,0
1435,0.0,0
1436,0.7024483238920749,1
1437,0.9974687363262952,1
1438,0.03807975357975358,0
1439,0.9999433806706928,1
1440,0.9995576142566519,1
1441,0.0005261719825474284,0
1442,0.5534912070750297,0
1443,0.0226778909030174,0
1444,0.990476887133097,1
1445,0.010161290322580644,0
1446,0.9902873714831765,1
1447,0.9934870291400142,1
1448,0.9759629618934034,1
1449,0.3812922252697268,0
1450,0.007785117444010296,0
1451,0.9603485382947281,1
1452,0.9929140285442246,1
1453,0.9270115358718622,1
1454,0.000990990990990991,0
1455,0.9948195787126533,1
1456,0.9968224626531917,1
1457,0.9824487314908752,1
1458,0.02551282051282051,0
1459,0.9379224708083691,1
1460,0.002654418751979728,0
1461,0.1803751872467008,0
1462,0.0001328546882670594,0
1463,0.09676026018084123,0
1464,0.9989118554875042,1
1465,0.0,0
1466,0.999028173158597,1
1467,0.020824910733747194,0
1468,0.9981232725262575,1
1469,0.9650683809844348,1
1470,0.10192607842278115,0
1471,0.9719693340457372,1
1472,0.9993518204498416,1
1473,0.04035230729279898,0
1474,0.001259756061994119,0
1475,0.9675350090835493,1
1476,0.9842897882117518,1
1477,0.8077017058589679,0
1478,0.22427681110109168,0
1479,0.008584324914150008,0
1480,0.9745911962417136,1
1481,0.00012217675297080348,0
1482,0.0751885268417603,0
1483,0.0,0
1484,0.029613107091851946,0
1485,0.00012195121951219512,0
1486,0.01792794569775731,0
1487,0.9568401085286601,1
1488,0.005104587462567204,0
1489,0.18263107916551868,0
1490,0.0020192307692307693,0
1491,0.02111043375871132,0
1492,0.005549450549450549,0
1493,0.005294117647058823,0
1494,0.9040668821803918,1
1495,0.9887845657831178,1
1496,0.9893873083048574,1
1497,0.9323303188551649,1
1498,0.0051775067750677506,0
1499,0.9842851953450367,1
1500,0.9656262124113572,1
1501,0.9696767968515203,1
1502,0.0,0
1503,0.0048452842377260975,0
1504,0.036086405361204395,0
1505,0.2318651657326688,0
1506,0.9798761004064349,1
1507,0.9267313460867749,1
1508,0.9968464423074862,1
1509,0.9968343080727275,1
1510,0.9944895266665991,1
1511,0.9989078217920234,1
1512,0.9999047439732555,1
1513,0.0,0
1514,0.00875,0
1515,0.0,0
1516,0.9390240576507162,1
1517,0.9949281846974469,1
1518,0.0002866473149492017,0
1519,0.999945184258349,1
1520,0.0,0
1521,0.9999751243781094,1
1522,0.010118237091324112,0
1523,0.005333330855927276,0
1524,0.18377415503566147,0
1525,0.03530808702791461,0
1526,0.01,0
1527,0.07460318342385518,0
1528,0.9832285029944043,1
1529,0.9377165379514192,1
1530,0.0,0
1531,0.9675133163443498,1
1532,0.9988229875229263,1
1533,0.0,0
1534,0.1685164432568462,0
1535,0.005225443951165372,0
1536,0.0002631578947368421,0
1537,0.9915372373009796,1
1538,0.005178571428571429,0
1539,0.9718934562936193,1
1540,0.9878336602851736,1
1541,0.00016373558010990657,0
1542,0.9995447192813471,1
1543,0.022969200593723496,0
1544,0.99992,1
1545,0.9995267267089997,1
1546,0.999795256639133,1
1547,1.0,1
1548,0.0,0
1549,0.9998192771084337,1
1550,0.99992,1
1551,0.9944565760993239,1
1552,0.99992,1
1553,0.99992,1
1554,0.002618258178603006,0
1555,0.02245191191613992,0
1556,0.9993331589958159,1
1557,0.9977513355029672,1
1558,0.99992,1
1559,0.9999052216748769,1
1560,0.003885976021614319,0
1561,0.00035714285714285714,0
1562,0.984524731334722,1
1563,0.005,0
1564,0.9918253449069107,1
1565,0.006293786169007682,0
1566,0.9603214441524878,1
1567,0.0001328546882670594,0
1568,0.9498280011041367,1
1569,0.11402659156177,0
1570,0.947265543680011,1
1571,0.007060574229691876,0
1572,0.9935551631661119,1
1573,0.9995483190563361,1
1574,0.0015476190476190477,0
1575,0.00023035953322829973,0
1576,0.0,0
1577,0.9942008560852953,1
1578,0.08083858620300945,0
1579,0.04006304592706323,0
1580,0.005,0
1581,0.08040155143229999,0
1582,0.10325758657077891,0
1583,0.0628938613938614,0
1584,0.9979536782091022,1
1585,0.0015453369261309766,0
1586,0.6317665030100325,0
1587,0.07506768954738433,0
1588,0.02204824976299914,0
1589,0.8616314098607163,1
1590,0.9825770292652969,1
1591,0.9928289051885816,1
1592,0.005019379844961241,0
1593,0.0001328546882670594,0
1594,0.9990799174604618,1
1595,0.18792775746950646,0
1596,9.433962264150943e-05,0
1597,0.005,0
1598,1.9083969465648855e-05,0
1599,0.9998531731585971,1
1600,0.0,0
1601,0.005247863247863248,0
1602,6.25e-05,0
1603,0.003914728682170542,0
1604,0.005019379844961241,0
1605,0.8898597524402558,1
1606,0.0,0
1607,0.9949311411560728,1
1608,0.0001923076923076923,0
1609,0.9093707290496531,1
1610,0.9855365693044819,1
1611,0.196382553792075,0
1612,0.04847547810692753,0
1613,0.021793130550092375,0
1614,0.005080645161290322,0
1615,0.9775082251951052,1
1616,0.999945184258349,1
1617,0.9884087650996851,1
1618,0.9682016849950563,1
1619,0.9989517123322567,1
1620,0.9588202393052423,1
1621,0.0,0
1622,0.9284364983409991,1
1623,0.9998925526794015,1
1624,0.0,0
1625,0.9885109197055911,1
1626,0.0035148883374689827,0
1627,0.9880695016292529,1
1628,0.0030488458742275533,0
1629,0.9132565342518592,1
1630,0.9992023050459803,1
1631,0.0194702842377261,0
1632,0.9807489552757721,1
1633,0.9882915646480464,1
1634,0.9999751243781094,1
1635,0.005,0
1636,0.0053480554978097205,0
1637,0.021,0
1638,0.9991450680082871,1
1639,0.9909263588921452,1
1640,0.33678907745831826,0
1641,0.9998577499279746,1
1642,0.4705578124575802,1
1643,0.9912575243828583,1
1644,5.584867534800179e-05,0
1645,0.980922653133094,1
1646,1.937984496124031e-05,0
1647,0.9897650675659357,1
1648,0.9969972551635885,1
1649,0.9962200419078002,1
1650,0.0003333333333333333,0
1651,0.04326534928375965,0
1652,0.02554381991881992,0
1653,0.09244750488253832,0
1654,0.00042307919904227385,0
1655,0.9999610794342891,1
1656,0.9677237807086619,1
1657,0.09547958916179144,0
1658,0.8775491126461781,1
1659,0.9291137396826907,1
1660,0.9709757290320237,1
1661,0.9732653331752472,1
1662,0.999685451164263,1
1663,0.9997555905683384,1
1664,0.99992,1
1665,0.99992,1
1666,0.009863965550988452,0
1667,0.999685451164263,1
1668,0.001940956492059592,0
1669,1.0,1
1670,0.9838869473223406,1
1671,0.99992,1
1672,0.995,1
1673,0.99492,1
1674,0.99992,1
1675,0.22944848926263833,0
1676,0.00035241730279898223,0
1677,0.9587581579289073,1
1678,0.010297157622739018,0
1679,0.9996555660274942,1
1680,0.0015050236406619385,0
1681,0.996317812342403,1
1682,0.9469027500638947,1
1683,0.9991890245130622,1
1684,0.0001415565979320438,0
1685,0.9973469192499043,1
1686,0.9999422296412672,1
1687,0.14475248561277973,0
1688,0.7019429907012794,1
1689,0.9964621561756013,1
1690,0.00017857142857142857,0
1691,0.8600244131653472,1
1692,0.017248491323802403,0
1693,0.00016261659302896413,0
1694,0.13942148353168965,0
1695,0.0,0
1696,0.0,0
1697,0.00016261659302896413,0
1698,0.9999281846974469,1
1699,0.15315009943431618,0
1700,0.999390508993494,1
1701,0.015904907633823337,0
1702,0.0003996960486322188,0
1703,0.01636323449328281,0
1704,0.003169836227200069,0
1705,0.005333330855927276,0
1706,0.0631556384439267,0
1707,0.005833333333333334,0
1708,0.025599113628965626,0
1709,0.10004633259252825,0
1710,0.0006164060917222405,0
1711,0.000990990990990991,0
1712,0.9748659717106741,1
1713,0.15069723286117212,0
1714,0.0,0
1715,0.9999311393145287,1
1716,0.0,0
1717,0.994442786030458,1
1718,0.9499726047084297,1
1719,0.006,0
1720,0.010199001693700735,0
1721,0.00012247262846639494,0
1722,0.0,0
1723,0.00016373558010990657,0
1724,0.9893185647834002,1
1725,0.0,0
1726,0.9637210644404997,1
1727,0.9941305146502359,1
1728,0.9942219192499043,1
1729,0.8240638856093713,1
1730,0.0007862736406619386,0
1731,0.9497006861654854,1
1732,0.09358795714798764,0
1733,0.012525019617510711,0
1734,0.00012217675297080348,0
1735,0.9981951254248895,1
1736,0.15330566949560392,0
1737,0.0026557434813248766,0
1738,0.11583779150173167,0
1739,0.1712374678800737,0
1740,0.9987222710773483,1
1741,0.9999020583566433,1
1742,0.9952359867178343,1
1743,0.00017857142857142857,0
1744,0.05014928522790361,0
1745,0.09036855530909946,0
1746,0.000990990990990991,0
1747,0.014608228511530399,0
1748,0.9895232221675889,1
1749,0.0,0
1750,0.956942611298818,1
1751,0.0057767857142857135,0
1752,0.000990990990990991,0
1753,6.25e-05,0
1754,0.9998834763390928,1
1755,0.9911398430489468,1
1756,0.9987222710773483,1
1757,0.03561269666636094,0
1758,0.005340617903015726,0
1759,0.9590339309952957,1
1760,0.5225375040785291,0
1761,0.9970421733297509,1
1762,0.00016373558010990657,0
1763,0.9944483178410658,1
1764,0.0006531707976045934,0
1765,0.03514663076794934,0
1766,0.997761260951354,1
1767,0.9546773406694088,1
1768,0.11136911835254526,0
1769,0.8771833530161048,1
1770,0.8796075975647555,1
1771,0.9990086675955367,1
1772,0.9999751243781094,1
1773,0.9995728721462467,1
1774,0.9994895266665991,1
1775,0.02235861668119733,0
1776,0.9921637885384795,1
1777,0.5864283287829373,1
1778,0.023688603097004633,0
1779,0.9999441140519956,1
1780,0.0025,0
1781,1.0,1
1782,0.9996755905683385,1
1783,0.9997779547943841,1
1784,0.9995696214610509,1
1785,0.9998192771084337,1
1786,1.0,1
1787,1.0,1
1788,0.0,0
1789,1.0,1
1790,0.010820040176935273,0
1791,0.9996441288502135,1
1792,0.9998809523809524,1
1793,0.9849907578558225,1
1794,0.0,0
1795,1.9083969465648855e-05,0
1796,0.9997392771084337,1
1797,0.00101007496045664,0
1798,1.9083969465648855e-05,0
1799,0.005,0
1800,0.9999751243781094,1
1801,0.9987634964994452,1
1802,0.0035038156288156284,0
1803,0.0017101751423636946,0
1804,0.04180377448515653,0
1805,0.22683282898816326,0
1806,0.9288775161012316,1
1807,0.005019379844961241,0
1808,1.937984496124031e-05,0
1809,0.00035241482539292545,0
1810,0.9932269815602969,1
1811,0.9898003641175953,1
1812,0.005192307692307693,0
1813,0.000990990990990991,0
1814,1.9083969465648855e-05,0
1815,0.9995905089934941,1
1816,0.0,0
1817,0.9815927007114483,1
1818,0.799088155783916,1
1819,0.011959831989581515,0
1820,0.0010256410256410256,0
1821,0.00011488970588235295,0
1822,0.06662693587904611,0
1823,0.2212265815303448,0
1824,0.18773042227094738,0
1825,0.18439365792838994,0
1826,0.0,0
1827,0.9986435577739817,1
1828,0.18005953175923392,0
1829,0.0036625338397718965,0
1830,0.9975572044806471,1
1831,0.05139543311601342,0
1832,0.9006259336600513,1
1833,0.9872796578366461,1
1834,0.9995651002158568,1
1835,0.9899812776325941,1
1836,0.0001339736753480018,0
1837,0.011017522936413615,0
1838,0.9802115984064064,1
1839,0.0,0
1840,0.026782801418439715,0
1841,0.038718059230911324,0
1842,0.006079275078062721,0
1843,0.9458029824745019,1
1844,0.9999610794342891,1
1845,0.002698863636363636,0
1846,0.00012217675297080348,0
1847,0.007692307692307693,0
1848,0.9898834763390929,1
1849,0.1544120879120879,0
1850,0.005,0
1851,0.9891589696715682,1
1852,0.9808082885894112,1
1853,0.9804256244421954,1
1854,0.9955489450462549,1
1855,0.004286691961323654,0
1856,0.9963455722660732,1
1857,0.8040866627328777,1
1858,0.9977215540677905,1
1859,0.9955660674574766,1
1860,0.9865171109943403,1
1861,0.9912773535823763,1
1862,0.008947368421052631,0
1863,0.9772161041798831,1
1864,0.9981192046749269,1
1865,0.9999311393145287,1
1866,0.0,0
1867,0.00019795127353266888,0
1868,0.00029621066316638496,0
1869,0.9923959569026003,1
1870,0.9836546512987248,1
1871,0.0017399267399267398,0
1872,0.8076871771297217,1
1873,0.9994852493086149,1
1874,0.9965183018776355,1
1875,0.1676343555817841,0
1876,0.14515342867573985,0
1877,0.0701693843127032,0
1878,0.0,0
1879,0.9654230475332597,1
1880,0.9901081076108936,1
1881,0.9949065200670332,1
1882,0.9746258167140054,1
1883,0.9949743338337796,1
1884,0.0003493788819875776,0
1885,0.9703468078714366,1
1886,0.0,0
1887,0.01563304754144908,0
1888,0.971164313364612,1
1889,0.9924750876645928,1
1890,0.00016373558010990657,0
1891,0.9943073456039774,1
1892,0.9934661216305588,1
1893,0.0010256410256410256,0
1894,0.9740613346236033,1
1895,0.9971271607330742,1
1896,0.9822631089741529,1
1897,0.010192307692307691,0
1898,0.8746001247663199,1
1899,0.9997392771084337,1
1900,0.9946008999081728,1
1901,0.0,0
1902,0.9998100349642562,1
1903,0.0,0
1904,0.9998192771084337,1
1905,0.02619047619047619,0
1906,0.9999852216748769,1
1907,0.9257596811666114,1
1908,0.9199729657589392,1
1909,0.0006164060917222405,0
1910,0.940755247858598,1
1911,0.9998192771084337,1
1912,0.9948192771084337,1
1913,0.9477058186911127,1
1914,0.9899503831220149,1
1915,0.9998192771084337,1
1916,0.9998192771084337,1
1917,0.9997684578560014,1
1918,0.9941737666903182,1
1919,0.9999181250574988,1
1920,0.9883215173693014,1
1921,0.000990990990990991,0
1922,0.8775354923733701,1
1923,0.008501211527046873,0
1924,0.9913456768735771,1
1925,0.015055848675348003,0
1926,0.037022202039957264,0
1927,0.03862920402269195,0
1928,0.7807367812511585,1
1929,0.0,0
1930,0.3943175145769362,0
1931,0.970344480748082,1
1932,0.9841089876637118,1
1933,0.9800154438148525,1
1934,0.988686857325071,1
1935,0.994584837057962,1
1936,0.0,0
1937,0.46839728992885704,1
1938,0.08377605555134997,0
1939,1.9083969465648855e-05,0
1940,0.0,0
1941,0.001673906619385343,0
1942,0.9356144374184321,1
1943,0.13815376852940267,0
1944,0.7038837433595536,1
1945,0.05655389034235629,0
1946,0.023609458551621477,0
1947,0.009113092760689182,0
1948,0.0015050236406619385,0
1949,0.04418288796537694,0
1950,0.0,0
1951,0.0,0
1952,0.028867821183804154,0
1953,0.9990799174604618,1
1954,0.9999751243781094,1
1955,0.9999441140519956,1
1956,0.9332787179876436,1
1957,0.032318511386775224,0
1958,0.7411437913003672,1
1959,0.98752033825888,1
1960,0.00015193865773270826,0
1961,0.01390402705243106,0
1962,0.9998469192499043,1
1963,0.008301639553087194,0
1964,0.918270507218041,1
1965,0.9803850926346506,1
1966,0.00018067016754188547,0
1967,0.005602292429434736,0
1968,0.010437287978666008,0
1969,0.0,0
1970,0.0,0
1971,0.9992219192499043,1
1972,0.0,0
1973,0.02674063892998985,0
1974,0.0,0
1975,0.9982392310327216,1
1976,0.0023247863247863247,0
1977,0.1811127583968693,0
1978,0.9962904097223292,1
1979,0.9999751243781094,1
1980,0.00021533613445378152,0
1981,0.9985945984950717,1
1982,0.9751810919493336,1
1983,0.8932801344028911,1
1984,0.005019379844961241,0
1985,0.0,0
1986,0.9986316365845603,1
1987,0.8730994203629959,1
1988,0.05620320428222602,0
1989,0.9404888239735,1
1990,0.9824667438170135,1
1991,0.0005224867724867724,0
1992,0.9820283157099803,1
1993,0.0016862892842673843,0
1994,0.9981163091240945,1
1995,0.9925363662593837,1
1996,0.999800121196772,1
1997,1.937984496124031e-05,0
1998,0.0,0
1999,0.060629067262239024,0
2000,0.0007118055555555555,0
2001,0.005357142857142857,0
2002,0.9987354426753854,1
2003,0.006,0
2004,0.04877157119498946,0
2005,0.9996177317948042,1
2006,0.9738080197547135,1
2007,0.9986251356834721,1
2008,0.0,0
2009,0.9972669415035693,1
2010,0.000990990990990991,0
2011,0.0,0
2012,0.999907025380235,1
2013,0.0007282927342865007,0
2014,0.9801234103319139,1
2015,0.8988001246842211,1
2016,0.9082448211866213,1
2017,0.9999441140519956,1
2018,0.0,0
2019,0.9947448517417798,1
2020,0.99992,1
2021,0.9998350808213193,1
2022,0.9999852216748769,1
2023,0.0,0
2024,0.9897900131889178,1
2025,0.36477236652236655,0
2026,0.9998569319116518,1
2027,1.0,1
2028,0.08379094181532261,0
2029,0.9998192771084337,1
2030,0.015105586741512965,0
2031,1.0,1
2032,0.9999586776859505,1
2033,0.9998044987833106,1
2034,0.9997271355419519,1
2035,0.9944458345135807,1
2036,0.00024944350269394855,0
2037,0.008122472628466396,0
2038,0.04354497609670023,0
2039,0.15351034825155657,0
2040,0.9975176376323779,1
2041,0.8364165196372769,1
2042,0.09234346413985714,0
2043,0.0003960125830039015,0
2044,0.9891511432434354,1
2045,0.9588299937083942,1
2046,0.005,0
2047,0.9629316594278226,1
2048,0.1268527259085444,0
2049,1.9083969465648855e-05,0
2050,0.9318110191143044,1
2051,0.8004430502060091,1
2052,0.005294117647058823,0
2053,0.999389414434804,1
2054,0.994681704245232,1
2055,0.9947261889284776,1
2056,0.019467066546782593,0
2057,0.01948905992183255,0
2058,0.20958251548938076,0
2059,0.07560016129771731,0
2060,0.0,0
2061,0.050141870225300186,0
2062,0.9224636716781579,1
2063,0.03079038839431325,0
2064,0.0,0
2065,0.9379949671332848,1
2066,0.0028535980148883372,0
2067,0.0006180555555555555,0
2068,0.00019795127353266888,0
2069,0.00624731182795699,0
2070,0.9564010562274682,1
2071,0.14702663399128832,0
2072,0.005,0
2073,0.9945953166222925,1
2074,0.9999610794342891,1
2075,0.9918404969234358,1
2076,6.25e-05,0
2077,0.015036740213934575,0
2078,0.9999422296412672,1
2079,0.9933149738060382,1
2080,0.0,0
2081,0.0,0
2082,0.0257710028320856,0
2083,0.99948661113708,1
2084,0.8891245267334152,1
2085,0.9004036264708131,1
2086,0.005200597628466395,0
2087,0.9778745330335101,1
2088,0.9998469192499043,1
2089,0.0028876596624586946,0
2090,0.9823567976769145,1
2091,0.9965641516193238,1
2092,0.005512820512820513,0
2093,0.8362262662368617,1
2094,0.0,0
2095,0.9927786190366399,1
2096,0.9742837823742263,1
2097,0.947836836051966,1
2098,0.9988183986674408,1
2099,0.9353064908818076,1
2100,0.9987363160211686,1
2101,0.9718820307566065,1
2102,0.005313497492020064,0
2103,0.9896504687124383,1
2104,0.987407771895478,1
2105,5.555555555555556e-05,0
2106,0.9997868596965648,1
2107,0.9983938759014082,1
2108,0.005,0
2109,0.9961063670884005,1
2110,0.0016251999507813464,0
2111,0.007390354361989512,0
2112,0.00018067016754188547,0
2113,0.9998785077355812,1
2114,0.9911286649693968,1
2115,0.005820040176935273,0
2116,0.16305544464862148,0
2117,0.9886282297421427,1
2118,1.9083969465648855e-05,0
2119,0.9952623570623136,1
2120,0.9965447486971282,1
2121,0.9491672508242103,1
2122,0.9999610794342891,1
2123,0.9332173691522822,1
2124,0.9999441140519956,1
2125,0.99992,1
2126,0.9999168366817663,1
2127,0.01001937984496124,0
2128,0.9997392771084337,1
2129,0.9998749323675985,1
2130,0.004414882490463886,0
2131,0.0,0
2132,0.9995447192813471,1
2133,0.9736885952025273,1
2134,0.9961340207206049,1
2135,0.9999859550561797,1
2136,0.035,0
2137,0.9997300349642564,1
2138,0.0010208453180618636,0
2139,0.99992,1
2140,0.9999852216748769,1
2141,0.9999754299754301,1
2142,1.0,1
2143,0.9481345834667703,1
2144,0.9997260273972602,1
2145,1.0,1
2146,0.9948809523809524,1
2147,0.489691352058794,0
2148,0.9997670966420968,1
2149,0.9999852216748769,1
2150,0.6413791220631273,0
2151,1.937984496124031e-05,0
2152,0.9999852216748769,1
2153,1.0,1
2154,0.0005339309617997282,0
2155,0.015191922259620027,0
2156,0.0007309161923940125,0
2157,0.9950095477895887,1
2158,0.999996254681648,1
2159,1.0,1
2160,0.9169083447820031,1
2161,0.9965632052311532,1
2162,0.006815605466440812,0
2163,0.9929694766851513,1
2164,0.034908077915437236,0
2165,0.9999751243781094,1
2166,0.1154671733097175,0
2167,0.0001415565979320438,0
2168,0.9959636876210854,1
2169,0.0025806451612903226,0
2170,0.9933689903155983,1
2171,0.0,0
2172,0.005,0
2173,0.9993218803300812,1
2174,0.0050625,0
2175,0.9998140245130622,1
2176,0.004354673253935782,0
2177,0.9705301867826455,1
2178,0.7874965116595116,1
2179,0.25084388766143567,0
2180,0.03310138257909338,0
2181,0.016406593406593405,0
2182,0.000990990990990991,0
2183,0.005835628131536419,0
2184,0.06616827085819559,0
2185,0.9999751243781094,1
2186,0.9875577142779295,1
2187,0.9916000358725923,1
2188,0.9702379292217413,1
2189,0.4789780592646029,0
2190,0.0026363636363636363,0
2191,0.9999422296412672,1
2192,0.9965204228651647,1
2193,0.9628257387170048,1
2194,0.00023006365773270822,0
2195,0.008227394479653722,0
2196,0.037516132867831155,0
2197,0.9999422296412672,1
2198,0.06353040113441226,0
2199,0.0235388612412178,0
2200,0.9976110271450485,1
2201,0.0004150965524695503,0
2202,0.05663613439557471,0
2203,0.0,0
2204,0.9808188931676172,1
2205,0.9998834763390928,1
2206,0.06948744528477863,0
2207,0.9999751243781094,1
2208,0.0,0
2209,0.9982436325443159,1
2210,0.9912414505517851,1
2211,0.9880069436810731,1
2212,0.0,0
2213,0.9927054653850764,1
2214,0.9954871754518665,1
2215,0.06540419524001613,0
2216,0.997100323329458,1
2217,0.005525641025641026,0
2218,0.996262036966629,1
2219,0.012533930961799729,0
2220,0.9829684680269652,1
2221,0.9743761536923427,1
2222,0.00016373558010990657,0
2223,0.004423076923076923,0
2224,0.0,0
2225,0.9693147784746908,1
2226,0.011271121351766514,0
2227,0.9636754406538947,1
2228,0.045694678237837155,0
2229,8.064516129032258e-05,0
2230,0.9966768246215295,1
2231,0.0,0
2232,0.9994036775949995,1
2233,0.9872527394592759,1
2234,0.9647283832411304,1
2235,0.12337481883531687,0
2236,0.9949610794342891,1
2237,0.00017857142857142857,0
2238,0.005019083969465649,0
2239,0.0020174165457184324,0
2240,0.9986625431155589,1
2241,0.0,0
2242,0.9806654044648577,1
2243,0.9999441140519956,1
2244,0.9987900857505498,1
2245,0.9871943278477506,1
2246,0.005,0
2247,0.9998661740558293,1
2248,0.9992758532077578,1
2249,0.011830402246776572,0
2250,0.005036764705882353,0
2251,0.9996441288502135,1
2252,0.9997687126502067,1
2253,0.9999581589958159,1
2254,0.9999581589958159,1
2255,0.9996979547943842,1
2256,0.9995763298836029,1
2257,0.9895684386775705,1
2258,0.1441734234719529,0
2259,0.9892927033834528,1
2260,1.0,1
2261,0.9997673876166242,1
2262,1.0,1
2263,0.9979129213483147,1
2264,0.9999491807475678,1
2265,1.0,1
2266,0.9997205290903447,1
2267,1.0,1
2268,0.11481587424576772,0
2269,0.9994960955600763,1
2270,0.0001328546882670594,0
2271,0.9926378831220148,1
2272,0.9997499999999999,1
2273,1.0,1
2274,1.0,1
2275,0.9999491807475678,1
2276,1.0,1
2277,0.9996801558376273,1
2278,1.0,1
2279,1.9083969465648855e-05,0
2280,0.0025,0
2281,0.0017333578388975378,0
2282,0.11254977609767579,0
2283,0.005333333333333333,0
2284,0.00019349748487181132,0
2285,0.0001923076923076923,0
2286,0.9849664409865785,1
2287,0.005574529390539113,0
2288,0.0629152871898916,0
2289,0.00018067016754188547,0
2290,0.9905844716218744,1
2291,0.0,0
2292,0.007239926739926741,0
2293,0.038507482625212544,0
2294,0.0,0
2295,0.0,0
2296,0.00223992673992674,0
2297,0.000990990990990991,0
2298,0.0001328546882670594,0
2299,0.003914728682170542,0
2300,0.998976836618864,1
2301,0.051019945774629864,0
2302,0.012390322657833725,0
2303,0.0005535594807975378,0
2304,0.9999751243781094,1
2305,0.012340516179456466,0
2306,9.75048449612403e-05,0
2307,0.9900453482793837,1
2308,0.00015193865773270826,0
2309,0.003885976021614319,0
2310,0.019938053587159194,0
2311,0.9941620674856319,1
2312,0.1637799876709213,0
2313,0.9945715173693014,1
2314,0.9999441140519956,1
2315,0.005,0
2316,0.005,0
2317,0.006588624395400172,0
2318,0.0405913898823702,0
2319,0.05750703223159679,0
2320,0.9841918134066772,1
2321,0.979293816812192,1
2322,0.8238935947761956,1
2323,0.004382280814469367,0
2324,0.9937251243781094,1
2325,0.9999610794342891,1
2326,0.9968709374471908,1
2327,0.01,0
2328,0.9999581589958159,1
2329,0.0,0
2330,0.005,0
2331,0.0,0
2332,0.9030721198124406,1
2333,0.997414510734613,1
2334,0.00020059762846639492,0
2335,0.9316677779047419,1
2336,0.9805323744322891,1
2337,0.8129971830612416,1
2338,0.00021968159793204383,0
2339,0.975735806867598,1
2340,0.9919385078697287,1
2341,0.010019083969465648,0
2342,0.0,0
2343,0.027459482310922496,0
2344,0.9957455930123562,1
2345,0.9913063635706698,1
2346,0.9923490233226013,1
2347,0.0062448144673754435,0
2348,0.9700242416503722,1
2349,0.0,0
2350,0.9890304568949803,1
2351,0.9994883726592303,1
2352,0.8896918984498221,1
2353,0.9859526052299136,1
2354,0.9971105598603895,1
2355,0.005385334647707645,0
2356,0.9920450470522358,1
2357,0.0,0
2358,0.9482200882030932,1
2359,0.001098748899646444,0
2360,0.0,0
2361,0.9321416265977327,1
2362,0.009701492537313432,0
2363,0.9778063224512958,1
2364,0.9993144621090463,1
2365,0.000990990990990991,0
2366,0.0001339736753480018,0
2367,0.9996652310700841,1
2368,0.9868119483000425,1
2369,0.9999907578558225,1
2370,1.0,1
2371,1.0,1
2372,0.9998192771084337,1
2373,0.9999639966171319,1
2374,0.9999759795306994,1
2375,0.5830648021963811,1
2376,0.986423972924382,1
2377,1.0,1
2378,0.9995969202662942,1
2379,1.0,1
2380,0.9999852216748769,1
2381,1.0,1
2382,0.9999852216748769,1
2383,0.9995684386775704,1
2384,0.9995554093728903,1
2385,0.9999769585253456,1
2386,0.9946378831220148,1
2387,0.9999722222222222,1
2388,1.0,1
2389,0.9997392771084337,1
2390,0.9996837546816479,1
2391,0.02688200280112045,0
2392,0.999996254681648,1
2393,0.003085435591429358,0
2394,1.0,1
2395,0.9545117908941521,1
2396,0.0006164060917222405,0
2397,0.0,0
2398,0.9999754299754301,1
2399,1.0,1
2400,0.009644507063397742,0
2401,0.005019083969465649,0
2402,0.16434432522383313,0
2403,0.0019933510638297874,0
2404,0.9602482245490076,1
2405,0.81944890794031,1
2406,0.001974059620188458,0
2407,0.01867152961980548,0
2408,0.9999751243781094,1
2409,0.022496747675477505,0
2410,0.9929872510291661,1
2411,0.00044834816701869493,0
2412,0.932811379738546,1
2413,0.0,0
2414,0.870636853739526,1
2415,0.9929910553783542,1
2416,0.0021325814073804403,0
2417,0.0,0
2418,0.0,0
2419,0.26424244239435907,0
2420,0.00538614358786993,0
2421,0.0,0
2422,0.9886458667349797,1
2423,0.011363473691397069,0
2424,0.005329200506438564,0
2425,0.9830219433243751,1
2426,0.00015193865773270826,0
2427,0.9967125135873044,1
2428,0.005909090909090909,0
2429,0.9942319675402316,1
2430,0.1285309151046527,0
2431,0.9634771571157718,1
2432,0.9999751243781094,1
2433,0.017354737534923705,0
2434,0.9999441140519956,1
2435,0.017654418751979727,0
2436,0.017772670348673344,0
2437,0.004461084783055621,0
2438,0.055516898978866525,0
2439,0.005019379844961241,0
2440,0.7914083689016996,1
2441,0.2572288516206315,0
2442,0.9921320095057754,1
2443,0.9991919791301439,1
2444,0.6946051077948927,1
2445,0.0027496016656611854,0
2446,0.008149895178197065,0
2447,0.005532200357781753,0
2448,0.0,0
2449,0.7581906271373203,1
2450,0.007075580850212542,0
2451,0.992073493431257,1
2452,0.979320924391896,1
2453,0.8254342597485826,1
2454,0.9927021665699836,1
2455,0.0011251999507813461,0
2456,0.9900086451779961,1
2457,0.9585997760632894,1
2458,0.9678223553792834,1
2459,0.15619915920607164,0
2460,0.9993518204498416,1
2461,0.9985517310327217,1
2462,0.9689063676020259,1
2463,0.9401969756157613,1
2464,0.9145506017379733,1
2465,0.005192307692307693,0
2466,0.10035327608847452,0
2467,0.0,0
2468,0.14512488227994053,0
2469,0.7914264104811789,1
2470,0.0,0
2471,0.9999751243781094,1
2472,0.9934257167580144,1
2473,0.980669164024203,1
2474,0.9736763990355439,1
2475,0.999832874306084,1
2476,0.0003226529206310207,0
2477,0.9974045706712125,1
2478,0.00012217675297080348,0
2479,0.9922165121482395,1
2480,0.0,0
2481,0.9999610794342891,1
2482,0.9999610794342891,1
2483,0.0010392250901226344,0
2484,0.9994533993996471,1
2485,1.0,1
2486,0.9997499999999999,1
2487,0.99992,1
2488,0.9995450514364809,1
2489,0.9654829545454545,1
2490,0.9220267919823222,1
2491,0.020351766513056833,0
2492,0.9999852216748769,1
2493,0.9999639966171319,1
2494,0.9999754299754301,1
2495,0.9949754299754301,1
2496,1.0,1
2497,0.9999852216748769,1
2498,1.0,1
2499,0.999996254681648,1
2500,0.9999852216748769,1
2501,0.9999907578558225,1
2502,1.0,1
2503,1.0,1
2504,0.013932004373928148,0
2505,0.0004696815979320439,0
2506,1.0,1
2507,0.9996143102372035,1
2508,1.0,1
2509,0.9999852216748769,1
2510,0.0,0
2511,1.0,1
2512,0.994996254681648,1
2513,0.9995522660818713,1
2514,0.9999618320610686,1
2515,1.0,1
2516,0.0,0
2517,1.0,1
2518,1.0,1
2519,0.9998436990322932,1
2520,0.9756407061519512,1
2521,0.001485813116607167,0
2522,0.005242066168004721,0
2523,0.012949683883185263,0
2524,0.9952833384175875,1
2525,0.005907467211996189,0
2526,0.0017628205128205126,0
2527,0.9863044945671042,1
2528,0.0,0
2529,0.999945184258349,1
2530,0.9960183283818709,1
2531,0.9983295088104995,1
2532,0.006,0
2533,0.005,0
2534,0.9964497298576425,1
2535,0.9946439619771023,1
2536,0.9915645324589291,1
2537,0.0006164060917222405,0
2538,0.9985463069268512,1
2539,0.9918623616142831,1
2540,0.9905703726147975,1
2541,0.9969417305362487,1
2542,0.9926844071019917,1
2543,0.9255414120570014,1
2544,0.0,0
2545,0.05798267285202217,0
2546,1.9083969465648855e-05,0
2547,0.2900969045445341,0
2548,0.09471836238598234,0
2549,0.0,0
2550,0.012180712469652653,0
2551,0.0007674287619280885,0
2552,0.9865222782883696,1
2553,0.9999610794342891,1
2554,0.005038463814426889,0
2555,0.9999751243781094,1
2556,0.10639101971145548,0
2557,0.0,0
2558,1.9083969465648855e-05,0
2559,0.04355886530210404,0
2560,0.9805214436894734,1
2561,0.9876208529493056,1
2562,0.0,0
2563,0.0003132016165244724,0
2564,0.7794248745032668,1
2565,4.2553191489361704e-05,0
2566,0.0003351648351648352,0
2567,0.0,0
2568,0.999540128699608,1
2569,0.9962941415563529,1
2570,0.9168048114560376,1
2571,0.9995905089934941,1
2572,0.009329245152813016,0
2573,0.9764904226721417,1
2574,0.004674908424908425,0
2575,0.9860208964348384,1
2576,0.9999441140519956,1
2577,0.9998192771084337,1
2578,0.09153377630121814,0
2579,0.9922740567552683,1
2580,0.00021968159793204383,0
2581,0.9984097710773483,1
2582,0.9442889558913875,1
2583,0.08276241788766768,0
2584,0.8182126743976426,1
2585,0.3702842667629693,0
2586,1.9083969465648855e-05,0
2587,0.9108429665931159,1
2588,0.05535467980295567,0
2589,0.9943855418823635,1
2590,0.9768289031841749,1
2591,0.9856247593659636,1
2592,0.9744749665290752,1
2593,0.963607373941164,1
2594,0.0007895139822214353,0
2595,0.9918121557127535,1
2596,0.007820861906682802,0
2597,0.8955025095483268,1
2598,0.006798734556617776,0
2599,0.0002861111792003117,0
2600,0.9899082520633137,1
2601,0.0,0
2602,0.9996177317948042,1
2603,0.8031704349959007,0
2604,0.0,0
2605,0.9997779547943841,1
2606,0.0,0
2607,0.15254325821237585,0
2608,1.0,1
2609,0.0,0
2610,1.0,1
2611,0.0,0
2612,0.15711757662835246,0
2613,0.9998381628513474,1
2614,0.9536010661222803,1
2615,0.0005339309617997282,0
2616,0.9989066285819412,1
2617,0.06869817540212277,0
2618,1.0,1
2619,0.9898679093728903,1
2620,0.9999759795306994,1
2621,1.0,1
2622,0.9996837546816479,1
2623,1.0,1
2624,0.9999639966171319,1
2625,1.0,1
2626,0.00011658881442688916,0
2627,1.0,1
2628,1.0,1
2629,0.9937809769038702,1
2630,0.9997713483427769,1
2631,0.9999759795306994,1
2632,0.0,0
2633,0.005753968253968254,0
2634,1.0,1
2635,0.9999852216748769,1
2636,0.9999852216748769,1
2637,0.9999759795306994,1
2638,1.0,1
2639,1.0,1
2640,0.0003996960486322188,0
2641,0.0001328546882670594,0
2642,0.9880158669987504,1
2643,0.9980966217599198,1
2644,0.0,0
2645,0.00893340035828105,0
2646,0.9999751243781094,1
2647,0.1267579365079365,0
2648,0.01433902987254481,0
2649,0.1635081100054125,0
2650,0.0,0
2651,0.010369814467375442,0
2652,0.01017750677506775,0
2653,0.0,0
2654,0.9944340308991485,1
2655,0.32760633948521245,0
2656,0.9993305948092054,1
2657,0.9999441140519956,1
2658,0.012286866359447004,0
2659,0.9975731114031008,1
2660,0.8593663916562767,1
2661,0.9998834763390928,1
2662,0.0034276729559748424,0
2663,0.9524369327211004,1
2664,0.8195170117954274,1
2665,0.005409845667728886,0
2666,0.00036501483368536145,0
2667,0.9769004221954255,1
2668,0.9922688371449927,1
2669,0.09815674040296668,0
2670,0.9639154476540184,1
2671,0.09136788598399063,0
2672,0.997564864402691,1
2673,0.002162236987818383,0
2674,0.9892155567300916,1
2675,0.0,0
2676,0.001244814467375443,0
2677,0.0,0
2678,0.0001713185026939486,0
2679,0.7575650236854998,1
2680,0.0,0
2681,0.9992898949964519,1
2682,0.0,0
2683,0.05201149873029452,0
2684,0.023779903360458644,0
2685,0.0,0
2686,0.00012247262846639494,0
2687,0.04834878980601734,0
2688,0.8646020288236461,1
2689,0.844501332739342,1
2690,0.9507343623127763,1
2691,0.9889451272675827,1
2692,0.0,0
2693,0.9120999124654321,1
2694,0.9999441140519956,1
2695,0.9892048027084139,1
2696,0.9995915242683333,1
2697,0.0983745670995671,0
2698,0.9883697937617871,1
2699,0.9984265749378355,1
2700,0.9838052915702274,1
2701,0.9999610794342891,1
2702,0.0001415565979320438,0
2703,0.0,0
2704,0.9871327184899572,1
2705,0.9988785716104194,1
2706,0.0001415565979320438,0
2707,0.0005341720674244492,0
2708,0.0,0
2709,0.004326725258913811,0
2710,0.9982711495477051,1
2711,0.9790790561793306,1
2712,0.19137189496651985,0
2713,0.8469836636959194,1
2714,0.0,0
2715,8.064516129032258e-05,0
2716,0.9708180637710565,1
2717,0.9928536603396413,1
2718,0.9945782591760965,1
2719,0.0,0
2720,0.998589325017684,1
2721,0.9881691676294233,1
2722,0.9999433806706928,1
2723,0.9998396300669029,1
2724,0.9897205687444733,1
2725,0.9542139313319873,1
2726,0.000990990990990991,0
2727,0.005905393457117595,0
2728,0.06495649676678399,0
2729,0.9999754299754301,1
2730,1.0,1
2731,1.0,1
2732,0.0,0
2733,0.9998192771084337,1
2734,1.0,1
2735,0.9999907578558225,1
2736,1.0,1
2737,1.0,1
2738,1.0,1
2739,1.9083969465648855e-05,0
2740,0.9975408975387907,1
2741,0.7645509971008869,1
2742,0.0435945895814613,0
2743,0.014447699270143383,0
2744,1.0,1
2745,1.0,1
2746,0.9999769585253456,1
2747,0.0010793690546852036,0
2748,1.0,1
2749,0.9997670966420968,1
2750,0.9996378831220148,1
2751,0.9999759795306994,1
2752,0.9443006394978678,1
2753,0.9985984833638184,1
2754,1.0,1
2755,0.6743184523809523,0
2756,1.0,1
2757,1.0,1
2758,0.9999907578558225,1
2759,0.000990990990990991,0
2760,0.00028640705469590316,0
2761,0.0,0
2762,0.9570257858456305,1
2763,0.8911949379003776,1
2764,0.0,0
2765,0.9999311393145287,1
2766,0.9405490904044117,1
2767,0.007841864375116758,0
2768,0.12992105730554496,0
2769,0.9737111651301213,1
2770,0.0,0
2771,0.0,0
2772,0.9824651718625911,1
2773,0.09691430419357275,0
2774,0.870586542785172,1
2775,0.08609345791576596,0
2776,0.0,0
2777,0.00017857142857142857,0
2778,0.9133066589156331,1
2779,0.005295590091854948,0
2780,0.0,0
2781,0.9999084478553416,1
2782,0.9999751243781094,1
2783,0.9934286773831892,1
2784,0.983718997079127,1
2785,0.0029120879120879115,0
2786,0.9998914824730483,1
2787,0.01446933962264151,0
2788,0.982695089537552,1
2789,0.9864496618858303,1
2790,0.9872495791450747,1
2791,0.9999610794342891,1
2792,0.9756340327071276,1
2793,0.02057533357748512,0
2794,0.128765929039333,0
2795,0.9411423153520682,1
2796,0.0,0
2797,0.159278021971285,0
2798,0.9903029650154095,1
2799,0.005,0
2800,0.9860915179412197,1
2801,0.9948694313952725,1
2802,0.9989059304439278,1
2803,0.9989000632287315,1
2804,0.3885451147710866,0
2805,0.9999751243781094,1
2806,0.9883309516993602,1
2807,0.0004920689205914924,0
2808,0.9472381630382872,1
2809,0.9953425260896782,1
2810,0.019372686275988163,0
2811,0.9630667151308674,1
2812,0.9988516903502855,1
2813,0.00038614358786993056,0
2814,0.9793527446495741,1
2815,0.9872941538347704,1
2816,0.8858377666666363,1
2817,0.000990990990990991,0
2818,0.005,0
2819,0.010826302460498507,0
2820,0.9906239072110132,1
2821,0.0,0
2822,0.9970615596282042,1
2823,0.01176923076923077,0
2824,0.1175915621022004,0
2825,0.9906823733496669,1
2826,0.9893699006334283,1
2827,0.0007997119370849351,0
2828,0.6752700304385216,1
2829,0.0,0
2830,0.9191767761634375,1
2831,0.9767224167137407,1
2832,0.0004150965524695503,0
2833,0.10095927055703095,0
2834,0.9932187029005722,1
2835,0.9999751243781094,1
2836,0.99643561694201,1
2837,0.0,0
2838,0.9999581589958159,1
2839,0.9711949603788029,1
2840,0.6822248292641081,0
2841,0.9983032088414941,1
2842,1.0,1
2843,0.99992,1
2844,0.9997779547943841,1
2845,0.9830980663496399,1
2846,0.999763176469261,1
2847,0.716058463557945,1
2848,1.0,1
2849,0.999996254681648,1
2850,1.0,1
2851,0.8618768311914543,1
2852,0.0006184072543334773,0
2853,1.0,1
2854,0.0004852719910660416,0
2855,1.0,1
2856,0.008476495726495727,0
2857,0.0175,0
2858,0.03246844919786097,0
2859,0.004728393053974449,0
2860,1.0,1
2861,0.9718369217975517,1
2862,1.0,1
2863,1.0,1
2864,0.999996254681648,1
2865,0.9999372620364987,1
2866,0.9999372620364987,1
2867,1.0,1
2868,0.6495978770893245,0
2869,0.9998001762502754,1
2870,1.0,1
2871,1.0,1
2872,1.0,1
2873,0.9915934769038701,1
2874,1.0,1
2875,0.9996478977731111,1
2876,0.9997670966420968,1
2877,0.222380251665679,0
2878,0.9999476521976522,1
2879,0.0011111111111111111,0
2880,0.06328874402841428,0
2881,0.9960353819145632,1
2882,0.002304147465437788,0
2883,1.9083969465648855e-05,0
2884,0.0,0
2885,0.9824700598802396,1
2886,0.31624134572363904,0
2887,0.00637155951996353,0
2888,0.998980149829074,1
2889,0.9813130753632331,1
2890,0.024187822213147293,0
2891,0.9903473146652324,1
2892,0.9877723038083078,1
2893,0.994822365516061,1
2894,0.005820040176935273,0
2895,0.9999751243781094,1
2896,0.9131695916991148,1
2897,0.012667237534923706,0
2898,0.17869281594303907,0
2899,0.0,0
2900,0.0014976100389843651,0
2901,0.9790183467689966,1
2902,0.005,0
2903,0.06724953599540355,0
2904,0.9605187683867513,1
2905,0.000990990990990991,0
2906,0.9894865208338242,1
2907,0.0002866473149492017,0
2908,0.0,0
2909,0.010357142857142856,0
2910,0.0069754842858291135,0
2911,0.000990990990990991,0
2912,0.9888003689348297,1
2913,0.9999610794342891,1
2914,0.0010625,0
2915,0.9879150696506172,1
2916,0.9922707653497362,1
2917,0.9942961002014344,1
2918,0.05754493291197562,0
2919,0.0,0
2920,0.011182749912331242,0
2921,0.9818724360681489,1
2922,0.9988286683111776,1
2923,0.005178571428571429,0
2924,0.7572955534957501,1
2925,0.9999610794342891,1
2926,0.991759783569624,1
2927,0.9873297038722173,1
2928,0.9987843984614707,1
2929,0.9342469199631117,1
2930,0.9997684578560014,1
2931,0.999336876705262,1
2932,0.01,0
2933,0.9878503554436807,1
2934,0.9908124480103918,1
2935,0.0,0
2936,0.9953404209497685,1
2937,0.940829935174224,1
2938,0.9917522014812653,1
2939,0.0,0
2940,0.030304188107489995,0
2941,0.9784219043761663,1
2942,0.035650732869158694,0
2943,0.9902420123903903,1
2944,0.9896658963694769,1
2945,0.00023006365773270822,0
2946,0.9971546728369458,1
2947,0.9977467801834081,1
2948,0.08342090504741181,0
2949,0.9933464607719883,1
2950,0.9999610794342891,1
2951,0.9803075082025727,1
2952,0.9955966774791574,1
2953,0.9302928208191585,1
2954,0.9999293357268725,1
2955,0.9942066177847425,1
2956,0.9998928162124657,1
2957,0.9999433806706928,1
2958,0.5898772070626004,1
2959,0.9999581589958159,1
2960,0.005161290322580645,0
2961,0.30667597442570815,0
2962,0.9264370457964053,1
2963,0.99992,1
2964,0.99992,1
2965,1.0,1
2966,0.9998192771084337,1
2967,1.0,1
2968,1.0,1
2969,1.0,1
2970,0.9978533975387908,1
2971,0.00046842650103519665,0
2972,0.9999852216748769,1
2973,0.9999852216748769,1
2974,0.999996254681648,1
2975,0.0,0
2976,0.9999852216748769,1
2977,0.0,0
2978,1.0,1
2979,1.0,1
2980,0.9999639966171319,1
2981,0.1649184118994764,0
2982,0.9999759795306994,1
2983,0.9999852216748769,1
2984,1.0,1
2985,1.0,1
2986,0.0,0
2987,0.9999754299754301,1
2988,1.0,1
2989,0.9999852216748769,1
2990,0.0338340874811463,0
2991,1.0,1
2992,1.0,1
2993,0.9949268102372035,1
2994,0.0051339736753480015,0
2995,1.0,1
2996,0.0,0
2997,0.9998679093728903,1
2998,0.7270417048955251,1
2999,1.0,1
3000,0.9950345412035265,1
3001,0.9980728632035926,1
3002,0.0050625,0
3003,0.9819618030953694,1
3004,0.9803155070873195,1
3005,0.9998785077355812,1
3006,0.99431126400697,1
3007,0.0,0
3008,0.9363024374588956,1
3009,0.000990990990990991,0
3010,0.10483825824339611,0
3011,0.005,0
3012,0.005,0
3013,0.013578707176794198,0
3014,0.03624227290060787,0
3015,0.016068278180083467,0
3016,0.9894157429377344,1
3017,0.013989034436351487,0
3018,0.005,0
3019,0.9856131293448449,1
3020,0.0004908005453295229,0
3021,0.050481408004812,0
3022,0.9915328871187163,1
3023,0.8039041011287761,1
3024,0.0,0
3025,0.005121951219512195,0
3026,0.9980448720013599,1
3027,0.8636459199592643,1
3028,0.9977681593182812,1
3029,0.9602077992991547,1
3030,0.007746420246420246,0
3031,0.8205211422435177,1
3032,0.998761743696056,1
3033,0.00027428982539292544,0
3034,0.0,0
3035,0.0001923076923076923,0
3036,0.014138890545772697,0
3037,0.9999610794342891,1
3038,0.000990990990990991,0
3039,0.8329322727776991,1
3040,0.00018067016754188547,0
3041,0.999945184258349,1
3042,0.0038989268809509117,0
3043,0.02840232202259304,0
3044,0.988549561281845,1
3045,0.976358909311833,1
3046,0.2637822892129385,0
3047,0.049073270504257964,0
3048,0.15160078548813186,0
3049,0.0001923076923076923,0
3050,0.009250041377027474,0
3051,0.8869056691199471,1
3052,0.032455465587044534,0
3053,0.23031675500225976,0
3054,0.9934680323308173,1
3055,0.9998834763390928,1
3056,0.9840870473066522,1
3057,1.9083969465648855e-05,0
3058,0.0,0
3059,0.9949084478553416,1
3060,0.0,0
3061,3.676470588235294e-05,0
3062,0.978701990624344,1
3063,0.9128056160728575,1
3064,0.9872510276588846,1
3065,0.03023719676549865,0
3066,0.0,0
3067,0.9938884771390236,1
3068,0.031936691961323656,0
3069,0.9940957395984562,1
3070,0.9932194694668308,1
3071,0.9758019823163024,1
3072,0.05239302594249328,0
3073,0.007828671328671329,0
3074,0.9999246107229979,1
3075,0.9988786776859506,1
3076,0.99992,1
3077,0.0005281917905647884,0
3078,0.012416590275525217,0
3079,0.9997861740558294,1
3080,0.9998150909074677,1
3081,0.9999859550561797,1
3082,0.009484285426209202,0
3083,0.9994216411068506,1
3084,0.9999581589958159,1
3085,0.9998928162124657,1
3086,0.9996378831220148,1
3087,0.0,0
3088,0.9999769585253456,1
3089,0.9017211976133737,1
3090,0.999996254681648,1
3091,0.9999852216748769,1
3092,0.999996254681648,1
3093,1.0,1
3094,1.937984496124031e-05,0
3095,1.0,1
3096,1.0,1
3097,0.00015193865773270826,0
3098,0.0,0
3099,0.999996254681648,1
3100,0.008055848675348,0
3101,0.9999759795306994,1
3102,1.0,1
3103,0.994996254681648,1
3104,0.8870443910138128,1
3105,0.999996254681648,1
3106,0.9999907578558225,1
3107,0.0,0
3108,0.9998714725628145,1
3109,1.0,1
3110,1.0,1
3111,0.20268592923642775,0
3112,0.9999852216748769,1
3113,5.584867534800179e-05,0
3114,0.0803592394821281,0
3115,1.0,1
3116,0.9999852216748769,1
3117,0.0,0
3118,0.9601356219912585,1
3119,0.8413462133489327,1
3120,0.01117445054945055,0
3121,0.005,0
3122,0.0,0
3123,0.9803468905127863,1
3124,0.9979965378352567,1
3125,0.979610222002331,1
3126,0.9892086546770318,1
3127,0.00042307919904227385,0
3128,0.9999610794342891,1
3129,0.985375970613878,1
3130,0.9923406618719076,1
3131,0.9969477817713461,1
3132,0.9986461167954844,1
3133,0.9310357495791207,1
3134,0.010302672955974843,0
3135,0.9200343309621474,1
3136,0.9741163879795944,1
3137,0.9946633196601414,1
3138,0.4031047649302599,0
3139,0.000990990990990991,0
3140,0.020754232033981565,0
3141,0.9995905089934941,1
3142,0.9636616983539426,1
3143,0.9883805475565611,1
3144,0.0026363636363636363,0
3145,0.7591105217507835,1
3146,0.9999751243781094,1
3147,0.9856711103877707,1
3148,0.9988645266665991,1
3149,0.9457594794198567,1
3150,0.9722668979724264,1
3151,0.0,0
3152,0.9612995376152382,1
3153,0.3534816558807431,0
3154,0.7550357054654299,1
3155,0.8510850894798283,1
3156,0.9969297636874827,1
3157,0.0,0
3158,0.9984239311410302,1
3159,0.0010279358238441119,0
3160,0.024718711326865567,0
3161,0.0,0
3162,0.06740382856463455,0
3163,0.12100162996268465,0
3164,0.005,0
3165,0.9440006075673908,1
3166,0.9999610794342891,1
3167,0.00020059762846639492,0
3168,0.9983880312138002,1
3169,0.9464310047339413,1
3170,0.9946945250380693,1
3171,0.0879947450446438,0
3172,0.0030897776730829628,0
3173,0.0005133133082170858,0
3174,1.9083969465648855e-05,0
3175,0.0076363636363636364,0
3176,0.9369676343923687,1
3177,0.9898880365805184,1
3178,0.9798172506825454,1
3179,0.9980116810551835,1
3180,0.0001328546882670594,0
3181,8.064516129032258e-05,0
3182,0.0009090909090909091,0
3183,0.015310720497423925,0
3184,0.9531607794424495,1
3185,0.9716611888087805,1
3186,0.10343747985170858,0
3187,0.007235890779795207,0
3188,0.9932253595663758,1
3189,0.9998100349642562,1
3190,0.0009897360703812316,0
3191,0.9999610794342891,1
3192,0.9999441140519956,1
3193,0.0932895299145299,0
3194,0.9965352952978944,1
3195,0.9991131716622995,1
3196,0.9999581589958159,1
3197,1.0,1
3198,0.0004150965524695503,0
3199,0.9469333982997629,1
3200,0.9878845234452579,1
3201,0.9996788794155071,1
3202,0.0005495852187028657,0
3203,0.9999441140519956,1
3204,0.998085153377525,1
3205,0.9997392771084337,1
3206,0.9999852216748769,1
3207,1.0,1
3208,0.9996837546816479,1
3209,0.9999491807475678,1
3210,0.0002849677606891813,0
3211,0.9999759795306994,1
3212,0.0009015532271346224,0
3213,0.9999759795306994,1
3214,0.08579421249248836,0
3215,0.00015193865773270826,0
3216,0.010197951273532669,0
3217,0.0,0
3218,1.0,1
3219,0.9999852216748769,1
3220,0.9937847222222222,1
3221,0.0009550318835544554,0
3222,0.0006668572488178756,0
3223,0.0,0
3224,0.01544172932330827,0
3225,1.0,1
3226,0.9226704754556867,1
3227,0.9889109833638184,1
3228,0.00023006365773270822,0
3229,0.22083120804912906,0
3230,1.0,1
3231,0.9999491807475678,1
3232,0.9285415567955053,1
3233,0.0,0
3234,0.999996254681648,1
3235,0.11181482396220029,0
3236,0.04788843645045935,0
3237,1.0,1
3238,1.0,1
3239,1.0,1
3240,0.9234274068185825,1
3241,0.9791262557809048,1
3242,0.9905264352479487,1
3243,0.9607970730377832,1
3244,0.9985851032858722,1
3245,0.005,0
3246,0.9235717859876007,1
3247,0.952210200886462,1
3248,0.9980208996110024,1
3249,0.9933949556044794,1
3250,0.06516712383075285,0
3251,0.00582646979246244,0
3252,0.9546181680200446,1
3253,0.0005153297713235377,0
3254,0.0039953738434608645,0
3255,0.0007191192700168142,0
3256,0.9250504831320272,1
3257,0.006927672955974843,0
3258,0.02925531464853125,0
3259,0.9993735192588639,1
3260,0.010161290322580644,0
3261,0.9550744516909139,1
3262,0.8590012205845897,1
3263,0.0,0
3264,0.9962944383483812,1
3265,0.0,0
3266,0.9994533993996471,1
3267,0.9648330854337417,1
3268,0.9599473813956078,1
3269,0.962200331462049,1
3270,0.005618055555555556,0
3271,0.0,0
3272,0.9939009151419461,1
3273,0.1092251458033593,0
3274,0.9985055039112648,1
3275,0.9969489577600866,1
3276,0.9977274614919964,1
3277,0.23083389200952437,0
3278,0.011331353211879064,0
3279,0.9821577549919727,1
3280,0.06088067144415178,0
3281,0.015947368421052634,0
3282,0.9972370291400142,1
3283,0.9919455938265785,1
3284,0.913616155731414,1
3285,1.937984496124031e-05,0
3286,0.7388900019625825,1
3287,0.9988785716104194,1
3288,0.9999751243781094,1
3289,0.005512578616352202,0
3290,0.0,0
3291,0.9986433790717382,1
3292,0.9648979714743932,1
3293,0.9728697692502445,1
3294,0.9949429497133199,1
3295,0.0,0
3296,0.9371857570443499,1
3297,0.0003132016165244724,0
3298,0.8015762616806965,1
3299,0.9995467123584567,1
3300,0.9392183095649052,1
3301,0.9922224850223818,1
3302,0.9705216064349068,1
3303,0.006391183687091976,0
3304,0.016443341604631928,0
3305,0.8079594174333888,1
3306,0.8378004316732944,1
3307,0.0,0
3308,0.9234560071886788,1
3309,0.9105050570750336,1
3310,0.9991513920322858,1
3311,0.9989820737998588,1
3312,0.9996007664125106,1
3313,0.0,0
3314,0.03467048548094374,0
3315,0.9999168366817663,1
3316,0.9899295584157969,1
3317,0.0,0
3318,0.9998044987833106,1
3319,0.9999907578558225,1
3320,0.9993375035837007,1
3321,0.0,0
3322,0.9988183986674408,1
3323,0.9997162356337793,1
3324,0.99992,1
3325,1.0,1
3326,0.9999759795306994,1
3327,1.0,1
3328,0.00018199643799020449,0
3329,0.9999759795306994,1
3330,0.9999754299754301,1
3331,0.9999907578558225,1
3332,0.0003939075630252101,0
3333,0.0002668770640936096,0
3334,1.0,1
3335,0.9999852216748769,1
3336,1.0,1
3337,0.9999759795306994,1
3338,0.9999491807475678,1
3339,0.9999754299754301,1
3340,1.0,1
3341,0.9998501710277513,1
3342,1.0,1
3343,0.015476190476190477,0
3344,0.9993676558376272,1
3345,0.9997768883415437,1
3346,0.9671110844239934,1
3347,0.003392857142857143,0
3348,0.506726911976912,0
3349,0.33432920687225115,0
3350,0.7594017475772471,1
3351,0.999996254681648,1
3352,1.0,1
3353,0.9999618320610686,1
3354,0.000591029341029341,0
3355,1.9083969465648855e-05,0
3356,0.9999907578558225,1
3357,0.9999268102372035,1
3358,0.9999852216748769,1
3359,0.9998275862068965,1
3360,0.99992,1
3361,0.13307948734478509,0
3362,0.9931873584537338,1
3363,0.09991666666666665,0
3364,0.9983308790717382,1
3365,0.9850123904438179,1
3366,0.015,0
3367,0.011166315539445013,0
3368,0.005532200357781753,0
3369,0.9962736274031551,1
3370,0.0008333333333333333,0
3371,0.9699496147847004,1
3372,0.005,0
3373,0.9767629207062088,1
3374,0.9991919791301439,1
3375,0.9974937064478937,1
3376,0.9981796978804668,1
3377,0.00017857142857142857,0
3378,0.010178571428571427,0
3379,0.987454761040497,1
3380,0.01017750677506775,0
3381,0.0434616036589117,0
3382,0.0,0
3383,0.005618055555555556,0
3384,0.0,0
3385,0.9918167025554997,1
3386,0.0050625,0
3387,0.9778486919917405,1
3388,0.0,0
3389,0.9894549590131496,1
3390,0.12995433749236107,0
3391,0.9925353094232788,1
3392,0.9936147278623916,1
3393,0.005162141590864061,0
3394,0.9999422296412672,1
3395,0.9836825324255629,1
3396,0.9904272279608954,1
3397,0.9969523178407284,1
3398,6.25e-05,0
3399,0.9769342000955222,1
3400,0.005,0
3401,0.0005261719825474284,0
3402,0.9786178814529204,1
3403,0.010080645161290322,0
3404,0.9993553444074166,1
3405,0.9984315550168108,1
3406,0.9984094010290373,1
3407,0.9999751243781094,1
3408,0.013894230769230768,0
3409,0.0,0
3410,0.994996254681648,1
3411,0.00012217675297080348,0
3412,0.005,0
3413,0.30324025189355375,0
3414,0.9982886978739536,1
3415,0.937779698691185,1
3416,0.00766883116883117,0
3417,0.9947675068614247,1
3418,0.030421982296169915,0
3419,0.0,0
3420,0.99992,1
3421,0.9790290459258176,1
3422,0.9953099901542554,1
3423,0.0,0
3424,0.9961872805909464,1
3425,0.9999581589958159,1
3426,0.9804795828330568,1
3427,0.9798537993818458,1
3428,0.9999581589958159,1
3429,0.9740534198817495,1
3430,0.9993732427659907,1
3431,0.9973871525454442,1
3432,0.9922063349574861,1
3433,0.9946818910585229,1
3434,0.9997861740558294,1
3435,0.8784433802016776,1
3436,0.014857648099027409,0
3437,0.998488538949583,1
3438,0.9974581589958159,1
3439,0.9999441140519956,1
3440,0.9682011277569491,1
3441,0.9862469133424985,1
3442,0.07916527684857994,0
3443,1.0,1
3444,1.0,1
3445,1.0,1
3446,1.0,1
3447,0.9999907578558225,1
3448,0.9999246107229979,1
3449,0.0,0
3450,0.9999342105263157,1
3451,0.9999907578558225,1
3452,1.0,1
3453,0.999996254681648,1
3454,0.9999052216748769,1
3455,0.031190476190476192,0
3456,0.9996847050832107,1
3457,0.9997152566391331,1
3458,0.9997152566391331,1
3459,0.9998275862068965,1
3460,0.9993231169727769,1
3461,0.0023196144998196156,0
3462,0.9999754299754301,1
3463,0.9998055555555555,1
3464,0.014703722203722203,0
3465,0.9997768883415437,1
3466,0.9999305555555555,1
3467,0.9999852216748769,1
3468,1.0,1
3469,0.03086572205493981,0
3470,0.0,0
3471,1.0,1
3472,0.995,1
3473,0.9999759795306994,1
3474,1.0,1
3475,0.9999759795306994,1
3476,1.0,1
3477,0.9999754299754301,1
3478,0.9998401960573013,1
3479,0.9997021370345891,1
3480,0.001816108029129096,0
3481,0.985,1
3482,0.1388952095041445,0
3483,0.9999441140519956,1
3484,0.9343881428001012,1
3485,0.9924949866716087,1
3486,0.06648323565485209,0
3487,0.0,0
3488,0.0,0
3489,0.9520042100746521,1
3490,1.9083969465648855e-05,0
3491,0.9876358098878271,1
3492,1.0,1
3493,0.9899751243781094,1
3494,0.9726032360194523,1
3495,0.0015476190476190477,0
3496,0.9968853997627498,1
3497,0.9999751243781094,1
3498,0.0006934906803623983,0
3499,0.9925098955859865,1
3500,0.0,0
3501,0.9867369157855105,1
3502,0.9999751243781094,1
3503,0.0,0
3504,0.9995612937938029,1
3505,0.9870182703130378,1
3506,0.9996178814529203,1
3507,0.8653784914091266,1
3508,0.9989435244288903,1
3509,0.000990990990990991,0
3510,0.019845284237726097,0
3511,0.000990990990990991,0
3512,0.999945184258349,1
3513,0.999207874306084,1
3514,0.9846962816461045,1
3515,0.990226265744962,1
3516,0.00019765539803707742,0
3517,0.6682927532539472,1
3518,0.000990990990990991,0
3519,0.0011904761904761904,0
3520,0.0013125,0
3521,0.8183493245170248,1
3522,0.026507552131739748,0
3523,0.00015193865773270826,0
3524,0.00019795127353266888,0
3525,0.005019379844961241,0
3526,0.9991816821112003,1
3527,0.9888454445910227,1
3528,1.0,1
3529,0.9965253802484304,1
3530,0.8818597983587628,1
3531,0.9991249466653042,1
3532,0.9837371497415006,1
3533,0.11591504329004328,0
3534,0.021577285326472944,0
3535,0.005103092783505154,0
3536,0.038826827451015074,0
3537,0.22551994531461514,0
3538,0.9999107578558225,1
3539,0.0,0
3540,0.025020050125313286,0
3541,0.9982986089571466,1
3542,0.0007191192700168142,0
3543,0.11630897336767194,0
3544,0.9987222710773483,1
3545,0.005628203014099439,0
3546,0.0,0
3547,0.9799353921314858,1
3548,0.032222842667475195,0
3549,0.9970651855700283,1
3550,0.9989757664125106,1
3551,0.00018199643799020449,0
3552,0.9849594137142564,1
3553,0.9948495584157969,1
3554,0.0011251999507813461,0
3555,0.99992,1
3556,0.5456726491361603,0
3557,0.9948231221303949,1
3558,0.0,0
3559,0.9998786776859505,1
3560,0.31813917848771,0
3561,0.9999852216748769,1
3562,0.0,0
3563,0.9995684386775704,1
3564,0.9997394042692573,1
3565,0.9998100349642562,1
3566,0.9997962356337793,1
3567,0.9999852216748769,1
3568,0.9999759795306994,1
3569,1.0,1
3570,0.22764429297708205,0
3571,1.0,1
3572,1.0,1
3573,0.99992,1
3574,1.0,1
3575,0.9708400974025974,1
3576,0.7501612903225806,1
3577,0.9998647660818714,1
3578,0.9998192771084337,1
3579,0.9998786776859505,1
3580,0.9996174178741257,1
3581,0.9999852216748769,1
3582,0.999996254681648,1
3583,0.9999852216748769,1
3584,0.999996254681648,1
3585,0.9996585021563955,1
3586,0.9996937693327442,1
3587,1.0,1
3588,0.013801717911485262,0
3589,0.01096204313116078,0
3590,1.0,1
3591,0.10033333333333333,0
3592,0.9999618320610686,1
3593,1.0,1
3594,1.0,1
3595,1.0,1
3596,0.8919853726241483,1
3597,0.9997959183673469,1
3598,0.999996254681648,1
3599,1.0,1
3600,0.0010392250901226344,0
3601,0.9946008999081728,1
3602,1.937984496124031e-05,0
3603,0.23440007215007216,0
3604,0.020073513674396203,0
3605,0.006666666666666666,0
3606,0.9987936665165926,1
3607,0.14871865496496295,0
3608,0.9999610794342891,1
3609,0.9966696877075905,1
3610,0.9860802436556065,1
3611,0.03916158809094307,0
3612,0.40856506761183525,1
3613,0.9971007664125107,1
3614,0.11689690739750114,0
3615,0.0006668572488178756,0
3616,0.9859818292025753,1
3617,0.9993501243781094,1
3618,0.946923354308272,1
3619,0.010178571428571427,0
3620,0.9594245292238193,1
3621,0.0022053571428571426,0
3622,0.0015476190476190477,0
3623,0.9999751243781094,1
3624,0.0029295044578063444,0
3625,0.008125,0
3626,0.0,0
3627,0.9999751243781094,1
3628,0.9996177317948042,1
3629,0.9922312430155111,1
3630,0.9859221308621566,1
3631,0.00012247262846639494,0
3632,0.9587591489363152,1
3633,0.003914728682170542,0
3634,0.0007699500323230301,0
3635,0.9067931396892662,1
3636,0.999126982140333,1
3637,0.0,0
3638,0.13079998028589856,0
3639,0.011386363636363637,0
3640,0.007828671328671329,0
3641,0.999586917090067,1
3642,0.9627035850213627,1
3643,0.937199041928151,1
3644,0.9996007664125106,1
3645,0.0005854355914293578,0
3646,0.9926224970591249,1
3647,0.9870657677373995,1
3648,0.9515169408335045,1
3649,0.9999610794342891,1
3650,0.9901759358766664,1
3651,0.9703607332831078,1
3652,0.9999610794342891,1
3653,0.006686046511627907,0
3654,0.0,0
3655,0.010599027409372236,0
3656,0.9607753574488259,1
3657,0.9988862552706103,1
3658,0.9855639282265852,1
3659,0.9998111001722865,1
3660,0.9491580028861238,1
3661,0.9791554375291173,1
3662,0.015,0
3663,0.005,0
3664,0.9994818522891252,1
3665,0.9918028299670567,1
3666,0.9998192771084337,1
3667,0.0004920689205914924,0
3668,0.0,0
3669,0.9772889277348743,1
3670,0.12396802642365522,0
3671,0.0,0
3672,0.9997116666666668,1
3673,0.00028441374078918663,0
3674,0.9945376387903068,1
3675,0.981457001035687,1
3676,0.005019379844961241,0
3677,0.9999503831220149,1
3678,0.9999759795306994,1
3679,0.999996254681648,1
3680,0.9999759795306994,1
3681,0.0002003017529708035,0
3682,0.9947636990322932,1
3683,0.11658492035278384,0
3684,0.9999759795306994,1
3685,1.0,1
3686,0.99992,1
3687,0.9794896673800606,1
3688,0.0,0
3689,0.0,0
3690,1.0,1
3691,1.0,1
3692,0.9999759795306994,1
3693,0.01118240810913225,0
3694,0.9922947355665283,1
3695,0.0,0
3696,0.9999852216748769,1
3697,0.9998529411764706,1
3698,1.0,1
3699,0.05101781170483461,0
3700,0.9980717806380193,1
3701,0.9999852216748769,1
3702,0.9301014158548938,1
3703,0.9999852216748769,1
3704,1.0,1
3705,1.0,1
3706,0.9998381628513474,1
3707,0.9302846072155045,1
3708,0.9758971882177421,1
3709,0.9999852216748769,1
3710,0.0,0
3711,0.965,1
3712,0.9999852216748769,1
3713,0.9997959183673469,1
3714,1.0,1
3715,0.924003406712384,1
3716,0.998885730838566,1
3717,0.02475,0
3718,0.9997222820789082,1
3719,0.9906792551229873,1
3720,0.9976104304836134,1
3721,0.9998192771084337,1
3722,1.0,1
3723,0.008851766513056835,0
3724,0.99426877884394,1
3725,0.9998192771084337,1
3726,0.0003333333333333333,0
3727,0.000450597628466395,0
3728,0.0007683491016543917,0
3729,0.9829001463260367,1
3730,0.005644959400953167,0
3731,0.998916441461831,1
3732,0.9027943217338529,1
3733,0.8535034801509931,1
3734,0.0001923076923076923,0
3735,0.989200662269075,1
3736,0.9914981297939514,1
3737,0.9864716970644362,1
3738,0.9817916689858276,1
3739,0.7409990726528319,1
3740,0.9978890714624573,1
3741,0.9769854846242603,1
3742,0.9922602720953317,1
3743,0.0,0
3744,0.005,0
3745,0.007304147465437788,0
3746,0.9928518773741879,1
3747,0.7989892361915949,1
3748,0.9625058807806771,1
3749,0.9999581589958159,1
3750,0.999389414434804,1
3751,0.9999751243781094,1
3752,0.025508635872758655,0
3753,0.9869544187748955,1
3754,0.01,0
3755,0.008679245283018867,0
3756,0.005,0
3757,0.05085520487264673,0
3758,0.9586390441648496,1
3759,0.9993360794342891,1
3760,0.005397131570084843,0
3761,0.98677615400941,1
3762,0.9996008999081728,1
3763,0.9481279375893769,1
3764,0.9991082113448391,1
3765,0.8577033558017252,1
3766,0.9992823397433837,1
3767,0.9668707445960608,1
3768,0.005036764705882353,0
3769,0.005151938657732708,0
3770,0.954425446414355,1
3771,0.9999441140519956,1
3772,0.18156204329222508,0
3773,0.9960713577894446,1
3774,0.9998100349642562,1
3775,0.9999441140519956,1
3776,0.9980869258523577,1
3777,0.9983002115231627,1
3778,0.9894877864225827,1
3779,0.9926587966357069,1
3780,0.9973091954118956,1
3781,0.08007722832722833,0
3782,0.0,0
3783,0.9999205650108535,1
3784,0.998497452132373,1
3785,0.005937024037745459,0
3786,0.9508058483201658,1
3787,0.9906586098110108,1
3788,0.00016373558010990657,0
3789,0.9999581589958159,1
3790,0.014847132497646957,0
3791,0.0,0
3792,0.9997271355419519,1
3793,0.9999759795306994,1
3794,0.0,0
3795,0.9938192771084338,1
3796,0.9994938731617311,1
3797,0.00024944350269394855,0
3798,0.0024400147655961606,0
3799,1.0,1
3800,0.9858012501334369,1
3801,1.0,1
3802,0.9998192771084337,1
3803,1.0,1
3804,0.012107358488460339,0
3805,0.9998192771084337,1
3806,0.9947968027434493,1
3807,0.9825678461089166,1
3808,0.000990990990990991,0
3809,0.0,0
3810,0.9999759795306994,1
3811,0.9995522660818713,1
3812,0.06133379313719536,0
3813,1.0,1
3814,0.2633110997467821,0
3815,0.9997779547943841,1
3816,0.9996378831220148,1
3817,0.9999852216748769,1
3818,0.9999852216748769,1
3819,1.0,1
3820,0.9829305912069557,1
3821,0.9990267078667888,1
3822,1.0,1
3823,0.999996254681648,1
3824,0.01237253711990485,0
3825,1.9083969465648855e-05,0
3826,1.0,1
3827,1.0,1
3828,1.0,1
3829,0.07694370227158838,0
3830,0.9974962546816479,1
3831,1.0,1
3832,1.0,1
3833,0.9999406991260923,1
3834,0.995,1
3835,0.9998679093728903,1
3836,1.0,1
3837,0.010151938657732708,0
3838,1.0,1
3839,0.9999907578558225,1
3840,0.9996008999081728,1
3841,0.0,0
3842,0.9999541284403669,1
3843,0.9943621478278972,1
3844,0.00035364145658263305,0
3845,0.9998192771084337,1
3846,0.9999052216748769,1
3847,0.9995763298836029,1
3848,0.9999020583566433,1
3849,0.005,0
3850,0.9122469257471166,1
3851,0.005237525119510572,0
3852,0.9860819134587534,1
3853,0.9996815289437404,1
3854,0.9938595573364829,1
3855,1.9083969465648855e-05,0
3856,0.003970284237726098,0
3857,0.9774750776189317,1
3858,0.7616030199411764,1
3859,0.9899254492499796,1
3860,0.9881497291666987,1
3861,0.9521734788906084,1
3862,0.005121951219512195,0
3863,0.0005341720674244492,0
3864,0.0001328546882670594,0
3865,0.1684786780446564,0
3866,0.9117494813471352,1
3867,0.9932088206578983,1
3868,0.9791202963636398,1
3869,1.9083969465648855e-05,0
3870,0.9743879551820727,1
3871,1.937984496124031e-05,0
3872,0.005879553238488181,0
3873,0.999389414434804,1
3874,0.0,0
3875,0.9621321000456442,1
3876,0.0020605742296918765,0
3877,0.9988142951192617,1
3878,0.9995550283485397,1
3879,0.05397103403695696,0
3880,0.9996422222222223,1
3881,0.999869435541773,1
3882,0.9999052216748769,1
3883,0.11783066645577991,0
3884,1.0,1
3885,1.0,1
3886,0.9952862917032477,1
3887,0.9980033501051637,1
3888,0.9945916830285155,1
3889,0.8430543705467719,1
3890,0.9996177317948042,1
3891,0.9533103183727222,1
3892,0.9985680111106007,1
3893,0.8820670169656727,1
3894,0.9946007664125106,1
3895,0.9989435244288903,1
3896,0.005363092760689181,0
3897,0.9993360794342891,1
3898,0.967373482507839,1
3899,0.9999581589958159,1
3900,0.9892939721971074,1
3901,0.7864891336734171,1
3902,0.9925767216431445,1
3903,0.06265399306584253,0
3904,0.9902476399275153,1
3905,0.9562596142490289,1
3906,1.0,1
3907,0.9048854906719035,1
3908,0.9995763298836029,1
3909,0.9451402727934021,1
3910,0.000990990990990991,0
3911,0.8801117009762695,1
3912,0.0,0
3913,1.0,1
3914,1.0,1
3915,0.9991873801854352,1
3916,0.9987527882497163,1
3917,0.9996629213483146,1
3918,0.9999341385265152,1
3919,0.9998546572166499,1
3920,0.99992,1
3921,0.9997968027434493,1
3922,0.9948100349642562,1
3923,0.2556945899023789,0
3924,1.0,1
3925,0.0,0
3926,0.9999491807475678,1
3927,0.9996055410012806,1
3928,1.0,1
3929,0.0003853346477076456,0
3930,1.0,1
3931,0.00701937984496124,0
3932,1.0,1
3933,0.09869701706998935,0
3934,0.9885374140485478,1
3935,1.0,1
3936,0.9949549323675985,1
3937,0.0003493788819875776,0
3938,1.937984496124031e-05,0
3939,0.9998703831220149,1
3940,0.9999107578558225,1
3941,1.0,1
3942,0.005019083969465649,0
3943,0.999996254681648,1
3944,0.005163735580109906,0
3945,0.0,0
3946,0.9999907578558225,1
3947,0.9991158474142344,1
3948,0.20387626262626263,0
3949,0.047413105370317316,0
3950,0.0,0
3951,1.0,1
3952,1.0,1
3953,0.047234800838574426,0
3954,0.20053273051241938,0
3955,1.0,1
3956,1.0,1
3957,0.999996254681648,1
3958,0.000990990990990991,0
3959,0.0,0
3960,0.9999541284403669,1
3961,0.9997968027434493,1
3962,0.0,0
3963,0.9999541284403669,1
3964,0.0,0
3965,0.9999759795306994,1
3966,0.9791367254496345,1
3967,0.0,0
3968,0.9998556362112961,1
3969,0.9998426743030824,1
3970,0.99992,1
3971,0.993263543706137,1
3972,0.04545475357975357,0
3973,0.9989757664125106,1
3974,0.024701492537313432,0
3975,0.9999751243781094,1
3976,0.06256880707944538,0
3977,0.96214042822522,1
3978,0.0,0
3979,0.22190179636511534,0
3980,0.9908332225345704,1
3981,0.9952660919076495,1
3982,0.005286647314949202,0
3983,0.0007692307692307692,0
3984,0.9969323918607381,1
3985,0.9999610794342891,1
3986,0.00016373558010990657,0
3987,0.8341997401069265,1
3988,0.706005522705484,1
3989,0.9999441140519956,1
3990,0.0,0
3991,0.23245141201810893,0
3992,0.989165126876579,1
3993,0.0,0
3994,0.9682071367406094,1
3995,0.987358385601507,1
3996,0.8543218128573412,1
3997,0.987283536080168,1
3998,0.9797222222222223,1
3999,0.0055748228331529495,0
4000,0.9998638193731744,1
4001,0.9999107578558225,1
4002,0.9995915242683333,1
4003,0.030672853282295326,0
4004,0.8764523809523809,1
4005,0.4602407846778076,0
4006,0.999996254681648,1
4007,0.985850471025134,1
4008,0.9917367829414645,1
4009,0.0,0
4010,0.0,0
4011,0.966745711587772,1
4012,0.9996007664125106,1
4013,0.05718362533692723,0
4014,0.9939560257298692,1
4015,0.7741526479643888,1
4016,0.9971567679820287,1
4017,0.99992,1
4018,0.981880597998654,1
4019,0.5790672941275438,1
4020,0.9996143102372035,1
4021,0.01398514605236672,0
4022,0.9925049646332298,1
4023,0.9998914824730483,1
4024,0.9998638993608274,1
4025,1.0,1
4026,0.9996837546816479,1
4027,0.005628203014099439,0
4028,0.9999052216748769,1
4029,0.9018087584721549,1
4030,0.9998362077763037,1
4031,0.9026478982960316,1
4032,0.0,0
4033,1.0,1
4034,0.006252650931173503,0
4035,0.9998192771084337,1
4036,1.0,1
4037,0.9998192771084337,1
4038,1.0,1
4039,0.9948969585253457,1
4040,0.9999052216748769,1
4041,0.5366185098110396,0
4042,0.9959897887970617,1
4043,1.0,1
4044,0.9999639966171319,1
4045,0.999389637034589,1
4046,0.9904944484752215,1
4047,0.9997779547943841,1
4048,0.9999852216748769,1
4049,0.005247497219132369,0
4050,0.9999852216748769,1
4051,0.9999759795306994,1
4052,1.0,1
4053,1.0,1
4054,1.0,1
4055,0.0,0
4056,0.9998192771084337,1
4057,0.0,0
4058,0.9998192771084337,1
4059,0.995,1
4060,0.27725074053677207,0
4061,0.9658315038914855,1
4062,1.0,1
4063,0.8346905715330822,1
4064,1.0,1
4065,0.00018311542507114687,0
4066,0.01072220896946565,0
4067,1.0,1
4068,0.9999759795306994,1
4069,1.0,1
4070,1.0,1
4071,1.0,1
4072,0.9999491807475678,1
4073,0.9999491807475678,1
4074,1.0,1
4075,1.0,1
4076,0.999996254681648,1
4077,0.9284428350592953,1
4078,0.9999852216748769,1
4079,0.8746731590647961,1
4080,0.9999759795306994,1
4081,0.7433040230485632,1
4082,0.99992,1
4083,0.9998100349642562,1
4084,0.06566838881492557,0
4085,0.0,0
4086,0.00012217675297080348,0
4087,0.9998832884089484,1
4088,1.0,1
4089,0.0,0
4090,0.9998192771084337,1
4091,0.8524462824297404,1
4092,0.9987501899977563,1
4093,0.99992,1
4094,0.8001552040697046,1
4095,0.9800946382605342,1
4096,0.0,0
4097,1.9083969465648855e-05,0
4098,0.00622245115995116,0
4099,0.0,0
4100,0.990340378620228,1
4101,0.778509737196468,1
4102,0.9718208285050025,1
4103,0.0002631578947368421,0
4104,0.15872224602089752,0
4105,0.9961906153090462,1
4106,0.9999610794342891,1
4107,0.0,0
4108,0.9993909606699816,1
4109,1.0,1
4110,1.0,1
4111,0.9997260273972602,1
4112,0.005,0
4113,0.005703621954700228,0
4114,0.9992823397433837,1
4115,0.8612395307094658,1
4116,0.99992,1
4117,0.985568401467306,1
4118,0.001816108029129096,0
4119,0.9999759795306994,1
4120,0.07536898785712419,0
4121,0.9988264635289145,1
4122,0.9997152566391331,1
4123,1.0,1
4124,0.9999852216748769,1
4125,1.0,1
4126,0.9999852216748769,1
4127,0.9999852216748769,1
4128,0.9917680592128413,1
4129,0.0,0
4130,0.07685714285714285,0
4131,0.027704192833616612,0
4132,1.0,1
4133,0.9999168366817663,1
4134,0.9998691807475679,1
4135,0.000990990990990991,0
4136,0.9999852216748769,1
4137,0.999996254681648,1
4138,1.0,1
4139,1.0,1
4140,0.9992398182331396,1
4141,0.010495570321151717,0
4142,8.561058010990657e-05,0
4143,1.0,1
4144,0.9999852216748769,1
4145,0.9996468633153301,1
4146,0.005151938657732708,0
4147,0.9995684386775704,1
4148,0.9998192771084337,1
4149,0.9996161176457317,1
4150,0.00021968159793204383,0
4151,0.0,0
4152,1.0,1
4153,0.9985526118041854,1
4154,0.13538465007215006,0
4155,0.005,0
4156,0.9999541284403669,1
4157,1.0,1
4158,1.0,1
4159,1.0,1
4160,1.0,1
4161,1.9083969465648855e-05,0
4162,0.9995168604096084,1
4163,0.9991350890043678,1
4164,0.999638361681873,1
4165,0.9991396382499513,1
4166,0.15426307977040468,0
4167,0.010514551116838487,0
4168,0.9998931618981427,1
4169,0.00015193865773270826,0
4170,0.00036375661375661375,0
4171,1.0,1
4172,0.9999268102372035,1
4173,1.0,1
4174,0.9999852216748769,1
4175,1.0,1
4176,0.9999769585253456,1
4177,1.0,1
4178,0.8816900432900434,1
4179,0.9723651297250536,1
4180,0.9997021370345891,1
4181,0.9999759795306994,1
4182,0.9997768883415437,1
4183,0.9998679093728903,1
4184,0.007710707922584041,0
4185,0.9997916666666667,1
4186,0.018210707922584043,0
4187,0.9999769585253456,1
4188,0.9999852216748769,1
4189,0.9998381628513474,1
4190,0.9999759795306994,1
4191,1.0,1
4192,0.9999372620364987,1
4193,1.0,1
4194,1.0,1
4195,0.9233902428383748,1
4196,0.005,0
4197,0.9098993403048281,1
4198,0.999996254681648,1
4199,1.0,1
4200,1.0,1
4201,0.002621203049998543,0
4202,0.00012217675297080348,0
4203,0.9997392771084337,1
4204,0.005163735580109906,0
4205,0.9997260273972602,1
4206,0.9999769585253456,1
4207,0.9998960425873844,1
4208,0.005019379844961241,0
4209,0.0,0
4210,0.00021968159793204383,0
4211,1.0,1
4212,1.0,1
4213,0.029522226576105877,0
4214,0.9999581589958159,1
4215,0.9991309466950762,1
4216,0.0,0
4217,0.9564070583792715,1
4218,0.9699604919976365,1
4219,0.0006180555555555555,0
4220,0.041371261257938795,0
4221,0.9852369420099515,1
4222,0.999351340264495,1
4223,0.9941959466666839,1
4224,0.9973685556762978,1
4225,0.9996007664125106,1
4226,0.9395484223377012,1
4227,0.9999168366817663,1
4228,0.9960697887970617,1
4229,0.18927289305352932,0
4230,1.0,1
4231,1.0,1
4232,0.9994962546816479,1
4233,1.0,1
4234,0.005,0
4235,0.9857985591224977,1
4236,0.0,0
4237,0.9998959795306994,1
4238,0.9999907578558225,1
4239,0.9969080180888394,1
4240,1.0,1
4241,0.9997021370345891,1
4242,1.0,1
4243,0.9999618320610686,1
4244,0.9994666980314016,1
4245,1.0,1
4246,0.3144074996466238,0
4247,0.010397210430563977,0
4248,0.9999541284403669,1
4249,1.0,1
4250,0.994996254681648,1
4251,0.04148075216996707,0
4252,0.9970438737292671,1
4253,1.0,1
4254,0.009834007187780774,0
4255,1.0,1
4256,1.0,1
4257,0.9999342105263157,1
4258,0.998714904932446,1
4259,0.999996254681648,1
4260,0.00018870336361506118,0
4261,1.0,1
4262,0.9996837546816479,1
4263,0.999389637034589,1
4264,0.9995696214610509,1
4265,0.9999122151830835,1
4266,0.9998275862068965,1
4267,0.0,0
4268,1.0,1
4269,1.0,1
4270,1.0,1
4271,1.0,1
4272,0.0006357859366834809,0
4273,1.0,1
4274,0.9999246107229979,1
4275,1.0,1
4276,0.994996254681648,1
4277,0.997885730838566,1
4278,0.0003853346477076456,0
4279,0.999996254681648,1
4280,0.005740586035489813,0
4281,1.0,1
4282,0.04828567458286151,0
4283,0.0,0
4284,0.9992074617737003,1
4285,0.9996556237183715,1
4286,1.0,1
4287,0.9948256010031813,1
4288,0.9989109833638184,1
4289,0.9999907578558225,1
4290,1.0,1
4291,0.01001908396946565,0
4292,0.9997713483427769,1
4293,1.0,1
4294,0.998996254681648,1
4295,0.9898862997293868,1
4296,0.0020193798449612403,0
4297,0.00016261659302896413,0
4298,0.9949268102372035,1
4299,0.9999491807475678,1
4300,0.000990990990990991,0
4301,1.0,1
4302,1.0,1
4303,0.9999769585253456,1
4304,0.9999852216748769,1
4305,0.00019765539803707742,0
4306,1.0,1
4307,1.0,1
4308,1.0,1
4309,1.0,1
4310,0.9997978644475244,1
4311,1.0,1
4312,0.09755254734081531,0
4313,1.0,1
4314,0.9999852216748769,1
4315,0.06266850882041314,0
4316,0.9999852216748769,1
4317,0.02342696629213483,0
4318,0.9942857142857143,1
4319,1.0,1
4320,1.0,1
4321,1.0,1
4322,1.0,1
4323,1.0,1
4324,0.9999852216748769,1
4325,1.0,1
4326,0.005,0
4327,1.0,1
4328,1.9083969465648855e-05,0
4329,1.0,1
4330,0.9635702713438102,1
4331,0.01001937984496124,0
4332,0.999996254681648,1
4333,1.0,1
4334,0.9996378831220148,1
4335,0.0,0
4336,0.9886468460442108,1
4337,0.9974504633023735,1
4338,0.9310650254485983,1
4339,0.01093807603686636,0
4340,0.9514544094635773,1
4341,0.0,0
4342,0.9999084478553416,1
4343,0.9999441140519956,1
4344,0.9997946381873861,1
4345,0.9954458345135808,1
4346,0.9938638993608275,1
4347,0.9996008999081728,1
4348,0.9999852216748769,1
4349,1.0,1
4350,0.9998381628513474,1
4351,0.9999491807475678,1
4352,0.9947021370345891,1
4353,1.0,1
4354,1.0,1
4355,0.9997162773896646,1
4356,0.009387007563254602,0
4357,1.0,1
4358,1.0,1
4359,0.8151529876821344,1
4360,0.0,0
4361,0.9999491807475678,1
4362,0.9999907578558225,1
4363,0.9999541284403669,1
4364,0.9402947303820174,1
4365,0.9999852216748769,1
4366,0.8251147702726711,1
4367,0.999996254681648,1
4368,0.027750369728310905,0
4369,0.13883344114378598,0
4370,0.22739500473279345,0
4371,0.999996254681648,1
4372,0.0,0
4373,0.9999268102372035,1
4374,0.9997014573726903,1
4375,0.9949754299754301,1
4376,0.999996254681648,1
4377,1.0,1
4378,0.0021428571428571425,0
4379,0.9997959183673469,1
4380,0.000990990990990991,0
4381,0.0,0
4382,1.0,1
4383,1.0,1
4384,0.9998192771084337,1
4385,1.0,1
4386,0.9883333333333334,1
4387,0.0,0
4388,0.00029621066316638496,0
4389,0.0,0
4390,0.005771838258709976,0
4391,1.0,1
4392,0.9998275862068965,1
4393,0.0,0
4394,0.9999852216748769,1
4395,1.0,1
4396,0.9893679093728903,1
4397,1.9083969465648855e-05,0
4398,0.049190476190476194,0
4399,0.0375,0
4400,0.005122176752970803,0
4401,0.9997959183673469,1
4402,0.8542956331133741,1
4403,0.999996254681648,1
4404,0.9999852216748769,1
4405,0.9999759795306994,1
4406,1.0,1
4407,0.0006255795559919271,0
4408,0.995,1
4409,1.0,1
4410,0.010019083969465648,0
4411,0.0,0
4412,0.9999852216748769,1
4413,0.9999372620364987,1
4414,0.999996254681648,1
4415,0.99982659814294,1
4416,0.999996254681648,1
4417,0.00625,0
4418,0.9890853286914801,1
4419,0.017034242990125344,0
4420,0.0011226490349068338,0
4421,1.0,1
4422,0.9999246107229979,1
4423,0.9998436990322932,1
4424,0.9998679093728903,1
4425,0.9994962546816479,1
4426,0.9611965528960583,1
4427,0.010634058887309334,0
4428,0.9636674572344662,1
4429,1.0,1
4430,0.9999852216748769,1
4431,1.0,1
4432,1.0,1
4433,1.0,1
4434,1.9083969465648855e-05,0
4435,0.9997978644475244,1
4436,0.9726723044397463,1
4437,0.9999759795306994,1
4438,1.0,1
4439,0.8433309916501891,1
4440,1.0,1
4441,1.0,1
4442,0.23881477663997364,0
4443,0.999996254681648,1
4444,0.9999268102372035,1
4445,1.0,1
4446,0.06797697162602896,0
4447,0.9999907578558225,1
4448,0.9996629213483146,1
4449,1.0,1
4450,0.999996254681648,1
4451,0.9999541284403669,1
4452,0.999763176469261,1
4453,1.0,1
4454,1.0,1
4455,0.01,0
4456,0.9996831764692611,1
4457,0.01645853328411468,0
4458,0.9767500746585485,1
4459,0.9923635721836617,1
4460,0.9531249495686401,1
4461,0.9996008999081728,1
4462,0.9988044987833107,1
4463,0.0002861111792003117,0
4464,1.0,1
4465,0.9992927033834528,1
4466,0.0018006403420146684,0
4467,0.029441510795284374,0
4468,0.9999852216748769,1
4469,0.9999852216748769,1
4470,0.9999852216748769,1
4471,0.9998529411764706,1
4472,0.8323116750004165,1
4473,0.983158814703676,1
4474,0.9998780487804878,1
4475,0.9944444444444445,1
4476,0.9943621478278972,1
4477,0.9999639966171319,1
4478,0.9999491807475678,1
4479,0.9999541284403669,1
4480,0.0009743788819875776,0
4481,0.9996937693327442,1
4482,1.0,1
4483,1.0,1
4484,0.643885250459197,1
4485,1.0,1
4486,0.010476190476190477,0
4487,0.9989109833638184,1
4488,0.9999907578558225,1
4489,0.9999342105263157,1
4490,0.9779208890610941,1
4491,1.0,1
4492,1.0,1
4493,1.0,1
4494,1.0,1
4495,1.0,1
4496,0.9999754299754301,1
4497,0.0010330937513491024,0
4498,0.11405753968253968,0
4499,0.9998809386775704,1
4500,0.9999491807475678,1
4501,0.9949754299754301,1
4502,0.9990344216470913,1
4503,0.000990990990990991,0
4504,0.9999541284403669,1
4505,0.9930074676894898,1
4506,0.9997916666666667,1
4507,0.000990990990990991,0
4508,0.9999769585253456,1
4509,1.0,1
4510,0.11189816772374912,0
4511,0.9998647660818714,1
4512,0.005450597628466395,0
4513,1.0,1
4514,0.9997713483427769,1
4515,0.9999268102372035,1
4516,1.0,1
4517,1.0,1
4518,0.02716817946539601,0
4519,0.0,0
4520,1.0,1
4521,1.0,1
4522,1.0,1
4523,1.0,1
4524,0.9999852216748769,1
4525,0.994996254681648,1
4526,1.0,1
4527,1.0,1
4528,0.9999618320610686,1
4529,0.0011198236066953247,0
4530,0.9557541313214125,1
4531,0.8596259963809177,1
4532,0.8761050049879516,1
4533,0.979051603611997,1
4534,1.0,1
4535,0.9999769585253456,1
4536,0.9999639966171319,1
4537,1.0,1
4538,0.0,0
4539,1.9083969465648855e-05,0
4540,0.07874695401371187,0
4541,1.0,1
4542,0.8049590257583357,1
4543,0.998701088313758,1
4544,0.999996254681648,1
4545,1.0,1
4546,0.0,0
4547,1.0,1
4548,0.9999852216748769,1
4549,1.0,1
4550,1.0,1
4551,0.01,0
4552,0.9351666666666667,1
4553,1.0,1
4554,0.9999618320610686,1
4555,1.0,1
4556,1.0,1
4557,1.0,1
4558,1.0,1
4559,1.0,1
4560,1.0,1
4561,0.942314197723915,1
4562,1.0,1
4563,0.0,0
4564,0.1279244386169687,0
4565,0.9999852216748769,1
4566,0.14030253392705683,0
4567,0.019696531372778412,0
4568,0.0006449594009531673,0
4569,0.9999852216748769,1
4570,0.9997260273972602,1
4571,0.9998381628513474,1
4572,0.8227610508315434,1
4573,1.0,1
4574,0.9999852216748769,1
4575,0.9995806618981428,1
4576,0.9999639966171319,1
4577,0.19320074211430835,0
4578,1.0,1
4579,0.9937384473046859,1
4580,0.9998192771084337,1
4581,0.996423972924382,1
4582,0.9999759795306994,1
4583,1.0,1
4584,0.9999907578558225,1
4585,1.0,1
4586,0.9997915828240284,1
4587,0.0007104120470884507,0
4588,0.9999759795306994,1
4589,0.9999852216748769,1
4590,1.0,1
4591,0.1612902984773214,0
4592,1.0,1
4593,0.9999439751293684,1
4594,0.999996254681648,1
4595,0.9997320832347512,1
4596,0.9999907578558225,1
4597,0.028358498791324776,0
4598,0.9948712546816479,1
4599,0.9836776013432122,1
4600,0.0025456738874824634,0
4601,0.9999759795306994,1
4602,0.9999852216748769,1
4603,0.9851041666666667,1
4604,1.0,1
4605,1.0,1
4606,1.0,1
4607,0.8834243522598015,1
4608,1.0,1
4609,0.999996254681648,1
4610,0.999996254681648,1
4611,0.006494565217391304,0
4612,0.9998401960573013,1
4613,0.010843441150044923,0
4614,0.13557336726039015,0
4615,0.99801244022615,1
4616,0.9999852216748769,1
4617,1.0,1
4618,0.9867680592128413,1
4619,0.9999852216748769,1
4620,1.0,1
4621,1.0,1
4622,0.007622472628466394,0
4623,1.0,1
4624,1.0,1
4625,1.0,1
4626,0.994188623725967,1
4627,1.0,1
4628,0.995,1
4629,1.0,1
4630,0.010515329771323537,0
4631,0.9948931618981427,1
4632,1.0,1
4633,1.0,1
4634,0.00016261659302896413,0
4635,1.0,1
4636,0.997057836890289,1
4637,0.995,1
4638,1.0,1
4639,0.9999852216748769,1
4640,1.0,1
4641,0.9899029094402526,1
4642,0.9999852216748769,1
4643,0.005103092783505154,0
4644,1.0,1
4645,0.9999759795306994,1
4646,0.9999852216748769,1
4647,0.8590762727993762,1
4648,1.0,1
4649,0.0750708208903396,0
4650,0.0,0
4651,0.9997768883415437,1
4652,0.9994444444444445,1
4653,1.0,1
4654,0.999996254681648,1
4655,0.8738151570651571,1
4656,1.0,1
4657,0.9999618320610686,1
4658,0.001216029341029341,0
4659,0.9999907578558225,1
4660,0.9999754299754301,1
4661,1.0,1
4662,1.0,1
4663,1.0,1
4664,0.9999852216748769,1
4665,0.9999759795306994,1
4666,0.0005493235029861001,0
4667,0.9999852216748769,1
4668,0.9999852216748769,1
4669,0.9999852216748769,1
4670,1.0,1
4671,1.0,1
4672,1.0,1
4673,0.020457853227168733,0
4674,0.9999268102372035,1
4675,1.0,1
4676,0.9157347730549513,1
4677,0.9999852216748769,1
4678,0.9999852216748769,1
4679,1.0,1
4680,0.9935936108108443,1
4681,0.8875743642714796,1
4682,0.9999852216748769,1
4683,0.9990737917258314,1
4684,1.0,1
4685,0.9999181250574988,1
4686,0.007693497484871811,0
4687,0.0,0
4688,1.0,1
4689,1.0,1
4690,0.7818404761904761,1
4691,0.9999639966171319,1
4692,0.9502718715393134,1
4693,1.0,1
4694,0.9948809386775704,1
4695,1.0,1
4696,1.0,1
4697,1.0,1
4698,0.0015571338485081748,0
4699,1.0,1
4700,0.9388763374462983,1
4701,0.0003132016165244724,0
4702,1.0,1
4703,0.9999246107229979,1
4704,0.9999503831220149,1
4705,0.9998809386775704,1
4706,0.9999907578558225,1
4707,0.4406075079604491,0
4708,1.0,1
4709,1.0,1
4710,0.999996254681648,1
4711,1.0,1
4712,0.9651898147483196,1
4713,0.9999907578558225,1
4714,0.9999059855309856,1
4715,0.9995916033294161,1
4716,0.9999491807475678,1
4717,1.0,1
4718,0.999996254681648,1
4719,1.0,1
4720,0.9745612136935748,1
4721,0.0,0
4722,0.03181476815011298,0
4723,0.9998238408885445,1
4724,0.8162170698875376,1
4725,0.0,0
4726,1.0,1
4727,1.0,1
4728,0.9999907578558225,1
4729,0.930043972233775,1
4730,0.00042809132240682527,0
4731,0.005104859335038363,0
4732,0.9999907578558225,1
4733,1.0,1
4734,0.9999268102372035,1
4735,0.005837678796811595,0
4736,0.9999059855309856,1
4737,0.8863244520501516,1
4738,0.999996254681648,1
4739,1.0,1
4740,1.0,1
4741,0.0010151287689643955,0
4742,0.0,0
4743,1.0,1
4744,0.14112594774184997,0
4745,0.0,0
4746,0.005204565030146425,0
4747,0.0,0
4748,0.991111111111111,1
4749,1.0,1
4750,0.9985011154539507,1
4751,0.9947222820789082,1
4752,0.9949852216748769,1
4753,0.9999541284403669,1
4754,1.0,1
4755,0.9999852216748769,1
4756,0.0,0
4757,0.9999759795306994,1
4758,0.9999159605014356,1
4759,1.0,1
4760,1.0,1
4761,1.0,1
4762,0.9999907578558225,1
4763,0.08330708593923168,0
4764,1.0,1
4765,1.0,1
4766,0.9999852216748769,1
4767,0.0009215661500449236,0
4768,0.9997768883415437,1
4769,0.999996254681648,1
4770,0.0,0
4771,0.999996254681648,1
4772,0.17066015850135102,0
4773,0.9999852216748769,1
4774,0.9915025463624703,1
4775,1.0,1
4776,0.000990990990990991,0
4777,0.25495528314078786,0
4778,0.8115545098820951,1
4779,0.8819777226056131,1
4780,0.929174109650601,1
4781,0.001003733182255754,0
4782,1.0,1
4783,0.9998372345262645,1
4784,0.999996254681648,1
4785,0.9999639966171319,1
4786,1.0,1
4787,1.0,1
4788,0.9999305555555555,1
4789,0.998885730838566,1
4790,0.19975016542672086,0
4791,1.0,1
4792,0.006048136645962734,0
4793,0.9996026810897263,1
4794,0.9949477204477205,1
4795,0.9995598285648094,1
4796,0.8536828063241108,1
4797,0.9999759795306994,1
4798,0.006116110162005099,0
4799,1.0,1
4800,0.00697986828319114,0
4801,0.0012690839694656489,0
4802,1.0,1
4803,0.000591029341029341,0
4804,0.9999852216748769,1
4805,1.0,1
4806,0.00042307919904227385,0
4807,1.0,1
4808,0.19534383121667603,0
4809,1.0,1
4810,0.005584415584415584,0
4811,1.0,1
4812,0.000990990990990991,0
4813,0.9998647660818714,1
4814,1.0,1
4815,1.0,1
4816,1.0,1
4817,0.9999852216748769,1
4818,1.0,1
4819,0.01101148532183015,0
4820,0.8382208593884108,1
4821,0.9883345760395571,1
4822,0.9999268102372035,1
4823,0.999996254681648,1
4824,0.9999372620364987,1
4825,0.12641214595704972,0
4826,0.9999759795306994,1
4827,0.8318624112815288,1
4828,0.9815704143691594,1
4829,0.9999754299754301,1
4830,0.9999759795306994,1
4831,0.9999759795306994,1
4832,1.0,1
4833,0.028777775658769423,0
4834,0.9997959183673469,1
4835,0.12072925685425685,0
4836,0.999996254681648,1
4837,0.9997021370345891,1
4838,0.00634575569358178,0
4839,0.9997503047552856,1
4840,1.0,1
4841,0.9999852216748769,1
4842,0.9989109833638184,1
4843,0.0014945652173913044,0
4844,0.19352949147138532,0
4845,0.999996254681648,1
4846,1.0,1
4847,0.954417212238929,1
4848,1.0,1
4849,0.9457928251963105,1
4850,1.0,1
4851,0.999996254681648,1
4852,0.9999759795306994,1
4853,0.9884417943900575,1
4854,1.0,1
4855,0.018087743473669694,0
4856,0.8322706830206831,1
4857,1.0,1
4858,0.9999852216748769,1
4859,1.0,1
4860,1.0,1
4861,1.0,1
4862,0.000990990990990991,0
4863,0.9985835971144945,1
4864,0.9998931618981427,1
4865,1.0,1
4866,0.9532688953488372,1
4867,0.011525123556587304,0
4868,0.9999491807475678,1
4869,1.0,1
4870,0.999996254681648,1
4871,0.023074935400516795,0
4872,0.0005345499764737514,0
4873,0.09314102819740806,0
4874,0.9954346554719987,1
4875,1.0,1
4876,1.0,1
4877,0.9999907578558225,1
4878,0.9695666666666668,1
4879,0.9999852216748769,1
4880,0.12193514293065784,0
4881,0.996086541086541,1
4882,0.9899907578558225,1
4883,0.905558806041314,1
4884,0.07707924171279311,0
4885,0.995,1
4886,0.998885730838566,1
4887,0.9999759795306994,1
4888,0.0,0
4889,1.0,1
4890,0.9998931618981427,1
4891,0.061833333333333323,0
4892,1.0,1
4893,0.9651778556520019,1
4894,0.999996254681648,1
4895,0.000495274445656125,0
4896,0.00472745098344475,0
4897,0.9997519301805832,1
4898,0.021074639525021203,0
4899,1.0,1
4900,0.0008695652173913043,0
4901,0.9999754299754301,1
4902,0.04910788293659207,0
4903,0.993282230795471,1
4904,1.0,1
4905,0.11672024352376606,0
4906,0.995,1
4907,0.10375016203986792,0
4908,1.0,1
4909,1.0,1
4910,1.0,1
4911,1.0,1
4912,0.9999754299754301,1
4913,0.8857142857142857,1
4914,0.9633131313131312,1
4915,1.0,1
4916,0.9854821428571428,1
4917,0.999996254681648,1
4918,1.0,1
4919,0.999996254681648,1
4920,1.0,1
4921,1.0,1
4922,0.9999491807475678,1
4923,0.9999852216748769,1
4924,0.0,0
4925,0.9991934732677631,1
4926,0.995,1
4927,0.8691290194624208,1
4928,0.9999852216748769,1
4929,0.9999852216748769,1
4930,0.9557023809523809,1
4931,0.9985916131915071,1
4932,1.0,1
4933,0.999996254681648,1
4934,1.0,1
4935,0.999996254681648,1
4936,1.0,1
4937,0.9997713483427769,1
4938,0.9999759795306994,1
4939,1.0,1
4940,0.998885730838566,1
4941,0.999996254681648,1
4942,1.0,1
4943,0.999996254681648,1
4944,0.9999907578558225,1
4945,1.0,1
4946,0.9997916666666667,1
4947,1.0,1
4948,0.9999907578558225,1
4949,1.0,1
4950,0.994996254681648,1
4951,0.0,0
4952,1.0,1
4953,0.9999907578558225,1
4954,0.999996254681648,1
4955,1.0,1
4956,0.994996254681648,1
4957,1.0,1
4958,0.1574691111481408,0
4959,0.9999852216748769,1
4960,1.0,1
4961,0.9500020613068267,1
4962,0.9997978644475244,1
4963,1.0,1
4964,0.9999305555555555,1
4965,0.8785872416333604,1
4966,1.0,1
4967,0.9999852216748769,1
4968,1.0,1
4969,0.9999268102372035,1
4970,0.995,1
4971,1.0,1
4972,0.9999096405017458,1
4973,0.9999907578558225,1
4974,0.9094028876578755,1
4975,0.9999503831220149,1
4976,0.009801044057037822,0
4977,0.27143509307582303,0
4978,0.0,0
4979,0.0010481366459627328,0
4980,1.0,1
4981,0.09003009802962092,0
4982,0.9998780487804878,1
4983,1.0,1
4984,0.9999754299754301,1
4985,0.0470125786163522,0
4986,1.0,1
4987,0.9999246107229979,1
4988,1.0,1
4989,0.9999852216748769,1
4990,1.0,1
4991,1.0,1
4992,0.9454218715393133,1
4993,0.9998275862068965,1
4994,0.01,0
4995,1.0,1
4996,0.001038832922584042,0
4997,0.9989109833638184,1
4998,0.9999852216748769,1
4999,0.9999491807475678,1
5000,0.9997021370345891,1
5001,0.9999618320610686,1
5002,1.0,1
5003,0.999996254681648,1
5004,1.0,1
5005,1.9083969465648855e-05,0
5006,0.9999852216748769,1
5007,1.0,1
5008,0.04086744046740267,0
5009,0.9999268102372035,1
5010,0.8728505509641874,1
5011,0.9997768883415437,1
5012,1.0,1
5013,1.0,1
5014,0.15584882764137345,0
5015,0.9496068448842796,1
5016,0.0,0
5017,0.9995598285648094,1
5018,0.9999372620364987,1
5019,1.0,1
5020,0.9998780487804878,1
5021,0.999996254681648,1
5022,1.0,1
5023,0.9999852216748769,1
5024,1.0,1
5025,0.9999754299754301,1
5026,0.9366153549201209,1
5027,0.3160196150323787,0
5028,0.9999907578558225,1
5029,0.13287724329864534,0
5030,0.9998679093728903,1
5031,0.9999618320610686,1
5032,0.9997670966420968,1
5033,0.9999491807475678,1
5034,0.9354007780890135,1
5035,0.999996254681648,1
5036,0.9999754299754301,1
5037,0.9999852216748769,1
5038,0.9999907578558225,1
5039,1.0,1
5040,0.9999852216748769,1
5041,0.9997205290903447,1
5042,0.008395321998263176,0
5043,0.9999852216748769,1
5044,0.9999754299754301,1
5045,0.9999491807475678,1
5046,0.9994198744198743,1
5047,0.9999096405017458,1
5048,0.9970356691550609,1
5049,0.9999618320610686,1
5050,0.0016421651155526388,0
5051,1.0,1
5052,0.00043183775741915275,0
5053,0.005019083969465649,0
5054,0.9999268102372035,1
5055,1.0,1
5056,0.9999503831220149,1
5057,0.21633924027626317,0
5058,0.9999372620364987,1
5059,0.9692569089723144,1
5060,1.0,1
5061,1.0,1
5062,1.0,1
5063,0.999996254681648,1
5064,1.0,1
5065,0.0004761904761904762,0
5066,0.9999096405017458,1
5067,0.9937951250258823,1
5068,1.0,1
5069,0.0,0
5070,1.0,1
5071,1.0,1
5072,1.0,1
5073,0.0008524173027989821,0
5074,1.0,1
5075,0.9999618320610686,1
5076,0.9998055555555555,1
5077,0.8535233054830681,1
5078,1.0,1
5079,0.999996254681648,1
5080,0.011486265436647117,0
5081,0.0025386129491720977,0
5082,1.0,1
5083,0.9964811487855094,1
5084,0.01350090873977614,0
5085,0.9999618320610686,1
5086,0.9999907578558225,1
5087,0.005595238095238095,0
5088,0.9999754299754301,1
5089,0.009697114887127472,0
5090,0.06364480177878727,0
5091,0.01571099750622458,0
5092,1.0,1
5093,0.3052724482371459,0
5094,0.030624004743762253,0
5095,0.9999268102372035,1
5096,1.0,1
5097,0.9896405121413342,1
5098,0.999996254681648,1
5099,0.005839972527472528,0
5100,0.9920833333333333,1
5101,1.0,1
5102,0.9997959183673469,1
5103,0.9966391480064174,1
5104,0.999188623725967,1
5105,0.0008625251195105725,0
5106,0.999996254681648,1
5107,0.0102303595332283,0
5108,1.0,1
5109,1.0,1
5110,1.0,1
5111,0.9999852216748769,1
5112,1.0,1
5113,1.0,1
5114,0.9693662548144952,1
5115,1.0,1
5116,1.0,1
5117,0.9999305555555555,1
5118,0.9999907578558225,1
5119,0.9993915645042342,1
5120,0.9998931618981427,1
5121,1.0,1
5122,0.0023367466845727715,0
5123,0.9998678175920542,1
5124,1.0,1
5125,1.0,1
5126,1.0,1
5127,0.6871540277283306,1
5128,0.9996629213483146,1
5129,1.0,1
5130,1.0,1
5131,1.0,1
5132,0.00016373558010990657,0
5133,0.0,0
5134,0.9999852216748769,1
5135,0.999996254681648,1
5136,0.9999491807475678,1
5137,0.015495049504950495,0
5138,0.9999759795306994,1
5139,1.0,1
5140,0.9999769585253456,1
5141,0.017888277226167544,0
5142,0.9999618320610686,1
5143,0.9999759795306994,1
5144,0.999996254681648,1
5145,0.9999852216748769,1
5146,1.0,1
5147,1.0,1
5148,1.0,1
5149,0.03806398954157642,0
5150,0.9998679093728903,1
5151,0.23797785846764175,0
5152,1.0,1
5153,1.0,1
5154,1.0,1
5155,0.9993192392019218,1
5156,0.9160714285714286,1
5157,0.9999852216748769,1
5158,1.0,1
5159,0.8933963843322,1
5160,0.9999754299754301,1
5161,0.0,0
5162,0.9922004498344478,1
5163,0.9999305555555555,1
5164,0.012281776169085093,0
5165,1.0,1
5166,0.09080335104418367,0
5167,0.014630897803851078,0
5168,0.024817219130505132,0
5169,1.0,1
5170,0.9949268102372035,1
5171,1.0,1
5172,0.00017857142857142857,0
5173,0.0,0
5174,0.999996254681648,1
5175,1.0,1
5176,1.0,1
5177,0.0,0
5178,0.9999754299754301,1
5179,1.0,1
5180,0.9999639966171319,1
5181,1.0,1
5182,0.02394042396780593,0
5183,1.0,1
5184,0.9999852216748769,1
5185,1.0,1
5186,1.0,1
5187,0.9997915828240284,1
5188,1.0,1
5189,0.9998537918194026,1
5190,0.998885730838566,1
5191,0.9999852216748769,1
5192,0.9999759795306994,1
5193,1.0,1
5194,0.20917787507843,0
5195,1.0,1
5196,0.9997916666666667,1
5197,0.811272194397458,1
5198,0.9999639966171319,1
5199,0.9996740899223304,1
5200,0.9889894450710024,1
5201,1.0,1
5202,1.0,1
5203,1.0,1
5204,1.0,1
5205,0.999996254681648,1
5206,1.0,1
5207,0.9999268102372035,1
5208,1.0,1
5209,0.9574241373591579,1
5210,0.9999852216748769,1
5211,0.9877990622470432,1
5212,0.992589546004314,1
5213,0.9999759795306994,1
5214,0.9999639966171319,1
5215,0.9997428175920543,1
5216,0.9999580867427166,1
5217,1.0,1
5218,0.9954416757443602,1
5219,0.023573126118353195,0
5220,0.998115892116301,1
5221,0.997781432748538,1
5222,0.04160246371275783,0
5223,0.9989109833638184,1
5224,0.9999268102372035,1
5225,0.0,0
5226,0.9999096405017458,1
5227,1.0,1
5228,0.38983070802052533,0
5229,0.9999491807475678,1
5230,0.9999852216748769,1
5231,0.9999268102372035,1
5232,1.0,1
5233,0.9999268102372035,1
5234,0.9999372620364987,1
5235,0.0,0
5236,0.9999852216748769,1
5237,0.995,1
5238,0.0004761904761904762,0
5239,0.9946875,1
5240,1.0,1
5241,0.9994666980314016,1
5242,0.9997260273972602,1
5243,1.0,1
5244,1.0,1
5245,0.9999769585253456,1
5246,0.9999759795306994,1
5247,1.0,1
5248,1.0,1
5249,0.99982659814294,1
5250,0.9997021370345891,1
5251,1.0,1
5252,0.9999907578558225,1
5253,0.00035241730279898223,0
5254,1.0,1
5255,1.0,1
5256,0.002488095238095238,0
5257,1.0,1
5258,0.9994666980314016,1
5259,1.0,1
5260,0.991775601308784,1
5261,0.9999852216748769,1
5262,1.0,1
5263,0.01705843304285441,0
5264,1.0,1
5265,1.0,1
5266,0.999782605027209,1
5267,0.9999618320610686,1
5268,0.9999852216748769,1
5269,0.9998931618981427,1
5270,0.9969712996253314,1
5271,0.9440838164680332,1
5272,0.9998372345262645,1
5273,1.0,1
5274,0.9999618320610686,1
5275,0.9453350492964462,1
5276,0.9149858593204183,1
5277,0.9988301752830104,1
5278,0.9999852216748769,1
5279,0.999996254681648,1
5280,1.0,1
5281,1.0,1
5282,0.046553860800881815,0
5283,1.0,1
5284,0.9999305555555555,1
5285,1.0,1
5286,1.0,1
5287,0.000990990990990991,0
5288,0.3773411452663103,0
5289,0.9999759795306994,1
5290,0.8722326736381615,1
5291,0.003287231559290383,0
5292,0.0,0
5293,0.0,0
5294,1.0,1
5295,0.007074048410724814,0
5296,0.9997260273972602,1
5297,1.0,1
5298,0.999996254681648,1
5299,0.0059909909909909905,0
5300,0.9999907578558225,1
5301,5.128205128205128e-05,0
5302,1.0,1
5303,1.0,1
5304,0.994996254681648,1
5305,1.0,1
5306,0.9996937693327442,1
5307,0.9999268102372035,1
5308,0.9999852216748769,1
5309,1.0,1
5310,0.998264642730718,1
5311,0.9997673876166242,1
5312,1.0,1
5313,0.9999852216748769,1
5314,0.9997014573726903,1
5315,0.9949305555555555,1
5316,0.9379443483117264,1
5317,1.0,1
5318,0.953013986013986,1
5319,1.0,1
5320,0.9996604729729729,1
5321,0.983433926493137,1
5322,0.999996254681648,1
5323,1.0,1
5324,0.840710823020297,1
5325,0.9999769585253456,1
5326,0.03196443260573696,0
5327,0.929005246620568,1
5328,0.999996254681648,1
5329,1.0,1
5330,0.997611885956681,1
5331,0.9996724946937089,1
5332,0.6242712785233758,1
5333,0.9992082902919887,1
5334,1.0,1
5335,1.0,1
5336,0.998885730838566,1
5337,1.0,1
5338,1.0,1
5339,0.016415247678018573,0
5340,0.9999852216748769,1
5341,1.0,1
5342,0.0163808739009943,0
5343,0.004190661994184566,0
5344,1.0,1
5345,0.9999754299754301,1
5346,0.0014945652173913044,0
5347,0.990322885268952,1
5348,0.999996254681648,1
5349,0.9999759795306994,1
5350,1.0,1
5351,0.9999852216748769,1
5352,0.8875111622427195,1
5353,0.9999754299754301,1
5354,1.0,1
5355,0.9999268102372035,1
5356,0.03756569900687547,0
5357,1.0,1
5358,1.0,1
5359,0.9999372620364987,1
5360,0.9999491807475678,1
5361,0.9785440154214513,1
5362,0.995,1
5363,0.9999759795306994,1
5364,0.9999754299754301,1
5365,1.0,1
5366,0.9999246107229979,1
5367,0.9946837546816479,1
5368,1.0,1
5369,0.9409620575502927,1
5370,0.9997021370345891,1
5371,0.999996254681648,1
5372,0.9945,1
5373,0.9997916666666667,1
5374,0.9999754299754301,1
5375,0.9999907578558225,1
5376,1.0,1
5377,0.998885730838566,1
5378,0.9999852216748769,1
5379,0.9968161627937714,1
5380,0.9416165254575158,1
5381,1.0,1
5382,0.9924161065186204,1
5383,0.93429296131896,1
5384,1.0,1
5385,1.0,1
5386,0.9997222820789082,1
5387,1.0,1
5388,0.995,1
5389,1.0,1
5390,0.04198708178297673,0
5391,1.0,1
5392,0.9998529411764706,1
5393,0.9999342105263157,1
5394,0.9999759795306994,1
5395,0.9999639966171319,1
5396,0.0023343052735433183,0
5397,0.9998923876166242,1
5398,0.9999639966171319,1
5399,0.9999852216748769,1
5400,0.9983447337576146,1
5401,1.0,1
5402,1.0,1
5403,0.9523251640189894,1
5404,0.9961462774814654,1
5405,1.0,1
5406,1.0,1
5407,0.9897021370345891,1
5408,0.9949710021563954,1
5409,0.9999754299754301,1
5410,0.9999852216748769,1
5411,0.9938216739713339,1
5412,0.9997916666666667,1
5413,0.0008695652173913043,0
5414,0.005869565217391304,0
5415,0.9999268102372035,1
5416,0.9970830894155415,1
5417,0.9998679093728903,1
5418,0.9997260273972602,1
5419,0.9996970834667702,1
5420,0.12543235549533394,0
5421,0.9996724946937089,1
5422,1.0,1
5423,0.999996254681648,1
5424,0.9994258286782005,1
5425,1.0,1
5426,1.0,1
5427,0.9912364354349031,1
5428,1.0,1
5429,0.9999759795306994,1
5430,1.0,1
5431,0.012991728346365345,0
5432,0.9999852216748769,1
5433,0.035869565217391305,0
5434,0.9999491807475678,1
5435,0.9999759795306994,1
5436,0.9810631861446991,1
5437,0.9999852216748769,1
5438,0.046022916276834615,0
5439,1.0,1
5440,0.9994444444444445,1
5441,0.9829773028477906,1
5442,0.9253534213870122,1
5443,1.0,1
5444,0.8971666115396618,1
5445,0.7807301784195214,1
5446,0.9989109833638184,1
5447,0.9999476521976522,1
5448,0.9999618320610686,1
5449,0.014034071671429236,0
5450,0.9999477204477205,1
5451,0.9883449428864455,1
5452,0.9180494170056491,1
5453,0.999996254681648,1
5454,0.9999759795306994,1
5455,0.999175304822058,1
5456,1.0,1
5457,0.999996254681648,1
5458,1.0,1
5459,1.0,1
5460,1.0,1
5461,0.8786096348293121,1
5462,0.01130952380952381,0
5463,0.9998931618981427,1
5464,0.9896268330018329,1
5465,0.9999754299754301,1
5466,0.9999907578558225,1
5467,1.0,1
5468,1.0,1
5469,0.9989109833638184,1
5470,0.9999852216748769,1
5471,0.9094417781913559,1
5472,0.005869565217391304,0
5473,0.9999907578558225,1
5474,0.0,0
5475,0.9942857142857143,1
5476,0.8934415695274974,1
5477,0.9999759795306994,1
5478,1.0,1
5479,0.9401637792980871,1
5480,1.0,1
5481,0.9998568539172471,1
5482,0.9997222820789082,1
5483,0.9999852216748769,1
5484,1.0,1
5485,1.0,1
5486,0.9964206366824248,1
5487,0.9999907578558225,1
5488,0.9997959183673469,1
5489,1.0,1
5490,0.012688232871753352,0
5491,0.9999852216748769,1
5492,0.9997959183673469,1
5493,0.7090910614099619,1
5494,1.0,1
5495,0.999996254681648,1
5496,0.9997670966420968,1
5497,1.0,1
5498,1.0,1
5499,1.0,1
5500,1.0,1
5501,0.0012787952787952789,0
5502,0.9920093183527018,1
5503,0.9999618320610686,1
5504,0.998874857853678,1
5505,0.5825575220863577,1
5506,0.9999754299754301,1
5507,0.9998931618981427,1
5508,0.9720707614919759,1
5509,1.0,1
5510,0.9198968456824258,1
5511,1.0,1
5512,1.0,1
5513,0.9999852216748769,1
5514,0.07873010966783339,0
5515,1.0,1
5516,0.9999852216748769,1
5517,0.9999759795306994,1
5518,0.05482943930380069,0
5519,1.0,1
5520,1.0,1
5521,0.9949754299754301,1
5522,1.0,1
5523,1.0,1
5524,1.0,1
5525,0.8598051473478229,1
5526,1.0,1
5527,0.003474055424437104,0
5528,0.999996254681648,1
5529,0.9998679093728903,1
5530,1.0,1
5531,0.03134348187706631,0
5532,0.9999759795306994,1
5533,1.0,1
5534,0.05991846890949148,0
5535,0.8742595668686474,1
5536,0.059456708316150346,0
5537,1.0,1
5538,0.9999541284403669,1
5539,1.0,1
5540,0.014049203878367677,0
5541,1.0,1
5542,1.0,1
5543,1.0,1
5544,1.0,1
5545,0.013847422729775672,0
5546,0.028997709915872097,0
5547,0.005076803813645918,0
5548,0.9859128646075398,1
5549,0.1432709846390097,0
5550,0.9967166984737337,1
5551,0.999996254681648,1
5552,1.0,1
5553,0.9999754299754301,1
5554,0.9999852216748769,1
5555,1.0,1
5556,0.8666734677490414,1
5557,1.0,1
5558,0.9994746382477682,1
5559,0.9997959183673469,1
5560,0.9988301752830104,1
5561,1.0,1
5562,0.9999025504377618,1
5563,0.999178876183857,1
5564,1.0,1
5565,0.9704286261331867,1
5566,0.9999907578558225,1
5567,0.9999759795306994,1
5568,1.0,1
5569,1.0,1
5570,1.0,1
5571,0.025945324682064203,0
5572,1.0,1
5573,1.0,1
5574,1.0,1
5575,0.1293651641601577,0
5576,0.9987254299754301,1
5577,0.9999852216748769,1
5578,0.9999852216748769,1
5579,0.9999268102372035,1
5580,0.8919162573346401,1
5581,0.999996254681648,1
5582,1.0,1
5583,0.9999759795306994,1
5584,0.9998647660818714,1
5585,0.004892757997195601,0
5586,0.9999268102372035,1
5587,0.9999754299754301,1
5588,0.9999852216748769,1
5589,1.0,1
5590,0.9998679093728903,1
5591,0.9997959183673469,1
5592,0.010527472527472527,0
5593,1.0,1
5594,0.9920830894155415,1
5595,1.0,1
5596,0.9975708863176385,1
5597,0.9999759795306994,1
5598,1.0,1
5599,0.9998381628513474,1
5600,0.9949161547911548,1
5601,0.9946732976482976,1
5602,0.9510148026824704,1
5603,1.0,1
5604,0.0016079198579198577,0
5605,0.9999491807475678,1
5606,1.0,1
5607,1.0,1
5608,0.9997222820789082,1
5609,1.0,1
5610,0.006320011174648174,0
5611,0.999603508793164,1
5612,0.9999852216748769,1
5613,0.9491395640019347,1
5614,0.9999268102372035,1
5615,1.0,1
5616,1.0,1
5617,0.9917614004242813,1
5618,1.0,1
5619,0.9886175617804929,1
5620,0.9197110424589109,1
5621,1.0,1
5622,0.9999852216748769,1
5623,1.0,1
5624,0.9555848268243693,1
5625,1.0,1
5626,0.999871254681648,1
5627,0.998889476156918,1
5628,0.9999372620364987,1
5629,0.0079961757251311,0
5630,0.9998529411764706,1
5631,0.9999618320610686,1
5632,0.9935111739732031,1
5633,0.9856997845211795,1
5634,0.961561438296311,1
5635,0.9518410054076746,1
5636,0.9999523885007757,1
5637,1.0,1
5638,0.014312486087943752,0
5639,0.00606569872359346,0
5640,0.9999754299754301,1
5641,1.0,1
5642,0.9989109833638184,1
5643,0.9979109833638184,1
5644,0.9997951653944019,1
5645,0.9998931618981427,1
5646,0.002794191200840817,0
5647,0.9999759795306994,1
5648,0.9997713483427769,1
5649,0.9999769585253456,1
5650,0.9999852216748769,1
5651,0.9999759795306994,1
5652,0.527393018267309,0
5653,0.9989147286821705,1
5654,0.027613906745571452,0
5655,0.06273883531754444,0
5656,0.9998381628513474,1
5657,1.0,1
5658,1.0,1
5659,1.0,1
5660,0.17289367078236859,0
5661,0.014278309485206786,0
5662,1.0,1
5663,0.9999769585253456,1
5664,1.0,1
5665,1.0,1
5666,0.9999852216748769,1
5667,1.0,1
5668,0.02577066715905274,0
5669,1.0,1
5670,1.0,1
5671,0.9884994733697409,1
5672,0.9997959183673469,1
5673,0.9998110911910721,1
5674,1.0,1
5675,0.05752109518229929,0
5676,1.0,1
5677,0.8345360895758955,1
5678,0.9999907578558225,1
5679,0.13341193901474724,0
5680,0.991284006505889,1
5681,0.9997670966420968,1
5682,1.0,1
5683,0.973051147098998,1
5684,0.7208202742258131,1
5685,0.9999759795306994,1
5686,0.9999305555555555,1
5687,0.9999852216748769,1
5688,0.9663796915492958,1
5689,1.0,1
5690,0.996593559770701,1
5691,0.9690353478270193,1
5692,0.9999852216748769,1
5693,0.9999246107229979,1
5694,1.0,1
5695,0.9998931618981427,1
5696,0.9999580867427166,1
5697,0.9994962546816479,1
5698,1.0,1
5699,0.9996296883889965,1
5700,0.9998372345262645,1
5701,0.9986392900856793,1
5702,0.9997670966420968,1
5703,0.9385733083401832,1
5704,1.0,1
5705,0.9968237849871976,1
5706,1.0,1
5707,0.016975513951581846,0
5708,1.0,1
5709,1.0,1
5710,0.17460384958179076,0
5711,1.0,1
5712,0.9996937693327442,1
5713,1.0,1
5714,1.0,1
5715,0.9998931618981427,1
5716,0.9659485256661569,1
5717,0.9996724946937089,1
5718,0.14737591824832458,0
5719,0.042409901978878686,0
5720,0.007801668159334502,0
5721,0.999996254681648,1
5722,1.0,1
5723,0.03463723627104202,0
5724,0.07458232864302866,0
5725,0.9997670966420968,1
5726,0.9919951321961318,1
5727,0.9165962762931247,1
5728,0.1471152744847305,0
5729,1.0,1
5730,1.0,1
5731,0.9938147286821706,1
5732,0.9999907578558225,1
5733,0.9999372620364987,1
5734,1.0,1
5735,0.9999852216748769,1
5736,0.9999754299754301,1
5737,0.9792177265503552,1
5738,0.9346965110484418,1
5739,0.9999618320610686,1
5740,1.0,1
5741,0.9999372620364987,1
5742,1.0,1
5743,1.0,1
5744,0.208648856117608,0
5745,1.0,1
5746,1.0,1
5747,1.0,1
5748,1.0,1
5749,0.9998436990322932,1
5750,0.9740811083124228,1
5751,1.0,1
5752,0.02548322703491952,0
5753,1.0,1
5754,0.9999852216748769,1
5755,1.0,1
5756,1.0,1
5757,0.999996254681648,1
5758,0.999996254681648,1
5759,0.9996724946937089,1
5760,1.0,1
5761,1.0,1
5762,1.0,1
5763,0.9875660705105639,1
5764,1.0,1
5765,0.9999759795306994,1
5766,0.9866049188881282,1
5767,0.9494259595973327,1
5768,0.9800524817555233,1
5769,1.0,1
5770,1.0,1
5771,0.985,1
5772,0.3591416471202812,0
5773,0.9998381628513474,1
5774,0.0021518987107222404,0
5775,0.9997021370345891,1
5776,1.0,1
5777,0.04045807382767424,0
5778,0.9999852216748769,1
5779,0.9953849281087993,1
5780,1.0,1
5781,0.999996254681648,1
5782,0.9999491807475678,1
5783,0.9301505527065835,1
5784,0.008380229419703103,0
5785,0.9999852216748769,1
5786,0.9940423262073246,1
5787,0.9999852216748769,1
5788,1.0,1
5789,0.11543841225801305,0
5790,0.9815062147976367,1
5791,0.9999907578558225,1
5792,1.0,1
5793,1.0,1
5794,0.999663289433759,1
5795,1.0,1
5796,0.1903378021708766,0
5797,1.0,1
5798,1.0,1
5799,0.8545975274725275,1
5800,0.9982494733697409,1
5801,0.9650849423341386,1
5802,0.9842489074043951,1
5803,0.9999852216748769,1
5804,0.9947021370345891,1
5805,0.09137277695610939,0
5806,0.999996254681648,1
5807,1.0,1
5808,1.0,1
5809,0.999996254681648,1
5810,0.9778936912772481,1
5811,0.9999852216748769,1
5812,1.0,1
5813,0.9999729729729729,1
5814,0.932456734783457,1
5815,0.952658799091819,1
5816,0.8952215865084745,1
5817,1.0,1
5818,1.0,1
5819,0.9940357142857144,1
5820,0.9999852216748769,1
5821,0.999996254681648,1
5822,1.0,1
5823,1.0,1
5824,0.9868698679902049,1
5825,0.999996254681648,1
5826,0.9999754299754301,1
5827,0.03773319048289938,0
5828,0.999996254681648,1
5829,1.0,1
5830,1.0,1
5831,0.9999618320610686,1
5832,1.0,1
5833,0.994996254681648,1
5834,1.0,1
5835,0.9999618320610686,1
5836,0.9999852216748769,1
5837,0.999996254681648,1
5838,1.0,1
5839,1.0,1
5840,0.999996254681648,1
5841,0.9127946604863736,1
5842,0.031237172941203362,0
5843,0.024276169601205103,0
5844,1.0,1
5845,0.9251640187499588,1
5846,0.9987913163775554,1
5847,0.9999759795306994,1
5848,0.9998931618981427,1
5849,0.9998401960573013,1
5850,0.9022486005190435,1
5851,1.0,1
5852,1.0,1
5853,0.9999852216748769,1
5854,0.999996254681648,1
5855,1.0,1
5856,0.03683955245578165,0
5857,0.7758353009415871,1
5858,0.9525474721451972,1
5859,0.9999769585253456,1
5860,1.0,1
5861,0.9999754299754301,1
5862,0.8886839408396849,1
5863,0.999996254681648,1
5864,0.9999852216748769,1
5865,0.9999268102372035,1
5866,1.0,1
5867,0.9971356122970163,1
5868,1.0,1
5869,0.9999769585253456,1
5870,0.8628376488576912,1
5871,0.9961827660790727,1
5872,1.0,1
5873,1.0,1
5874,0.9999639966171319,1
5875,0.9960437515143111,1
5876,1.0,1
5877,0.9999852216748769,1
5878,0.999996254681648,1
5879,0.9999305555555555,1
5880,0.154510418661449,0
5881,1.0,1
5882,0.9989109833638184,1
5883,0.9999852216748769,1
5884,0.9999618320610686,1
5885,1.0,1
5886,1.0,1
5887,0.9999852216748769,1
5888,1.0,1
5889,1.0,1
5890,0.9999759795306994,1
5891,0.9999769585253456,1
5892,0.9997670966420968,1
5893,0.9992336425491526,1
5894,0.9999618320610686,1
5895,0.6469122103592874,1
5896,1.0,1
5897,0.9973519545373479,1
5898,1.0,1
5899,0.9999618320610686,1
5900,1.0,1
5901,0.9999372620364987,1
5902,0.9605447570424009,1
5903,0.9999000000000001,1
5904,0.9621722789309595,1
5905,1.0,1
5906,0.9999268102372035,1
5907,0.9999759795306994,1
5908,0.9187155584562453,1
5909,0.9770255557893788,1
5910,0.999996254681648,1
5911,1.0,1
5912,1.0,1
5913,0.999996254681648,1
5914,0.9999754299754301,1
5915,0.006622362530257267,0
5916,1.0,1
5917,0.9998688066363104,1
5918,0.9983796883889964,1
5919,0.9999769585253456,1
5920,0.9735557859582442,1
5921,1.0,1
5922,0.904972954699121,1
5923,1.0,1
5924,0.9981287255823384,1
5925,0.9999759795306994,1
5926,0.9999759795306994,1
5927,1.0,1
5928,1.0,1
5929,1.0,1
5930,0.1640524021407584,0
5931,0.998885730838566,1
5932,0.9937207476498618,1
5933,1.0,1
5934,0.9999639966171319,1
5935,0.9999852216748769,1
5936,0.9999759795306994,1
5937,0.9764098088216432,1
5938,0.9966184350653868,1
5939,0.9940204584860693,1
5940,0.999996254681648,1
5941,0.9949220568441837,1
5942,0.9444910567512627,1
5943,0.9999852216748769,1
5944,1.0,1
5945,0.9973519545373479,1
5946,0.9985872233758794,1
5947,0.008625620638391536,0
5948,1.0,1
5949,1.0,1
5950,0.11267204143463302,0
5951,0.02789059161574845,0
5952,0.9949759795306994,1
5953,1.0,1
5954,0.027212722077599,0
5955,1.0,1
5956,0.9932082902919888,1
5957,0.9999639966171319,1
5958,0.9999852216748769,1
5959,1.0,1
5960,0.999996254681648,1
5961,1.0,1
5962,0.9999406991260923,1
5963,0.9999907578558225,1
5964,0.999875,1
5965,1.0,1
5966,1.0,1
5967,0.013384168325098282,0
5968,0.9999852216748769,1
5969,1.0,1
5970,0.9999759795306994,1
5971,0.9612254562841676,1
5972,1.0,1
5973,1.0,1
5974,0.9998917645472524,1
5975,1.0,1
5976,0.04878471347756379,0
5977,0.9657859173689041,1
5978,0.9999754299754301,1
5979,0.9999769585253456,1
5980,1.0,1
5981,0.9471086488157102,1
5982,0.995,1
5983,0.006375652125652126,0
5984,0.9668078324868814,1
5985,0.0020915297293006272,0
5986,1.0,1
5987,1.0,1
5988,0.9998780487804878,1
5989,0.9999852216748769,1
5990,0.0029248630626339607,0
5991,1.0,1
5992,0.9999618320610686,1
5993,0.9997713483427769,1
5994,0.03259805534776425,0
5995,0.9999759795306994,1
5996,1.0,1
5997,0.9999907578558225,1
5998,1.0,1
5999,0.0242061733523732,0
6000,0.9998275862068965,1
6001,0.22428472885819808,0
6002,1.0,1
6003,1.0,1
6004,0.2066837522659374,0
6005,1.0,1
6006,1.0,1
6007,0.01655808867391153,0
6008,1.0,1
6009,0.9693726563210855,1
6010,0.9999759795306994,1
6011,1.0,1
6012,1.0,1
6013,0.9997260273972602,1
6014,0.9996937693327442,1
6015,0.9999759795306994,1
6016,0.05997206987004407,0
6017,1.0,1
6018,1.0,1
6019,0.05417092024049512,0
6020,0.999996254681648,1
6021,1.0,1
6022,1.0,1
6023,0.9470977860017489,1
6024,0.9842845734829515,1
6025,0.9966022429963892,1
6026,1.0,1
6027,0.05818191400962202,0
6028,0.9999852216748769,1
6029,0.013796987851324907,0
6030,1.0,1
6031,0.9989109833638184,1
6032,1.0,1
6033,0.9992289493720198,1
6034,1.0,1
6035,0.9976000609338377,1
6036,0.9999759795306994,1
6037,1.0,1
6038,0.9499807777852339,1
6039,1.0,1
6040,0.9998055555555555,1
6041,0.9788080651920618,1
6042,0.9947021370345891,1
6043,0.5386997607391627,1
6044,0.9999759795306994,1
6045,1.0,1
6046,0.9249999757076747,1
6047,0.9999618320610686,1
6048,1.0,1
6049,1.0,1
6050,1.0,1
6051,1.0,1
6052,1.0,1
6053,0.9999639966171319,1
6054,1.0,1
6055,1.0,1
6056,1.0,1
6057,0.9997260273972602,1
6058,1.0,1
6059,1.0,1
6060,0.994996254681648,1
6061,0.9894008014155697,1
6062,0.99980202811837,1
6063,0.9999342105263157,1
6064,0.9989811487855094,1
6065,0.9999759795306994,1
6066,1.0,1
6067,0.998885730838566,1
6068,0.09088550469410941,0
6069,0.8423823428444679,1
6070,1.0,1
6071,0.9996296883889965,1
6072,0.21688518309296598,0
6073,1.0,1
6074,0.9982082902919888,1
6075,0.41878103311275927,0
6076,0.9999747474747476,1
6077,0.9999096405017458,1
6078,0.9999754299754301,1
6079,0.9989109833638184,1
6080,0.999996254681648,1
6081,1.0,1
6082,0.999996254681648,1
6083,0.9992415791826634,1
6084,0.9988447337576147,1
6085,0.9999618320610686,1
6086,1.0,1
6087,0.9945055349893651,1
6088,0.9999759795306994,1
6089,0.0020915297293006272,0
6090,0.999996254681648,1
6091,0.9999759795306994,1
6092,0.9884155300977402,1
6093,1.0,1
6094,0.9943487506057234,1
6095,1.0,1
6096,0.011362921019943004,0
6097,0.9999852216748769,1
6098,0.98801798942973,1
6099,1.0,1
6100,0.994996254681648,1
6101,1.0,1
6102,0.9988912337662338,1
6103,1.0,1
6104,0.8964463187809628,1
6105,0.9604103798850302,1
6106,1.0,1
6107,0.006509705652021754,0
6108,0.983399396080944,1
6109,0.9999852216748769,1
6110,1.0,1
6111,0.999996254681648,1
6112,1.0,1
6113,1.0,1
6114,0.9894414899585453,1
6115,0.9999759795306994,1
6116,0.9998275862068965,1
6117,1.0,1
6118,0.9997581167589389,1
6119,1.0,1
6120,0.004794529544529544,0
6121,0.030322612189239408,0
6122,0.018290247678018574,0
6123,1.0,1
6124,1.0,1
6125,0.9999852216748769,1
6126,1.0,1
6127,0.9998931618981427,1
6128,0.755421448903899,1
6129,0.9994534227178966,1
6130,0.999996254681648,1
6131,1.0,1
6132,0.9999754299754301,1
6133,0.012125275767591868,0
6134,0.01944417706210966,0
6135,0.027428110863733285,0
6136,0.999996254681648,1
6137,1.0,1
6138,0.9999754299754301,1
6139,1.0,1
6140,0.9997260273972602,1
6141,0.9999000000000001,1
6142,0.10978418111266837,0
6143,0.9999852216748769,1
6144,1.0,1
6145,0.9927104206994847,1
6146,1.0,1
6147,1.0,1
6148,1.0,1
6149,1.0,1
6150,0.9999754299754301,1
6151,0.9999754299754301,1
6152,0.0031106301106301106,0
6153,0.032573911624575104,0
6154,0.9837278811591489,1
6155,0.010368535640689203,0
6156,0.9999759795306994,1
6157,0.9999907578558225,1
6158,0.061365560577933985,0
6159,1.0,1
6160,0.8037999213047002,1
6161,0.9983796883889964,1
6162,0.9980378208205936,1
6163,0.999996254681648,1
6164,0.9960390750891335,1
6165,0.9997260273972602,1
6166,0.9999639966171319,1
6167,1.0,1
6168,0.9412975338811951,1
6169,0.9694526479803899,1
6170,0.08044840691456454,0
6171,0.9997670966420968,1
6172,0.9534341059674926,1
6173,1.0,1
6174,1.0,1
6175,1.0,1
6176,1.0,1
6177,0.985776766009511,1
6178,0.9873608892182838,1
6179,0.9998931618981427,1
6180,0.9999491807475678,1
6181,0.9965238671770809,1
6182,0.030615536525227523,0
6183,0.9999852216748769,1
6184,0.021739680897292005,0
6185,1.0,1
6186,0.9999759795306994,1
6187,0.9994534227178966,1
6188,0.9737319026807087,1
6189,0.04895234406576713,0
6190,0.9999852216748769,1
6191,1.0,1
6192,1.0,1
6193,1.0,1
6194,0.9997768883415437,1
6195,0.10261709295990844,0
6196,0.9973655931001832,1
6197,1.0,1
6198,0.991635344034342,1
6199,0.9820037324331442,1
6200,1.0,1
6201,0.9992162698412699,1
6202,1.0,1
6203,1.0,1
6204,0.22469276298651303,0
6205,1.0,1
6206,0.9938455170218607,1
6207,0.9934155300977402,1
6208,0.999996254681648,1
6209,0.9571754894882342,1
6210,0.9998678175920542,1
6211,0.05671596038718361,0
6212,0.9998238408885445,1
6213,0.9989109833638184,1
6214,0.9999759795306994,1
6215,0.9999852216748769,1
6216,0.9780739348117229,1
6217,0.999996254681648,1
6218,0.999996254681648,1
6219,0.9787311334560407,1
6220,1.0,1
6221,1.0,1
6222,0.9986439385206597,1
6223,0.999996254681648,1
6224,0.9518614991106954,1
6225,1.0,1
6226,0.9767851755404467,1
6227,1.0,1
6228,0.9997916666666667,1
6229,0.9948238408885445,1
6230,0.9999769585253456,1
6231,1.0,1
6232,1.0,1
6233,0.9055656113209052,1
6234,0.999996254681648,1
6235,0.9999852216748769,1
6236,1.0,1
6237,1.0,1
6238,1.0,1
6239,1.0,1
6240,1.0,1
6241,0.03313154490443111,0
6242,1.0,1
6243,0.9998381628513474,1
6244,0.9999759795306994,1
6245,1.0,1
6246,0.030406002275458324,0
6247,0.9999759795306994,1
6248,0.995,1
6249,0.022706028023217733,0
6250,0.9996937693327442,1
6251,0.10602007484994613,0
6252,0.9921166351405852,1
6253,0.014331914344685242,0
6254,0.999996254681648,1
6255,1.0,1
6256,0.9999476521976522,1
6257,1.0,1
6258,1.0,1
6259,0.98257293635115,1
6260,0.06832668007869035,0
6261,1.0,1
6262,0.1324046454377198,0
6263,1.0,1
6264,1.0,1
6265,0.9947959183673469,1
6266,1.0,1
6267,0.02190247126846666,0
6268,0.9998679093728903,1
6269,1.0,1
6270,0.9832576995044517,1
6271,1.0,1
6272,0.9648631028178812,1
6273,0.9999618320610686,1
6274,0.9999491807475678,1
6275,0.9949754299754301,1
6276,0.9989598568063751,1
6277,1.0,1
6278,1.0,1
6279,0.9451301616987664,1
6280,1.0,1
6281,0.9999754299754301,1
6282,1.0,1
6283,1.0,1
6284,0.9208592891516113,1
6285,1.0,1
6286,1.0,1
6287,0.999996254681648,1
6288,1.0,1
6289,0.9996937693327442,1
6290,0.9703260696373183,1
6291,0.994996254681648,1
6292,1.0,1
6293,0.9995598285648094,1
6294,1.0,1
6295,1.0,1
6296,0.9989109833638184,1
6297,0.1614832136476887,0
6298,1.0,1
6299,0.9998679093728903,1
6300,1.0,1
6301,0.9949268102372035,1
6302,0.9999372620364987,1
6303,1.0,1
6304,0.9999639966171319,1
6305,0.999996254681648,1
6306,0.999996254681648,1
6307,0.999996254681648,1
6308,1.0,1
6309,1.0,1
6310,0.999996254681648,1
6311,0.9999096405017458,1
6312,0.9999759795306994,1
6313,0.9944414899585453,1
6314,0.9946425261091464,1
6315,1.0,1
6316,0.9999852216748769,1
6317,1.0,1
6318,1.0,1
6319,0.354870278087424,0
6320,1.0,1
6321,0.9998678175920542,1
6322,1.0,1
6323,0.9989147286821705,1
6324,0.008161912161912161,0
6325,0.9993381146899151,1
6326,1.0,1
6327,0.9999268102372035,1
6328,0.9961111111111112,1
6329,0.018837612709584887,0
6330,0.04811685941530357,0
6331,1.0,1
6332,1.0,1
6333,0.9997260273972602,1
6334,0.9974693501155703,1
6335,1.0,1
6336,0.9786242089173323,1
6337,0.9850939034032797,1
6338,0.999875,1
6339,0.9991548800484685,1
6340,0.9813864890135525,1
6341,1.0,1
6342,1.0,1
6343,1.0,1
6344,0.999996254681648,1
6345,0.9197457591769096,1
6346,0.9969212357853244,1
6347,1.0,1
6348,0.9999246107229979,1
6349,0.9999852216748769,1
6350,0.2294275475501151,0
6351,1.0,1
6352,0.9613781009407716,1
6353,1.0,1
6354,1.0,1
6355,1.0,1
6356,1.0,1
6357,1.0,1
6358,1.0,1
6359,1.0,1
6360,0.027137233133355605,0
6361,1.0,1
6362,0.9661934122774669,1
6363,1.0,1
6364,0.9999618320610686,1
6365,0.9999618320610686,1
6366,0.9986168657167596,1
6367,0.8090372834839928,1
6368,1.0,1
6369,1.0,1
6370,0.9999754299754301,1
6371,0.9988147286821706,1
6372,1.0,1
6373,0.9999852216748769,1
6374,0.9987349471159499,1
6375,0.11200459883700484,0
6376,0.9999907578558225,1
6377,1.0,1
6378,1.0,1
6379,1.0,1
6380,0.9991666666666665,1
6381,1.0,1
6382,0.052634449131276684,0
6383,0.9917598149965515,1
6384,0.9997260273972602,1
6385,1.0,1
6386,0.9999754299754301,1
6387,1.0,1
6388,0.9994021051798556,1
6389,1.0,1
6390,0.006641083874360291,0
6391,0.9999268102372035,1
6392,0.9999852216748769,1
6393,0.9999759795306994,1
6394,1.0,1
6395,0.9998285392941502,1
6396,0.9997499999999999,1
6397,0.9996724946937089,1
6398,0.9999639966171319,1
6399,1.0,1
6400,1.0,1
6401,1.0,1
6402,0.16702446382593444,0
6403,1.0,1
6404,0.013895991880413246,0
6405,0.9999852216748769,1
6406,0.999996254681648,1
6407,0.9998679093728903,1
6408,0.9997260273972602,1
6409,1.0,1
6410,0.9303128834949058,1
6411,0.994996254681648,1
6412,0.9999852216748769,1
6413,0.9999268102372035,1
6414,0.996376078481866,1
6415,0.9994344399668855,1
6416,0.999996254681648,1
6417,1.0,1
6418,1.0,1
6419,0.99982659814294,1
6420,1.0,1
6421,1.0,1
6422,0.9624037680579128,1
6423,0.9993223515616434,1
6424,0.999996254681648,1
6425,0.9721783855698308,1
6426,1.0,1
6427,0.9999907578558225,1
6428,0.9994414899585453,1
6429,0.9999722222222222,1
6430,1.0,1
6431,1.0,1
6432,1.0,1
6433,1.0,1
6434,0.9999759795306994,1
6435,0.9999754299754301,1
6436,1.0,1
6437,0.7639842004045672,1
6438,0.9829371184732549,1
6439,1.0,1
6440,0.9836266335739563,1
6441,0.010027067703168633,0
6442,0.9999907578558225,1
6443,0.009925389872985474,0
6444,0.9991158474142344,1
6445,1.0,1
6446,1.0,1
6447,1.0,1
6448,0.027156199952927826,0
6449,0.9999372620364987,1
6450,1.0,1
6451,1.0,1
6452,1.0,1
6453,0.9972488617538428,1
6454,1.0,1
6455,0.998005639326186,1
6456,1.0,1
6457,0.9999268102372035,1
6458,0.9514663195066042,1
6459,0.9989109833638184,1
6460,0.9943573861796285,1
6461,0.9999907578558225,1
6462,1.0,1
6463,0.9997160224050523,1
6464,0.9999852216748769,1
6465,0.9643005344526233,1
6466,1.0,1
6467,0.06403251338218759,0
6468,1.0,1
6469,1.0,1
6470,1.0,1
6471,1.0,1
6472,0.9999754299754301,1
6473,1.0,1
6474,0.99,1
6475,0.9999852216748769,1
6476,1.0,1
6477,0.9536827268966804,1
6478,1.0,1
6479,0.910393330466091,1
6480,0.9999246107229979,1
6481,1.0,1
6482,1.0,1
6483,0.9427973348538532,1
6484,0.9880935179417613,1
6485,1.0,1
6486,1.0,1
6487,1.0,1
6488,0.999996254681648,1
6489,1.0,1
6490,1.0,1
6491,0.9998624870515169,1
6492,0.9999268102372035,1
6493,0.9912462701753662,1
6494,1.0,1
6495,0.9533893544699131,1
6496,0.9999639966171319,1
6497,0.9695868262487163,1
6498,0.9967817360859792,1
6499,0.9999907578558225,1
6500,0.9980220750901414,1
6501,0.17565492485460446,0
6502,0.9929166666666667,1
6503,0.9428393790109617,1
6504,0.037623533299856134,0
6505,1.0,1
6506,1.0,1
6507,1.0,1
6508,0.9999852216748769,1
6509,0.9997768883415437,1
6510,0.19035776556969786,0
6511,1.0,1
6512,1.0,1
6513,0.9998381628513474,1
6514,0.9997260273972602,1
6515,0.987042867402632,1
6516,1.0,1
6517,0.9999759795306994,1
6518,1.0,1
6519,0.044842653063100174,0
6520,0.9929645968349052,1
6521,0.9340462202358034,1
6522,0.9999852216748769,1
6523,0.05435417516659866,0
6524,0.016194452642263123,0
6525,1.0,1
6526,0.9797229915567436,1
6527,1.0,1
6528,0.9999000000000001,1
6529,1.0,1
6530,0.9999754299754301,1
6531,1.0,1
6532,1.0,1
6533,0.016588868098292294,0
6534,0.0032277016355963728,0
6535,0.993504288209341,1
6536,0.9999852216748769,1
6537,1.0,1
6538,0.9999305555555555,1
6539,1.0,1
6540,0.9986964047466121,1
6541,1.0,1
6542,1.0,1
6543,0.9999025504377618,1
6544,0.9999754299754301,1
6545,0.9733597683892066,1
6546,1.0,1
6547,1.0,1
6548,0.978390878734284,1
6549,0.9999268102372035,1
6550,0.999996254681648,1
6551,1.0,1
6552,0.9999769585253456,1
6553,0.03664095892901269,0
6554,1.0,1
6555,1.0,1
6556,0.999996254681648,1
6557,0.06752143438530736,0
6558,1.0,1
6559,0.9999852216748769,1
6560,0.9939811487855095,1
6561,0.9931865157012839,1
6562,0.9913023056768648,1
6563,1.0,1
6564,0.982738154769889,1
6565,0.9989147286821705,1
6566,0.9999852216748769,1
6567,0.9999754299754301,1
6568,0.9999268102372035,1
6569,0.999996254681648,1
6570,1.0,1
6571,0.009217724801924272,0
6572,0.9535469766479975,1
6573,1.0,1
6574,0.00934828319425556,0
6575,1.0,1
6576,0.9999852216748769,1
6577,0.9998285392941502,1
6578,0.999996254681648,1
6579,0.9999372620364987,1
6580,1.0,1
6581,1.0,1
6582,0.9999759795306994,1
6583,0.900420783622151,1
6584,0.9998780487804878,1
6585,0.9999406991260923,1
6586,0.9999754299754301,1
6587,0.029871685369591075,0
6588,0.9620270123729425,1
6589,1.0,1
6590,0.9997260273972602,1
6591,0.9838119733697408,1
6592,0.9999639966171319,1
6593,0.9999852216748769,1
6594,1.0,1
6595,0.9969297818556215,1
6596,0.8748194983987198,1
6597,0.9840419066272471,1
6598,1.0,1
6599,1.0,1
6600,0.9997713483427769,1
6601,0.9999491807475678,1
6602,0.994996254681648,1
6603,0.9999852216748769,1
6604,0.9949618320610686,1
6605,0.02613495559816145,0
6606,0.15396269945598076,0
6607,1.0,1
6608,1.0,1
6609,0.9943357828935504,1
6610,1.0,1
6611,0.9999852216748769,1
6612,0.9918189872177051,1
6613,0.00836408769489361,0
6614,0.7399546255854562,1
6615,1.0,1
6616,0.9989549251297355,1
6617,0.999996254681648,1
6618,0.99982659814294,1
6619,0.9999907578558225,1
6620,0.02723016607470947,0
6621,0.9999268102372035,1
6622,0.9997260273972602,1
6623,0.9999372620364987,1
6624,1.0,1
6625,0.9905106174227831,1
6626,1.0,1
6627,0.9999759795306994,1
6628,0.9999754299754301,1
6629,0.9999852216748769,1
6630,0.999996254681648,1
6631,0.9909776950045319,1
6632,0.9999852216748769,1
6633,0.995,1
6634,0.995,1
6635,0.9985872233758794,1
6636,1.0,1
6637,1.0,1
6638,0.9742097404465249,1
6639,0.9999580867427166,1
6640,1.0,1
6641,1.0,1
6642,0.9997499999999999,1
6643,1.0,1
6644,0.9973537918194026,1
6645,0.9997915828240284,1
6646,1.0,1
6647,1.0,1
6648,1.0,1
6649,0.9999852216748769,1
6650,0.9766176884127559,1
6651,1.0,1
6652,0.9999710021563954,1
6653,0.9888031366122018,1
6654,0.9148128669453038,1
6655,0.999996254681648,1
6656,0.9915554731747045,1
6657,0.9948679093728903,1
6658,0.9735793493803798,1
6659,0.9999729729729729,1
6660,0.9999754299754301,1
6661,0.999996254681648,1
6662,0.9929109833638186,1
6663,1.0,1
6664,1.0,1
6665,1.0,1
6666,0.998885730838566,1
6667,0.9999759795306994,1
6668,0.974876916163529,1
6669,0.9711581559323101,1
6670,0.9982897286821705,1
6671,0.9999852216748769,1
6672,0.9981676467739612,1
6673,0.9781022964963921,1
6674,0.6649123643270937,0
6675,0.9999852216748769,1
6676,0.9999754299754301,1
6677,0.9904248234426254,1
6678,1.0,1
6679,0.9997670966420968,1
6680,1.0,1
6681,0.9988844951701568,1
6682,1.0,1
6683,0.9998931618981427,1
6684,0.9999759795306994,1
6685,0.9212609929033719,1
6686,0.999996254681648,1
6687,0.9989109833638184,1
6688,1.0,1
6689,0.9621267437149404,1
6690,1.0,1
6691,0.9912405978892367,1
6692,0.9999852216748769,1
6693,1.0,1
6694,1.0,1
6695,0.9999852216748769,1
6696,0.9998688066363104,1
6697,0.9988147286821706,1
6698,0.9999852216748769,1
6699,0.9998679093728903,1
6700,1.0,1
6701,0.9999852216748769,1
6702,0.999996254681648,1
6703,0.9998679093728903,1
6704,1.0,1
6705,0.9999852216748769,1
6706,1.0,1
6707,0.9999754299754301,1
6708,0.9999754299754301,1
6709,1.0,1
6710,0.7722960663414594,1
6711,0.9912202463136296,1
6712,1.0,1
6713,0.9999852216748769,1
6714,0.9999852216748769,1
6715,0.9999268102372035,1
6716,0.9735860472518002,1
6717,0.999996254681648,1
6718,0.7879761269299581,1
6719,0.9998537918194026,1
6720,0.9999759795306994,1
6721,0.0312497732830138,0
6722,1.0,1
6723,0.999996254681648,1
6724,0.9999491807475678,1
6725,0.9794821529462651,1
6726,0.9985872233758794,1
6727,0.9761412279600443,1
6728,1.0,1
6729,1.0,1
6730,0.995,1
6731,0.9913931625105357,1
6732,1.0,1
6733,0.998885730838566,1
6734,0.9851231893950567,1
6735,0.9999372620364987,1
6736,1.0,1
6737,0.060164548773792986,0
6738,0.9958753946402394,1
6739,0.9999852216748769,1
6740,0.9667233098981955,1
6741,0.014631454947362092,0
6742,0.9999754299754301,1
6743,1.0,1
6744,0.9999754299754301,1
6745,1.0,1
6746,0.995,1
6747,0.9590144404107002,1
6748,1.0,1
6749,0.999996254681648,1
6750,0.9997978644475244,1
6751,1.0,1
6752,0.9998679093728903,1
6753,0.9882134268882781,1
6754,0.02066003934468524,0
6755,0.9996900240143921,1
6756,1.0,1
6757,1.0,1
6758,1.0,1
6759,0.9997270713336287,1
6760,0.9997463777811759,1
6761,0.02261371241170962,0
6762,0.9732953343832679,1
6763,0.9785404929340814,1
6764,0.9999852216748769,1
6765,1.0,1
6766,1.0,1
6767,0.9848070404575695,1
6768,1.0,1
6769,0.999996254681648,1
6770,0.9390179468362363,1
6771,0.9998529411764706,1
6772,0.9999754299754301,1
6773,0.12193162331734313,0
6774,0.999996254681648,1
6775,0.9998285392941502,1
6776,0.9999852216748769,1
6777,0.9997260273972602,1
6778,1.0,1
6779,0.9607130878564802,1
6780,0.9989109833638184,1
6781,0.9999754299754301,1
6782,0.9999305555555555,1
6783,0.9996724946937089,1
6784,1.0,1
6785,1.0,1
6786,1.0,1
6787,0.9998381628513474,1
6788,1.0,1
6789,1.0,1
6790,0.9999852216748769,1
6791,0.9998909022659024,1
6792,0.9999268102372035,1
6793,0.9998110911910721,1
6794,1.0,1
6795,0.9994786400364076,1
6796,1.0,1
6797,0.9998931618981427,1
6798,0.02704558257615441,0
6799,1.0,1
6800,0.9106687915439499,1
6801,0.03193427938813608,0
6802,0.9991508161801955,1
6803,0.9946937693327442,1
6804,0.9999268102372035,1
6805,0.9999759795306994,1
6806,0.9999759795306994,1
6807,0.9999639966171319,1
6808,0.9999747474747476,1
6809,0.9973301158301158,1
6810,0.9999852216748769,1
6811,0.9015850164784319,1
6812,0.02028057975547995,0
6813,1.0,1
6814,1.0,1
6815,0.9608933776163932,1
6816,0.9960638026215003,1
6817,1.0,1
6818,1.0,1
6819,0.9998436990322932,1
6820,0.9999618320610686,1
6821,1.0,1
6822,1.0,1
6823,1.0,1
6824,0.9819193811322786,1
6825,1.0,1
6826,0.9938215388022316,1
6827,0.9843369434443772,1
6828,0.9997768883415437,1
6829,0.9999639966171319,1
6830,1.0,1
6831,0.9737196413737014,1
6832,1.0,1
6833,1.0,1
6834,1.0,1
6835,0.9691104077590249,1
6836,0.999996254681648,1
6837,1.0,1
6838,0.044205750104732336,0
6839,1.0,1
6840,1.0,1
6841,0.19459303723077062,0
6842,0.9571447942023262,1
6843,0.026229810491504038,0
6844,1.0,1
6845,0.9882579075219532,1
6846,0.999996254681648,1
6847,0.999996254681648,1
6848,0.9997809855309856,1
6849,0.843792523998969,1
6850,0.9990296040589834,1
6851,0.9999852216748769,1
6852,0.9999852216748769,1
6853,1.0,1
6854,0.01171085328385576,0
6855,0.9932865157012839,1
6856,1.0,1
6857,0.9995992596514004,1
6858,0.9998529411764706,1
6859,1.0,1
6860,0.9224487625790381,1
6861,1.0,1
6862,1.0,1
6863,0.9765140163206862,1
6864,0.9999754299754301,1
6865,0.9998679093728903,1
6866,1.0,1
6867,0.982314543036921,1
6868,0.9999769585253456,1
6869,1.0,1
6870,0.9997260273972602,1
6871,0.04108309280435627,0
6872,1.0,1
6873,0.999996254681648,1
6874,1.0,1
6875,1.0,1
6876,0.9955084226265517,1
6877,0.9940984839752052,1
6878,0.9999759795306994,1
6879,0.9992077302477286,1
6880,1.0,1
6881,0.9987962503622722,1
6882,0.9998679093728903,1
6883,1.0,1
6884,1.0,1
6885,1.0,1
6886,0.9995154172723901,1
6887,0.9989147286821705,1
6888,0.9821397272938474,1
6889,1.0,1
6890,1.0,1
6891,1.0,1
6892,1.0,1
6893,0.999996254681648,1
6894,1.0,1
6895,0.9999852216748769,1
6896,1.0,1
6897,0.8877100493449448,1
6898,0.9992082902919887,1
6899,0.999996254681648,1
6900,0.9975752151043419,1
6901,0.9983483847184703,1
6902,0.968066536064772,1
6903,1.0,1
6904,0.99917862859074,1
6905,0.038933103259190895,0
6906,0.9967919270483538,1
6907,0.9999759795306994,1
6908,1.0,1
6909,1.0,1
6910,0.9999268102372035,1
6911,1.0,1
6912,0.9942615944822769,1
6913,0.9987325274987487,1
6914,0.9998909022659024,1
6915,0.9810149684342648,1
6916,0.999996254681648,1
6917,0.9999852216748769,1
6918,0.995,1
6919,0.9999268102372035,1
6920,0.9999852216748769,1
6921,0.9542540096370412,1
6922,0.9954032623192055,1
6923,1.0,1
6924,1.0,1
6925,0.9610713075221406,1
6926,0.999996254681648,1
6927,1.0,1
6928,0.9999759795306994,1
6929,1.0,1
6930,0.9996169391381532,1
6931,0.018384205856710384,0
6932,0.999996254681648,1
6933,0.9795547168893174,1
6934,1.0,1
6935,0.9999754299754301,1
6936,0.9998931618981427,1
6937,0.9999852216748769,1
6938,0.9999305555555555,1
6939,0.9998931618981427,1
6940,0.9999852216748769,1
6941,1.0,1
6942,1.0,1
6943,0.8526049744477698,1
6944,0.9999754299754301,1
6945,1.0,1
6946,0.8839238484808449,1
6947,0.9968853316923895,1
6948,1.0,1
6949,0.09008468671595281,0
6950,0.9999759795306994,1
6951,0.9999754299754301,1
6952,0.999996254681648,1
6953,0.010378640811978212,0
6954,0.9999852216748769,1
6955,0.9989109833638184,1
6956,0.9997959183673469,1
6957,1.0,1
6958,0.9997768883415437,1
6959,1.0,1
6960,1.0,1
6961,0.9999268102372035,1
6962,1.0,1
6963,1.0,1
6964,0.9949485827290705,1
6965,0.023124362006674212,0
6966,1.0,1
6967,0.999996254681648,1
6968,0.9999907578558225,1
6969,1.0,1
6970,0.9974671281399042,1
6971,0.9991666666666665,1
6972,0.07552503417661571,0
6973,0.9992857142857143,1
6974,1.0,1
6975,0.9999268102372035,1
6976,0.9999852216748769,1
6977,1.0,1
6978,1.0,1
6979,0.014931791281999927,0
6980,0.9887376041338272,1
6981,0.9997959183673469,1
6982,1.0,1
6983,0.9998529411764706,1
6984,1.0,1
6985,0.9999729729729729,1
6986,0.999996254681648,1
6987,0.9999305555555555,1
6988,0.9828241090286567,1
6989,0.9529604978355671,1
6990,1.0,1
6991,0.972619265710701,1
6992,0.9994478265411197,1
6993,0.9876758776376294,1
6994,1.0,1
6995,0.9999372620364987,1
6996,0.9999907578558225,1
6997,1.0,1
6998,0.9996629213483146,1
6999,1.0,1
7000,0.006919529028950394,0
7001,0.8950964425300603,1
7002,0.9999852216748769,1
7003,0.9999907578558225,1
7004,0.9979109833638184,1
7005,0.999996254681648,1
7006,1.0,1
7007,0.2191979701955405,0
7008,0.9988754086042405,1
7009,0.9916978883989238,1
7010,0.9986168521275631,1
7011,0.9999759795306994,1
7012,0.9997978644475244,1
7013,0.9691326323179399,1
7014,1.0,1
7015,1.0,1
7016,0.9964067542501377,1
7017,0.9724880364520831,1
7018,0.9989147286821705,1
7019,1.0,1
7020,1.0,1
7021,0.9999852216748769,1
7022,1.0,1
7023,1.0,1
7024,0.9997809855309856,1
7025,1.0,1
7026,0.009418743428154656,0
7027,1.0,1
7028,0.9999268102372035,1
7029,0.9774748205689916,1
7030,0.9998780487804878,1
7031,0.9991395061051169,1
7032,0.9999769585253456,1
7033,0.9999523885007757,1
7034,0.9999580867427166,1
7035,0.9999852216748769,1
7036,0.9989466107101994,1
7037,0.999996254681648,1
7038,1.0,1
7039,0.9999852216748769,1
7040,0.9999907578558225,1
7041,0.995,1
7042,0.9998275862068965,1
7043,0.9831897021509098,1
7044,1.0,1
7045,0.999996254681648,1
7046,1.0,1
7047,0.873064093083515,0
7048,0.9989992648307964,1
7049,0.99980202811837,1
7050,1.0,1
7051,1.0,1
7052,1.0,1
7053,1.0,1
7054,1.0,1
7055,0.04188462351940732,0
7056,1.0,1
7057,0.9990911307835283,1
7058,1.0,1
7059,1.0,1
7060,1.0,1
7061,0.9999754299754301,1
7062,0.9999759795306994,1
7063,1.0,1
7064,0.9130316994629543,1
7065,1.0,1
7066,0.03538769834042448,0
7067,0.9999754299754301,1
7068,0.89384576699213,1
7069,0.9910507557420576,1
7070,0.9999000000000001,1
7071,0.985,1
7072,1.0,1
7073,0.9766508674511519,1
7074,0.9997260273972602,1
7075,0.985658900087111,1
7076,1.0,1
7077,1.0,1
7078,0.9999618320610686,1
7079,1.0,1
7080,0.998885730838566,1
7081,0.9999759795306994,1
7082,0.994996254681648,1
7083,1.0,1
7084,1.0,1
7085,0.022013166938905763,0
7086,1.0,1
7087,0.999909484258721,1
7088,0.9998679093728903,1
7089,0.9714956054989646,1
7090,0.974255225752971,1
7091,1.0,1
7092,1.0,1
7093,0.9881970013272725,1
7094,0.999996254681648,1
7095,0.9999491807475678,1
7096,0.9999852216748769,1
7097,0.026111377530699885,0
7098,0.9967675368044514,1
7099,1.0,1
7100,0.006297758459037036,0
7101,0.986920042714355,1
7102,1.0,1
7103,1.0,1
7104,0.9965690835699057,1
7105,0.9728864831128261,1
7106,0.013748725265101515,0
7107,0.9984013147397462,1
7108,1.0,1
7109,0.999996254681648,1
7110,0.9999852216748769,1
7111,1.0,1
7112,0.999996254681648,1
7113,0.9847884725697723,1
7114,0.9999754299754301,1
7115,1.0,1
7116,0.9999759795306994,1
7117,0.9788089017191264,1
7118,0.9999852216748769,1
7119,1.0,1
7120,0.9999852216748769,1
7121,0.10564615882274225,0
7122,0.9998960425873844,1
7123,0.9999852216748769,1
7124,0.9949639966171319,1
7125,0.9999618320610686,1
7126,0.9690062078136445,1
7127,0.9998537918194026,1
7128,0.9988924963924962,1
7129,1.0,1
7130,0.9999485827290705,1
7131,1.0,1
7132,0.9999852216748769,1
7133,0.9719124257739986,1
7134,0.9949305555555555,1
7135,1.0,1
7136,1.0,1
7137,0.9999754299754301,1
7138,1.0,1
7139,0.9898213454003303,1
7140,1.0,1
7141,0.9537358347359277,1
7142,1.0,1
7143,0.996237640524752,1
7144,1.0,1
7145,0.9999907578558225,1
7146,1.0,1
7147,0.9973887178743907,1
7148,0.9999268102372035,1
7149,1.0,1
7150,0.9999852216748769,1
7151,0.9768672197392833,1
7152,1.0,1
7153,1.0,1
7154,0.9944414899585453,1
7155,0.9999852216748769,1
7156,0.9999305555555555,1
7157,0.9999618320610686,1
7158,0.9998931618981427,1
7159,1.0,1
7160,1.0,1
7161,1.0,1
7162,0.9999754299754301,1
7163,0.9999852216748769,1
7164,0.9999852216748769,1
7165,0.015980076839207102,0
7166,1.0,1
7167,1.0,1
7168,0.9994145604302715,1
7169,0.9966023609067216,1
7170,0.9999305555555555,1
7171,1.0,1
7172,0.999996254681648,1
7173,0.9999852216748769,1
7174,0.8503979156317745,1
7175,0.9999754299754301,1
7176,1.0,1
7177,0.9999759795306994,1
7178,0.9990908853140426,1
7179,0.9998923876166242,1
7180,0.9993902396946003,1
7181,0.9999639966171319,1
7182,0.9999907578558225,1
7183,0.9999907578558225,1
7184,0.9969192142669475,1
7185,0.9999852216748769,1
7186,0.9999491807475678,1
7187,0.999996254681648,1
7188,0.9999754299754301,1
7189,0.9998864427840666,1
7190,1.0,1
7191,0.9999618320610686,1
7192,1.0,1
7193,0.9689946184875072,1
7194,1.0,1
7195,1.0,1
7196,0.9766445804461041,1
7197,1.0,1
7198,1.0,1
7199,1.0,1
7200,0.9997915828240284,1
7201,0.9887398787320582,1
7202,0.9999754299754301,1
7203,0.9626761608740496,1
7204,1.0,1
7205,0.9941924690442694,1
7206,0.9934042307510282,1
7207,0.9997915828240284,1
7208,0.999996254681648,1
7209,0.9999852216748769,1
7210,0.9997260273972602,1
7211,0.9899306948045147,1
7212,0.999151601563713,1
7213,0.9997959183673469,1
7214,0.9835822698758605,1
7215,0.9999246107229979,1
7216,1.0,1
7217,0.9999852216748769,1
7218,1.0,1
7219,1.0,1
7220,0.9999852216748769,1
7221,0.9841200659275579,1
7222,0.8115376770152254,1
7223,0.9999439751293684,1
7224,1.0,1
7225,1.0,1
7226,1.0,1
7227,0.07908934142033192,0
7228,1.0,1
7229,0.999996254681648,1
7230,0.021590396082311374,0
7231,0.9997222820789082,1
7232,0.015740275983830435,0
7233,0.9999618320610686,1
7234,0.9980056377730796,1
7235,0.9998647660818714,1
7236,0.9997951653944019,1
7237,0.9999852216748769,1
7238,0.9998780487804878,1
7239,0.994996254681648,1
7240,1.0,1
7241,1.0,1
7242,0.9536656143390364,1
7243,0.9999754299754301,1
7244,0.9998755900283406,1
7245,0.7426440493908666,1
7246,0.9998688066363104,1
7247,0.9999852216748769,1
7248,0.9509189503200965,1
7249,1.0,1
7250,1.0,1
7251,1.0,1
7252,0.9989466107101994,1
7253,0.9999852216748769,1
7254,0.9998931618981427,1
7255,0.9998960425873844,1
7256,0.9488978722103149,1
7257,0.9687182288293217,1
7258,1.0,1
7259,0.999996254681648,1
7260,0.9659609702604622,1
7261,0.9833030663980494,1
7262,0.9949852216748769,1
7263,0.029121166128272948,0
7264,0.9999759795306994,1
7265,0.9703763726987062,1
7266,0.9942218694123796,1
7267,0.999996254681648,1
7268,1.0,1
7269,0.9989109833638184,1
7270,0.9998679093728903,1
7271,1.0,1
7272,1.0,1
7273,0.9462824789776576,1
7274,0.999996254681648,1
7275,1.0,1
7276,0.9996296883889965,1
7277,0.969345485393129,1
7278,0.9999907578558225,1
7279,0.9998055555555555,1
7280,1.0,1
7281,0.02311593614982808,0
7282,0.9767529541351575,1
7283,1.0,1
7284,0.9964380139498483,1
7285,0.9998678175920542,1
7286,0.9999754299754301,1
7287,0.9988723222455629,1
7288,1.0,1
7289,1.0,1
7290,1.0,1
7291,0.0878273939119133,0
7292,0.14398399771586093,0
7293,0.9999754299754301,1
7294,0.9601774822544676,1
7295,1.0,1
7296,0.636961384783086,1
7297,0.9994444444444445,1
7298,0.999996254681648,1
7299,1.0,1
7300,0.9564408338372715,1
7301,0.999996254681648,1
7302,0.9998931618981427,1
7303,1.0,1
7304,0.022442926434296448,0
7305,1.0,1
7306,1.0,1
7307,0.9930735827290705,1
7308,0.9999759795306994,1
7309,0.017830753164732604,0
7310,1.0,1
7311,1.0,1
7312,0.9998931618981427,1
7313,0.9999000000000001,1
7314,0.017269827073359955,0
7315,1.0,1
7316,0.02094439884174321,0
7317,0.9998275862068965,1
7318,0.9999268102372035,1
7319,1.0,1
7320,0.9974550992705793,1
7321,0.9999754299754301,1
7322,0.9999618320610686,1
7323,1.0,1
7324,0.060404254618902746,0
7325,0.9934666591360215,1
7326,0.9949528180941033,1
7327,1.0,1
7328,0.9832432114236034,1
7329,1.0,1
7330,0.9860655029502408,1
7331,1.0,1
7332,1.0,1
7333,1.0,1
7334,0.9988554278082629,1
7335,0.9972135073497248,1
7336,0.011138155822916614,0
7337,0.9916237502032896,1
7338,0.9999754299754301,1
7339,1.0,1
7340,0.9999852216748769,1
7341,0.999996254681648,1
7342,0.9999852216748769,1
7343,0.9999754299754301,1
7344,0.9999372620364987,1
7345,0.9998931618981427,1
7346,1.0,1
7347,1.0,1
7348,0.9999852216748769,1
7349,1.0,1
7350,0.9997763347763348,1
7351,0.9421470666029877,1
7352,1.0,1
7353,0.9999372620364987,1
7354,0.1891854390760243,0
7355,0.9999852216748769,1
7356,1.0,1
7357,1.0,1
7358,0.9947522896018343,1
7359,0.9999852216748769,1
7360,0.9997916666666667,1
7361,0.9999618320610686,1
7362,1.0,1
7363,1.0,1
7364,0.9999754299754301,1
7365,0.999996254681648,1
7366,0.9990357142857144,1
7367,0.9999769585253456,1
7368,0.9883822920670409,1
7369,1.0,1
7370,0.9999759795306994,1
7371,1.0,1
7372,0.7206052831550968,1
7373,0.9999491807475678,1
7374,0.9555344377078598,1
7375,0.8993628218846028,1
7376,1.0,1
7377,0.999996254681648,1
7378,1.0,1
7379,0.030694689138427798,0
7380,0.9999268102372035,1
7381,0.9859927925662785,1
7382,1.0,1
7383,1.0,1
7384,1.0,1
7385,0.9999710021563954,1
7386,0.9912822547619965,1
7387,1.0,1
7388,0.9998537918194026,1
7389,0.999996254681648,1
7390,1.0,1
7391,0.9910331872583218,1
7392,1.0,1
7393,1.0,1
7394,0.9998931618981427,1
7395,0.009241568820866845,0
7396,0.9640710678355532,1
7397,1.0,1
7398,0.9999759795306994,1
7399,0.9904239032749217,1
7400,0.9712564018845292,1
7401,1.0,1
7402,1.0,1
7403,0.9948238408885445,1
7404,1.0,1
7405,0.9907491594341619,1
7406,0.9995653408542325,1
7407,1.0,1
7408,0.9887562890432834,1
7409,0.9999246107229979,1
7410,0.9999305555555555,1
7411,0.9999268102372035,1
7412,0.994657968001749,1
7413,0.9999852216748769,1
7414,0.9999754299754301,1
7415,1.0,1
7416,0.9993848734229042,1
7417,0.9871545471486592,1
7418,0.05088029440550437,0
7419,1.0,1
7420,0.9811464450849698,1
7421,1.0,1
7422,0.999996254681648,1
7423,0.9992857142857143,1
7424,0.9998923876166242,1
7425,0.999996254681648,1
7426,0.016279500379706296,0
7427,0.9998931618981427,1
7428,0.9998780487804878,1
7429,0.9999852216748769,1
7430,0.9994985063419058,1
7431,1.0,1
7432,0.9810031586705557,1
7433,0.9962566486243907,1
7434,0.9173419308837936,1
7435,1.0,1
7436,0.9980320489982355,1
7437,0.9954669315747213,1
7438,0.9994848854667296,1
7439,0.037690324856677934,0
7440,1.0,1
7441,0.015392445422216527,0
7442,0.06629790899612831,0
7443,1.0,1
7444,0.999996254681648,1
7445,1.0,1
7446,1.0,1
7447,0.9939904630865577,1
7448,0.9999372620364987,1
7449,0.026502621953327993,0
7450,0.9999618320610686,1
7451,0.9999268102372035,1
7452,0.9994414899585453,1
7453,0.9999491807475678,1
7454,1.0,1
7455,1.0,1
7456,0.9947809855309856,1
7457,0.9999639966171319,1
7458,0.9987932496630753,1
7459,0.9933754098896906,1
7460,1.0,1
7461,0.999996254681648,1
7462,1.0,1
7463,0.999996254681648,1
7464,0.999996254681648,1
7465,0.999996254681648,1
7466,1.0,1
7467,0.9947916666666667,1
7468,1.0,1
7469,0.9985492558850767,1
7470,1.0,1
7471,0.9385815823754542,1
7472,1.0,1
7473,1.0,1
7474,0.999996254681648,1
7475,0.9999618320610686,1
7476,0.9999852216748769,1
7477,0.008484212659485544,0
7478,1.0,1
7479,0.999996254681648,1
7480,0.998885730838566,1
7481,0.9821411509228044,1
7482,0.999996254681648,1
7483,0.9999096405017458,1
7484,0.999996254681648,1
7485,0.9999852216748769,1
7486,0.9999639966171319,1
7487,1.0,1
7488,0.9991158474142344,1
7489,1.0,1
7490,0.9674690647926674,1
7491,0.9999268102372035,1
7492,0.998885730838566,1
7493,1.0,1
7494,1.0,1
7495,0.9702058275460012,1
7496,0.0092800766799069,0
7497,0.9999852216748769,1
7498,0.9697230582022176,1
7499,0.9999754299754301,1
7500,0.9999754299754301,1
7501,1.0,1
7502,0.9759402981955695,1
7503,0.05861697335008339,0
7504,0.9947959183673469,1
7505,1.0,1
7506,0.999996254681648,1
7507,1.0,1
7508,0.9999491807475678,1
7509,1.0,1
7510,1.0,1
7511,1.0,1
7512,0.8991772963440817,1
7513,0.7846039696266557,1
7514,1.0,1
7515,1.0,1
7516,0.9998285392941502,1
7517,0.9991528454915845,1
7518,0.9999907578558225,1
7519,0.969482880530269,1
7520,0.989996254681648,1
7521,0.9992857142857143,1
7522,1.0,1
7523,0.9999852216748769,1
7524,0.994996254681648,1
7525,0.9999491807475678,1
7526,1.0,1
7527,1.0,1
7528,0.9997959183673469,1
7529,0.9926414554633912,1
7530,0.8509599073925631,1
7531,0.6325928771897804,1
7532,0.9711561001056651,1
7533,1.0,1
7534,1.0,1
7535,0.9999759795306994,1
7536,1.0,1
7537,0.9936392900856794,1
7538,0.999996254681648,1
7539,0.9999639966171319,1
7540,0.8930463056738104,1
7541,0.9778292847522748,1
7542,0.9999491807475678,1
7543,1.0,1
7544,0.9968433801086833,1
7545,0.9625685462272684,1
7546,0.9997916666666667,1
7547,0.9972917810407544,1
7548,1.0,1
7549,1.0,1
7550,1.0,1
7551,0.999996254681648,1
7552,1.0,1
7553,1.0,1
7554,1.0,1
7555,0.999996254681648,1
7556,0.9978455591398427,1
7557,1.0,1
7558,1.0,1
7559,1.0,1
7560,0.9999852216748769,1
7561,0.9999852216748769,1
7562,0.03959627913614598,0
7563,0.9999852216748769,1
7564,0.995,1
7565,1.0,1
7566,1.0,1
7567,0.8542310162599385,1
7568,1.0,1
7569,0.9267946195773074,1
7570,1.0,1
7571,1.0,1
7572,0.9885089793575087,1
7573,1.0,1
7574,0.021489020199058063,0
7575,0.9879825230026843,1
7576,0.9999372620364987,1
7577,0.9999759795306994,1
7578,1.0,1
7579,0.9999852216748769,1
7580,0.9999852216748769,1
7581,0.9999268102372035,1
7582,0.023648231846172933,0
7583,0.031090679209398897,0
7584,0.9999754299754301,1
7585,1.0,1
7586,0.999996254681648,1
7587,0.9999759795306994,1
7588,0.9997670966420968,1
7589,0.07036166347563323,0
7590,0.997953772626584,1
7591,0.9999852216748769,1
7592,1.0,1
7593,1.0,1
7594,0.48020342684758466,0
7595,1.0,1
7596,0.9966164666950474,1
7597,0.8979200496714698,1
7598,1.0,1
7599,0.9946331246149687,1
7600,0.9998780487804878,1
7601,0.9012482897373505,1
7602,0.9999754299754301,1
7603,1.0,1
7604,0.9998679093728903,1
7605,1.0,1
7606,0.9970988445190776,1
7607,1.0,1
7608,0.9989109833638184,1
7609,0.998120305028731,1
7610,0.9998931618981427,1
7611,0.9910622464624468,1
7612,1.0,1
7613,1.0,1
7614,0.9989906281436371,1
7615,0.9999580867427166,1
7616,0.9998679093728903,1
7617,1.0,1
7618,1.0,1
7619,0.9999268102372035,1
7620,1.0,1
7621,1.0,1
7622,0.7100325456127196,1
7623,0.9999852216748769,1
7624,1.0,1
7625,0.9999754299754301,1
7626,1.0,1
7627,0.999996254681648,1
7628,1.0,1
7629,1.0,1
7630,0.9999618320610686,1
7631,0.9997450991149148,1
7632,0.998885730838566,1
7633,1.0,1
7634,0.9998780487804878,1
7635,0.5238392984493249,0
7636,0.9999710021563954,1
7637,0.9999754299754301,1
7638,0.015067188128427254,0
7639,0.015366729981403447,0
7640,0.999996254681648,1
7641,0.9988301752830104,1
7642,0.9999639966171319,1
7643,0.9948849463654342,1
7644,0.9654785368473692,1
7645,0.9999852216748769,1
7646,0.9999618320610686,1
7647,0.9967613125556248,1
7648,0.9998679093728903,1
7649,0.9999340542832909,1
7650,0.9771880668136554,1
7651,0.8997511925581051,1
7652,0.019229467345794105,0
7653,1.0,1
7654,1.0,1
7655,0.9999759795306994,1
7656,0.9999759795306994,1
7657,0.9998780487804878,1
7658,0.9996937693327442,1
7659,1.0,1
7660,0.03308104934068059,0
7661,0.9999754299754301,1
7662,0.9999759795306994,1
7663,0.9999754299754301,1
7664,0.9939109833638184,1
7665,0.9998755900283406,1
7666,0.9998275862068965,1
7667,0.9999907578558225,1
7668,1.0,1
7669,0.998889476156918,1
7670,0.9999852216748769,1
7671,1.0,1
7672,1.0,1
7673,1.0,1
7674,1.0,1
7675,1.0,1
7676,0.9999852216748769,1
7677,1.0,1
7678,0.8929171182740285,1
7679,0.012773800273800276,0
7680,1.0,1
7681,0.9999754299754301,1
7682,0.9997959183673469,1
7683,0.9996878594583289,1
7684,0.9606892521860858,1
7685,0.9999852216748769,1
7686,1.0,1
7687,0.9998931618981427,1
7688,0.9996724946937089,1
7689,0.9999852216748769,1
7690,0.1761068814454588,0
7691,1.0,1
7692,0.9886228823325793,1
7693,0.9997162773896646,1
7694,1.0,1
7695,0.9999759795306994,1
7696,0.9999639966171319,1
7697,0.9999852216748769,1
7698,0.999996254681648,1
7699,0.9891283638041615,1
7700,1.0,1
7701,0.9949907578558225,1
7702,1.0,1
7703,0.9989109833638184,1
7704,0.9691509659860685,1
7705,0.9894607125267919,1
7706,0.9999342105263157,1
7707,0.9999907578558225,1
7708,1.0,1
7709,1.0,1
7710,0.9571154648456415,1
7711,0.9999639966171319,1
7712,0.9935245239945474,1
7713,0.999996254681648,1
7714,0.9856847321450428,1
7715,1.0,1
7716,0.9868670652538534,1
7717,1.0,1
7718,0.999996254681648,1
7719,1.0,1
7720,1.0,1
7721,0.9999852216748769,1
7722,0.011954891880630704,0
7723,1.0,1
7724,1.0,1
7725,0.9884771567836188,1
7726,0.950764298461317,1
7727,0.999996254681648,1
7728,1.0,1
7729,0.9997670966420968,1
7730,1.0,1
7731,0.9728176639813431,1
7732,0.958107634284335,1
7733,0.9999852216748769,1
7734,0.03648723638582803,0
7735,1.0,1
7736,1.0,1
7737,0.9913663925740549,1
7738,0.9999759795306994,1
7739,0.9822110818745966,1
7740,0.9999246107229979,1
7741,0.9853273151095563,1
7742,0.9999759795306994,1
7743,0.9998679093728903,1
7744,0.9994444444444445,1
7745,0.9999491807475678,1
7746,0.9911269443904654,1
7747,1.0,1
7748,0.9999710021563954,1
7749,1.0,1
7750,0.8453461140296566,1
7751,0.9999759795306994,1
7752,0.9693385820219197,1
7753,0.9999268102372035,1
7754,0.9984161623290433,1
7755,1.0,1
7756,0.9922871146025435,1
7757,1.0,1
7758,1.0,1
7759,0.9990875872728948,1
7760,1.0,1
7761,0.15693393570006475,0
7762,0.999996254681648,1
7763,0.9999907578558225,1
7764,0.9999754299754301,1
7765,1.0,1
7766,0.9998755900283406,1
7767,0.999996254681648,1
7768,0.941829347957353,1
7769,1.0,1
7770,0.99980202811837,1
7771,0.9999852216748769,1
7772,0.989702400880556,1
7773,0.9889480519480519,1
7774,0.998885730838566,1
7775,0.2697310511580319,0
7776,0.9985316678203238,1
7777,0.9999759795306994,1
7778,1.0,1
7779,1.0,1
7780,1.0,1
7781,0.9613658138628683,1
7782,1.0,1
7783,0.018188767928374,0
7784,1.0,1
7785,0.9999059855309856,1
7786,0.9973772070626004,1
7787,1.0,1
7788,0.02002016965639368,0
7789,0.9999769585253456,1
7790,0.9999754299754301,1
7791,0.9908453851171812,1
7792,0.9999268102372035,1
7793,0.9949754299754301,1
7794,1.0,1
7795,0.026200576566466013,0
7796,1.0,1
7797,0.047764944864600756,0
7798,0.9943104056488372,1
7799,0.9896034331598841,1
7800,0.9639004102539326,1
7801,0.9761684510924905,1
7802,0.9999852216748769,1
7803,0.9998679093728903,1
7804,0.9856293313414808,1
7805,0.9341333301877068,1
7806,0.9999907578558225,1
7807,0.9999852216748769,1
7808,0.9991824336700078,1
7809,0.9343828932788689,1
7810,0.9960194931476543,1
7811,0.021126530378618984,0
7812,0.3973595945630784,0
7813,0.9999639966171319,1
7814,0.9941064003524117,1
7815,1.0,1
7816,0.9707401749830902,1
7817,1.0,1
7818,1.0,1
7819,1.0,1
7820,0.9989147286821705,1
7821,0.9999639966171319,1
7822,0.999996254681648,1
7823,1.0,1
7824,1.0,1
7825,1.0,1
7826,1.0,1
7827,0.998889476156918,1
7828,1.0,1
7829,0.17381324161223155,0
7830,0.9960269227618355,1
7831,0.9999268102372035,1
7832,0.9608128857528656,1
7833,1.0,1
7834,0.9895181892295112,1
7835,0.9978844086021507,1
7836,1.0,1
7837,0.9999907578558225,1
7838,0.9999639966171319,1
7839,1.0,1
7840,1.0,1
7841,0.999996254681648,1
7842,0.15623695634344548,0
7843,1.0,1
7844,1.0,1
7845,0.9999754299754301,1
7846,1.0,1
7847,0.9999754299754301,1
7848,0.982706591164796,1
7849,0.06625172829299183,0
7850,0.9998931618981427,1
7851,0.9999852216748769,1
7852,1.0,1
7853,0.9948931618981427,1
7854,1.0,1
7855,0.999996254681648,1
7856,0.9999639966171319,1
7857,0.9917220678191933,1
7858,0.9856843693453321,1
7859,0.9774423230913197,1
7860,0.9784947716677617,1
7861,0.9960522592403211,1
7862,0.9363095707391439,1
7863,1.0,1
7864,0.9998679093728903,1
7865,1.0,1
7866,0.9806577974279703,1
7867,0.9991629213483146,1
7868,0.994996254681648,1
7869,0.00894658123416831,0
7870,1.0,1
7871,0.9577134245143906,1
7872,1.0,1
7873,1.0,1
7874,1.0,1
7875,1.0,1
7876,0.9999754299754301,1
7877,0.9998238408885445,1
7878,1.0,1
7879,0.951373418641206,1
7880,0.07561506409918406,0
7881,0.9999305555555555,1
7882,1.0,1
7883,1.0,1
7884,0.9870681055890788,1
7885,1.0,1
7886,0.9993093516355731,1
7887,0.999996254681648,1
7888,0.9998679093728903,1
7889,0.999996254681648,1
7890,0.968630983801058,1
7891,0.9997959183673469,1
7892,0.9999907578558225,1
7893,0.999996254681648,1
7894,1.0,1
7895,0.9999852216748769,1
7896,0.9999852216748769,1
7897,1.0,1
7898,0.9959438650756895,1
7899,1.0,1
7900,0.9997670966420968,1
7901,0.9991508161801955,1
7902,0.9894414899585453,1
7903,1.0,1
7904,0.041269749613109606,0
7905,0.995,1
7906,0.9736208371718675,1
7907,0.9998381628513474,1
7908,0.999996254681648,1
7909,0.9999754299754301,1
7910,1.0,1
7911,0.9999639966171319,1
7912,0.9999342105263157,1
7913,0.9383670148876697,1
7914,0.02294684051385393,0
7915,0.993978908061201,1
7916,1.0,1
7917,0.017987827952656712,0
7918,0.02918436068818052,0
7919,0.999996254681648,1
7920,0.9997959183673469,1
7921,1.0,1
7922,0.9823998094118039,1
7923,0.9754555753588119,1
7924,1.0,1
7925,0.9995635594190472,1
7926,1.0,1
7927,1.0,1
7928,0.9949852216748769,1
7929,0.9907442132643746,1
7930,1.0,1
7931,0.9999759795306994,1
7932,0.9999491807475678,1
7933,0.9989109833638184,1
7934,0.9998227393629315,1
7935,0.7054289348555494,1
7936,1.0,1
7937,1.0,1
7938,0.9997915828240284,1
7939,1.0,1
7940,0.999996254681648,1
7941,1.0,1
7942,0.9998529411764706,1
7943,0.9770123120904478,1
7944,0.999996254681648,1
7945,0.03288849811155269,0
7946,0.9999754299754301,1
7947,1.0,1
7948,1.0,1
7949,0.9998931618981427,1
7950,0.9999852216748769,1
7951,0.9837676668255482,1
7952,1.0,1
7953,0.021903960248322453,0
7954,1.0,1
7955,1.0,1
7956,0.9999759795306994,1
7957,1.0,1
7958,0.9538724524001724,1
7959,0.9849170042792772,1
7960,1.0,1
7961,0.9998679093728903,1
7962,0.9756313876972527,1
7963,1.0,1
7964,0.9999491807475678,1
7965,0.9854145586806379,1
7966,0.9949729729729729,1
7967,0.0031557413175060233,0
7968,0.9994666980314016,1
7969,1.0,1
7970,1.0,1
7971,1.0,1
7972,0.989173800055636,1
7973,1.0,1
7974,1.0,1
7975,0.9888648212974054,1
7976,1.0,1
7977,1.0,1
7978,1.0,1
7979,1.0,1
7980,0.9438180997518111,1
7981,0.9946028987469117,1
7982,0.9999852216748769,1
7983,0.9939608229178386,1
7984,0.9992125245229179,1
7985,0.9999759795306994,1
7986,1.0,1
7987,0.9999618320610686,1
7988,1.0,1
7989,0.9999852216748769,1
7990,0.9996182871182872,1
7991,0.9902115787407056,1
7992,0.9999729729729729,1
7993,0.9983664794664794,1
7994,0.9830646104287568,1
7995,0.9945119124937567,1
7996,0.9964575708695514,1
7997,0.9899305555555555,1
7998,1.0,1
7999,0.9794911032442228,1
8000,0.9998381628513474,1
8001,0.9999470537359456,1
8002,0.9520492800808427,1
8003,0.9999852216748769,1
8004,0.9997670966420968,1
8005,0.999996254681648,1
8006,0.9999759795306994,1
8007,0.9990460186421132,1
8008,0.9997768883415437,1
8009,0.028123706759629587,0
8010,1.0,1
8011,0.995,1
8012,1.0,1
8013,0.9991471699378265,1
8014,1.0,1
8015,0.9949759795306994,1
8016,0.9997499999999999,1
8017,1.0,1
8018,0.9998647660818714,1
8019,1.0,1
8020,1.0,1
8021,1.0,1
8022,1.0,1
8023,0.9999268102372035,1
8024,0.9573663691097986,1
8025,0.9999268102372035,1
8026,1.0,1
8027,0.9971613903107925,1
8028,0.9999754299754301,1
8029,0.9999907578558225,1
8030,0.9970830894155415,1
8031,1.0,1
8032,0.9872743742925547,1
8033,0.1932468355241605,0
8034,0.9949907578558225,1
8035,0.9476500824561133,1
8036,0.9341232826396033,1
8037,0.9999610794342891,1
8038,0.19166410416618948,0
8039,0.9999751243781094,1
8040,1.0,1
8041,0.9997485827290705,1
8042,0.02027095654687929,0
8043,0.9999759795306994,1
8044,1.0,1
8045,0.011912744825912395,0
8046,0.9998381628513474,1
8047,0.02885448963474941,0
8048,1.0,1
8049,0.9905793652781714,1
8050,0.033250055661979375,0
8051,0.9742991356343194,1
8052,1.0,1
8053,0.9999907578558225,1
8054,1.0,1
8055,0.9999268102372035,1
8056,0.998885730838566,1
8057,0.9992538246667055,1
8058,1.0,1
8059,1.0,1
8060,1.0,1
8061,0.9891577528483475,1
8062,1.0,1
8063,0.7944360126939998,1
8064,1.0,1
8065,0.9008883871934842,1
8066,1.0,1
8067,0.9989109833638184,1
8068,0.9999268102372035,1
8069,0.9997959183673469,1
8070,0.9999639966171319,1
8071,0.9994344399668855,1
8072,1.0,1
8073,1.0,1
8074,1.0,1
8075,0.9940651574068363,1
8076,0.9999491807475678,1
8077,0.9999769585253456,1
8078,0.999996254681648,1
8079,1.0,1
8080,0.9999477204477205,1
8081,0.9889338178077712,1
8082,0.9990469585169116,1
8083,0.9667304257884412,1
8084,1.0,1
8085,1.0,1
8086,1.0,1
8087,1.0,1
8088,0.04405536843274535,0
8089,1.0,1
8090,1.0,1
8091,0.9991569689673622,1
8092,0.9999769585253456,1
8093,1.0,1
8094,0.9997670966420968,1
8095,1.0,1
8096,0.6569669881112392,1
8097,0.9931385629868064,1
8098,0.999996254681648,1
8099,0.9999754299754301,1
8100,1.0,1
8101,1.0,1
8102,1.0,1
8103,0.3063311791806036,0
8104,1.0,1
8105,0.9999491807475678,1
8106,0.9895497962177522,1
8107,1.0,1
8108,0.9999759795306994,1
8109,0.9999907578558225,1
8110,0.999663289433759,1
8111,0.9992082902919887,1
8112,1.0,1
8113,1.0,1
8114,0.999996254681648,1
8115,0.9997978644475244,1
8116,0.9999759795306994,1
8117,0.9937648997118516,1
8118,0.9786958084041955,1
8119,0.9947959183673469,1
8120,0.999996254681648,1
8121,1.0,1
8122,0.9611621093814239,1
8123,1.0,1
8124,0.9998285392941502,1
8125,0.05778013738390093,0
8126,0.9716108879142383,1
8127,1.0,1
8128,1.0,1
8129,0.9959373284712799,1
8130,0.9999759795306994,1
8131,1.0,1
8132,1.0,1
8133,0.999996254681648,1
8134,0.9999907578558225,1
8135,0.9755632591112492,1
8136,0.9999268102372035,1
8137,1.0,1
8138,1.0,1
8139,0.9946728899349351,1
8140,0.9564251933748058,1
8141,1.0,1
8142,0.9997713483427769,1
8143,0.999996254681648,1
8144,1.0,1
8145,0.025600593504599204,0
8146,0.9998931618981427,1
8147,1.0,1
8148,0.9998679093728903,1
8149,0.9880616568665395,1
8150,0.9999618320610686,1
8151,1.0,1
8152,0.04069247260650283,0
8153,1.0,1
8154,1.0,1
8155,0.9934213159987668,1
8156,0.9858984490533709,1
8157,0.9378413197943235,1
8158,0.9087147332309088,1
8159,0.9931952857033066,1
8160,1.0,1
8161,0.04196502620027957,0
8162,0.999996254681648,1
8163,1.0,1
8164,0.999996254681648,1
8165,0.9894639966171319,1
8166,0.005040345937654316,0
8167,0.999628078817734,1
8168,0.999996254681648,1
8169,0.9916750776016705,1
8170,0.9999852216748769,1
8171,1.0,1
8172,0.9997260273972602,1
8173,0.9998372345262645,1
8174,1.0,1
8175,0.9994985063419058,1
8176,0.989700082447582,1
8177,0.9999759795306994,1
8178,0.9391914593423661,1
8179,0.9849519040781974,1
8180,0.9322266332025166,1
8181,0.9216278952357077,1
8182,0.007975979732980976,0
8183,1.0,1
8184,0.9996024497683429,1
8185,0.9894538006650083,1
8186,0.9992196006790754,1
8187,1.0,1
8188,1.0,1
8189,0.9999639966171319,1
8190,1.0,1
8191,0.999996254681648,1
8192,0.9973772070626004,1
8193,0.9913560591658208,1
8194,0.999996254681648,1
8195,0.9973301158301158,1
8196,0.9999852216748769,1
8197,0.9997978644475244,1
8198,1.0,1
8199,0.03109045268246454,0
8200,0.9956142952556114,1
8201,0.999996254681648,1
8202,1.0,1
8203,0.9999639966171319,1
8204,0.9999907578558225,1
8205,0.9993778483491894,1
8206,0.9768305871745545,1
8207,0.020177597830783565,0
8208,0.9998679093728903,1
8209,0.9799063948147755,1
8210,0.9663730914082751,1
8211,1.0,1
8212,0.01778297504897819,0
8213,1.0,1
8214,0.999996254681648,1
8215,1.0,1
8216,1.0,1
8217,0.9930406140619397,1
8218,0.9998372345262645,1
8219,0.9999759795306994,1
8220,1.0,1
8221,0.9991768243673345,1
8222,0.9790430638695071,1
8223,1.0,1
8224,0.997275653722043,1
8225,0.9999754299754301,1
8226,0.9973772070626004,1
8227,0.9839010899901801,1
8228,0.9999769585253456,1
8229,0.9999444444444444,1
8230,0.9931870943958897,1
8231,1.0,1
8232,1.0,1
8233,0.9999491807475678,1
8234,0.9592772034739356,1
8235,0.995,1
8236,1.0,1
8237,0.9999907578558225,1
8238,0.9999754299754301,1
8239,0.9338160861904439,1
8240,1.0,1
8241,0.9999907578558225,1
8242,0.03500457321077799,0
8243,0.999996254681648,1
8244,0.998885730838566,1
8245,0.9995653408542325,1
8246,0.9991823481182303,1
8247,0.9999246107229979,1
8248,1.0,1
8249,0.9999852216748769,1
8250,0.9999852216748769,1
8251,1.0,1
8252,0.02066051127746403,0
8253,1.0,1
8254,0.9999639966171319,1
8255,0.9999852216748769,1
8256,0.9923634260230869,1
8257,1.0,1
8258,0.9998055555555555,1
8259,0.9999759795306994,1
8260,0.170080426389117,0
8261,0.9916003464847887,1
8262,0.9999907578558225,1
8263,0.018022974408503065,0
8264,0.9993360794342891,1
8265,0.0,0
8266,0.9963392528564001,1
8267,0.999996254681648,1
8268,0.9999246107229979,1
8269,0.9999759795306994,1
8270,0.9989109833638184,1
8271,0.9283591349627466,1
8272,0.9476676281243612,1
8273,0.9949769585253456,1
8274,0.9997013071684125,1
8275,0.9928878975258931,1
8276,0.967330680772401,1
8277,0.9276130661546531,1
8278,0.9395894287624031,1
8279,0.01584962032697429,0
8280,0.9973772070626004,1
8281,0.9999852216748769,1
8282,1.0,1
8283,0.9996724946937089,1
8284,0.9999769585253456,1
8285,1.0,1
8286,0.9999268102372035,1
8287,0.004525220367534142,0
8288,0.030519851593604406,0
8289,0.9997260273972602,1
8290,1.0,1
8291,1.0,1
8292,0.9270594202000882,1
8293,0.9981897762916917,1
8294,1.0,1
8295,1.0,1
8296,0.9949094842587209,1
8297,1.0,1
8298,0.9391251306960504,1
8299,1.0,1
8300,0.9999759795306994,1
8301,0.9995769820926812,1
8302,1.0,1
8303,0.9957805978800187,1
8304,0.02563954737851504,0
8305,0.9280878226522198,1
8306,0.9756422582426063,1
8307,0.9985316678203238,1
8308,0.9999268102372035,1
8309,0.9999305555555555,1
8310,1.0,1
8311,0.9998781601938593,1
8312,0.01590080037346097,0
8313,1.0,1
8314,1.0,1
8315,0.991072870207178,1
8316,1.0,1
8317,0.9999759795306994,1
8318,0.9999852216748769,1
8319,0.999663289433759,1
8320,0.961855434394151,1
8321,1.0,1
8322,0.9730190077783365,1
8323,0.999996254681648,1
8324,0.01621432690611357,0
8325,1.0,1
8326,0.9849738329588411,1
8327,1.0,1
8328,1.0,1
8329,1.0,1
8330,0.9999852216748769,1
8331,0.9999722222222222,1
8332,1.0,1
8333,0.999871254681648,1
8334,0.9999907578558225,1
8335,1.0,1
8336,1.0,1
8337,1.0,1
8338,0.9999305555555555,1
8339,1.0,1
8340,1.0,1
8341,0.9999618320610686,1
8342,0.9922189166090578,1
8343,0.9978844086021507,1
8344,1.0,1
8345,1.0,1
8346,1.0,1
8347,0.021764944165544645,0
8348,0.9994618320610686,1
8349,1.0,1
8350,1.0,1
8351,0.9682933741310202,1
8352,1.0,1
8353,1.0,1
8354,0.990136594482277,1
8355,0.9998931618981427,1
8356,0.9998537918194026,1
8357,1.0,1
8358,0.006495139012580873,0
8359,0.9891242953911288,1
8360,1.0,1
8361,0.9776801986612479,1
8362,0.9966543089586696,1
8363,1.0,1
8364,0.9999754299754301,1
8365,0.9999907578558225,1
8366,0.989996254681648,1
8367,0.9999852216748769,1
8368,0.9997959183673469,1
8369,0.026490194966593727,0
8370,0.044212708198434564,0
8371,0.989996254681648,1
8372,0.999996254681648,1
8373,1.0,1
8374,0.9999769585253456,1
8375,0.9999268102372035,1
8376,0.9908831049534735,1
8377,0.9973830236843543,1
8378,1.0,1
8379,0.9999639966171319,1
8380,0.9999059855309856,1
8381,0.10849983130304197,0
8382,0.988087233311331,1
8383,0.9770718914471109,1
8384,0.0033812134502923972,0
8385,0.9808143422623433,1
8386,1.0,1
8387,0.9973772070626004,1
8388,0.9999491807475678,1
8389,0.8704539992611571,1
8390,1.0,1
8391,0.9728662765572855,1
8392,1.0,1
8393,0.9999759795306994,1
8394,1.0,1
8395,0.9836594224216012,1
8396,0.9997120185676787,1
8397,0.8671172966817622,1
8398,0.9999859550561797,1
8399,0.9999581589958159,1
8400,0.9995459401709402,1
8401,1.0,1
8402,0.9999769585253456,1
8403,1.0,1
8404,1.0,1
8405,0.997669036170488,1
8406,0.03375108181177874,0
8407,0.9873215827251955,1
8408,0.9998678175920542,1
8409,0.999996254681648,1
8410,0.9997222820789082,1
8411,1.0,1
8412,0.9938147286821706,1
8413,0.9999618320610686,1
8414,0.9568486775253484,1
8415,0.9592631338138221,1
8416,0.9999759795306994,1
8417,0.9999372620364987,1
8418,0.9999759795306994,1
8419,0.9811356624323444,1
8420,0.9999096405017458,1
8421,0.9988820673696417,1
8422,0.9995421626456534,1
8423,0.9442128268350674,1
8424,0.8751530800305783,1
8425,0.9998931618981427,1
8426,0.01459435900561375,0
8427,1.0,1
8428,0.9999477204477205,1
8429,0.9857002818536322,1
8430,0.9944903666725575,1
8431,0.9999769585253456,1
8432,0.9515542751812474,1
8433,1.0,1
8434,1.0,1
8435,0.9981934405762076,1
8436,1.0,1
8437,0.007996501481428801,0
8438,1.0,1
8439,0.9992162698412699,1
8440,0.9997503047552856,1
8441,0.9984588908084682,1
8442,1.0,1
8443,0.999996254681648,1
8444,0.9942547149613845,1
8445,0.9999759795306994,1
8446,1.0,1
8447,1.0,1
8448,0.9714333616262962,1
8449,1.0,1
8450,1.0,1
8451,0.8733538058769722,1
8452,0.9999852216748769,1
8453,0.9999639966171319,1
8454,1.0,1
8455,0.9710838075923219,1
8456,1.0,1
8457,0.999996254681648,1
8458,1.0,1
8459,0.998885730838566,1
8460,1.0,1
8461,1.0,1
8462,0.9997046802900461,1
8463,0.9999759795306994,1
8464,0.9999852216748769,1
8465,0.9941772403674619,1
8466,0.999996254681648,1
8467,0.9999754299754301,1
8468,0.9998372345262645,1
8469,0.004541990233375215,0
8470,0.9955875162310304,1
8471,0.9999729729729729,1
8472,0.9996900240143921,1
8473,0.9493146591277752,1
8474,1.0,1
8475,1.0,1
8476,0.011892228079160759,0
8477,1.0,1
8478,1.0,1
8479,1.0,1
8480,0.9293004020823235,1
8481,0.9951948285400855,1
8482,1.0,1
8483,1.0,1
8484,0.9997916666666667,1
8485,1.0,1
8486,0.9892036580713309,1
8487,1.0,1
8488,0.9708864034618497,1
8489,0.8444058019768499,1
8490,1.0,1
8491,0.05074997781542371,0
8492,0.9999342105263157,1
8493,1.0,1
8494,0.9991326323179399,1
8495,1.0,1
8496,1.0,1
8497,0.9999096405017458,1
8498,0.9824700638681473,1
8499,0.9998679093728903,1
8500,0.9999268102372035,1
8501,0.9998679093728903,1
8502,0.9176783025496075,1
8503,0.9999610794342891,1
8504,0.0006164060917222405,0
8505,0.9928839214751513,1
8506,0.013634779516358464,0
8507,0.9999491807475678,1
8508,1.0,1
8509,0.9996540786328988,1
8510,0.9627602743460502,1
8511,1.0,1
8512,1.0,1
8513,0.9999907578558225,1
8514,0.9998679093728903,1
8515,0.1770731704510778,0
8516,0.9999610794342891,1
8517,0.9999581589958159,1
8518,0.9999541284403669,1
8519,1.0,1
8520,1.0,1
8521,0.999996254681648,1
8522,0.9935994517578325,1
8523,0.9999268102372035,1
8524,1.0,1
8525,0.9384525432248921,1
8526,0.999996254681648,1
8527,1.0,1
8528,0.9999759795306994,1
8529,0.9997959183673469,1
8530,1.0,1
8531,0.004273264296644248,0
8532,1.0,1
8533,1.0,1
8534,1.0,1
8535,0.9989109833638184,1
8536,0.8139986698574182,1
8537,1.0,1
8538,0.99982659814294,1
8539,1.0,1
8540,0.9999754299754301,1
8541,1.0,1
8542,0.9999852216748769,1
8543,1.0,1
8544,0.999996254681648,1
8545,1.0,1
8546,1.0,1
8547,0.999996254681648,1
8548,0.999996254681648,1
8549,0.9933154435224633,1
8550,1.0,1
8551,0.1546920415093494,0
8552,1.0,1
8553,0.999996254681648,1
8554,0.999996254681648,1
8555,0.9999907578558225,1
8556,0.9452547326295266,1
8557,0.9999491807475678,1
8558,0.9998381628513474,1
8559,1.0,1
8560,0.9589501057054507,1
8561,1.0,1
8562,1.0,1
8563,1.0,1
8564,0.9999618320610686,1
8565,1.0,1
8566,1.0,1
8567,1.0,1
8568,0.9999268102372035,1
8569,0.9994812376471309,1
8570,0.999996254681648,1
8571,0.999996254681648,1
8572,0.9979791962412413,1
8573,0.9916237502032896,1
8574,1.0,1
8575,0.9667321346806141,1
8576,1.0,1
8577,0.9899790246410192,1
8578,0.998885730838566,1
8579,0.02546279614132902,0
8580,0.9999729729729729,1
8581,0.9999907578558225,1
8582,1.0,1
8583,0.9903564126788017,1
8584,1.0,1
8585,1.0,1
8586,0.9999852216748769,1
8587,0.9999852216748769,1
8588,0.9999372620364987,1
8589,0.9999759795306994,1
8590,0.9999852216748769,1
8591,0.9382177932143828,1
8592,0.9892857142857143,1
8593,0.9999852216748769,1
8594,0.9999907578558225,1
8595,0.9999342105263157,1
8596,1.0,1
8597,0.994996254681648,1
8598,0.9999754299754301,1
8599,1.0,1
8600,0.9949268102372035,1
8601,0.9999759795306994,1
8602,0.9999852216748769,1
8603,0.9689655994094194,1
8604,1.0,1
8605,0.999996254681648,1
8606,1.0,1
8607,0.9954432908784732,1
8608,1.0,1
8609,1.0,1
8610,0.999996254681648,1
8611,1.0,1
8612,1.0,1
8613,0.04776202353337388,0
8614,0.9942536947627773,1
8615,0.9999852216748769,1
8616,1.0,1
8617,0.9786481263326898,1
8618,0.006805519171231246,0
8619,0.8542033675974604,1
8620,1.0,1
8621,0.175386720164226,0
8622,0.9998647660818714,1
8623,0.9984336103977491,1
8624,0.007091529729300628,0
8625,0.9983068432063422,1
8626,0.872323531993233,1
8627,1.0,1
8628,0.9999485827290705,1
8629,0.9999852216748769,1
8630,0.9999852216748769,1
8631,0.9851078032207209,1
8632,0.9859757888888455,1
8633,0.9999268102372035,1
8634,0.9942042497925051,1
8635,0.99992,1
8636,0.99992,1
8637,0.9977953443526172,1
8638,0.9997428175920543,1
8639,1.0,1
8640,1.0,1
8641,0.999871254681648,1
8642,0.9999046050506283,1
8643,0.9972833692841914,1
8644,1.0,1
8645,0.999996254681648,1
8646,0.9944962546816479,1
8647,0.9760258058671678,1
8648,0.9999759795306994,1
8649,0.9923694183235143,1
8650,0.9994903666725575,1
8651,0.9999268102372035,1
8652,0.9995421626456534,1
8653,0.9999769585253456,1
8654,0.999996254681648,1
8655,0.9999580867427166,1
8656,1.0,1
8657,0.9716833671843927,1
8658,0.9823837320200539,1
8659,1.0,1
8660,0.999996254681648,1
8661,0.999996254681648,1
8662,0.9655540260125399,1
8663,0.9999754299754301,1
8664,1.0,1
8665,1.0,1
8666,0.9999759795306994,1
8667,0.9935110574874123,1
8668,0.997152518123859,1
8669,0.9999852216748769,1
8670,1.0,1
8671,0.9522464489396557,1
8672,0.9997260273972602,1
8673,0.991320434387804,1
8674,0.045456549818233584,0
8675,0.9989109833638184,1
8676,0.9912795131694956,1
8677,1.0,1
8678,0.9997959183673469,1
8679,0.1421859084034095,0
8680,0.01622706865897353,0
8681,1.0,1
8682,0.9967334839107436,1
8683,0.9999491807475678,1
8684,0.9989109833638184,1
8685,1.0,1
8686,0.9999729729729729,1
8687,0.03527992225606148,0
8688,0.9923887178743906,1
8689,0.9907860139747313,1
8690,0.9999639966171319,1
8691,0.9996182871182872,1
8692,0.9928011150521203,1
8693,0.019123277234910842,0
8694,0.9999305555555555,1
8695,0.9997951653944019,1
8696,1.0,1
8697,0.9999769585253456,1
8698,0.9996937693327442,1
8699,1.0,1
8700,1.0,1
8701,0.9999852216748769,1
8702,0.9998679093728903,1
8703,0.9956879584118298,1
8704,0.9949485827290705,1
8705,0.9999754299754301,1
8706,1.0,1
8707,1.0,1
8708,0.9767144004334289,1
8709,0.9999759795306994,1
8710,0.9999852216748769,1
8711,0.999524274187305,1
8712,0.9998780487804878,1
8713,0.9996391118245052,1
8714,1.0,1
8715,0.9999852216748769,1
8716,0.9999754299754301,1
8717,1.0,1
8718,1.0,1
8719,1.0,1
8720,0.9998679093728903,1
8721,0.9999759795306994,1
8722,0.9340567618733253,1
8723,0.9949268102372035,1
8724,0.9999852216748769,1
8725,0.9999759795306994,1
8726,0.9992857142857143,1
8727,0.9901328301299975,1
8728,0.9989109833638184,1
8729,0.9998285392941502,1
8730,0.9875188239481235,1
8731,0.9999759795306994,1
8732,0.9461838555914518,1
8733,0.9999618320610686,1
8734,0.999996254681648,1
8735,1.0,1
8736,0.999996254681648,1
8737,0.03690124040787442,0
8738,0.02962148595421873,0
8739,0.9999491807475678,1
8740,0.9999491807475678,1
8741,0.9999268102372035,1
8742,0.9999268102372035,1
8743,0.040819150894889286,0
8744,0.9997392771084337,1
8745,0.9948224970591248,1
8746,0.03968969427053836,0
8747,0.9758488420256167,1
8748,0.7572990085065926,1
8749,0.3470386851355952,0
8750,1.0,1
8751,0.9917749775504816,1
8752,0.9956288910547636,1
8753,0.9803308500289648,1
8754,1.0,1
8755,1.0,1
8756,0.16830410656585876,0
8757,0.9926435561242783,1
8758,0.9944725870619048,1
8759,0.9999618320610686,1
8760,0.3915427171235655,1
8761,0.9999759795306994,1
8762,0.9997959183673469,1
8763,1.0,1
8764,0.9803144460042718,1
8765,1.0,1
8766,1.0,1
8767,0.9886831039814917,1
8768,0.9999268102372035,1
8769,0.9867543964417773,1
8770,0.992152518123859,1
8771,0.9981967664091187,1
8772,1.0,1
8773,0.9999268102372035,1
8774,1.0,1
8775,0.9321965657985551,1
8776,1.0,1
8777,0.9867597045198085,1
8778,0.9999907578558225,1
8779,0.998885730838566,1
8780,0.9898924229895656,1
8781,1.0,1
8782,0.9994544033082233,1
8783,1.0,1
8784,1.0,1
8785,0.9996937693327442,1
8786,1.0,1
8787,0.9999852216748769,1
8788,0.013120875354151771,0
8789,0.9999759795306994,1
8790,1.0,1
8791,0.9329499965257172,1
8792,0.14280238454011734,0
8793,1.0,1
8794,0.9999268102372035,1
8795,0.999996254681648,1
8796,0.14197609443312334,0
8797,1.0,1
8798,0.6977586028232668,1
8799,1.0,1
8800,0.9999759795306994,1
8801,0.9992722540292892,1
8802,0.9994444444444445,1
8803,1.0,1
8804,0.9999759795306994,1
8805,1.0,1
8806,0.9999268102372035,1
8807,0.9999907578558225,1
8808,0.06065240133696098,0
8809,0.21850422372995199,0
8810,0.8242408001999264,1
8811,0.9999268102372035,1
8812,1.0,1
8813,0.9989147286821705,1
8814,0.9998275862068965,1
8815,1.0,1
8816,0.9997728768926926,1
8817,0.9989109833638184,1
8818,0.9999342105263157,1
8819,0.999996254681648,1
8820,0.01681030320992779,0
8821,1.0,1
8822,0.03192447351148855,0
8823,0.07345190901185301,0
8824,1.0,1
8825,0.9948931618981427,1
8826,1.0,1
8827,0.9996817042606516,1
8828,1.0,1
8829,0.9881572039924578,1
8830,0.998885730838566,1
8831,0.999996254681648,1
8832,1.0,1
8833,0.9998401960573013,1
8834,1.0,1
8835,0.9556823145407456,1
8836,0.9997670966420968,1
8837,0.9999769585253456,1
8838,1.0,1
8839,0.9579000269705483,1
8840,0.9997959183673469,1
8841,1.0,1
8842,0.997973896236799,1
8843,1.0,1
8844,0.036436671546208,0
8845,1.0,1
8846,0.9999852216748769,1
8847,1.0,1
8848,0.999996254681648,1
8849,0.9389794831798985,1
8850,1.0,1
8851,1.0,1
8852,0.13409707342093966,0
8853,0.9999852216748769,1
8854,1.0,1
8855,0.25057011169115456,0
8856,0.2781381939211869,0
8857,0.007290904040904041,0
8858,0.9999754299754301,1
8859,0.9897392771084337,1
8860,0.995,1
8861,1.0,1
8862,1.0,1
8863,0.9999491807475678,1
8864,0.024285814905389776,0
8865,0.994763176469261,1
8866,0.964408493519732,1
8867,0.9999754299754301,1
8868,0.9998275862068965,1
8869,0.9996629213483146,1
8870,1.0,1
8871,0.8991919354684115,1
8872,1.0,1
8873,0.018200264916881724,0
8874,1.0,1
8875,0.9693388690520167,1
8876,0.02322229425898357,0
8877,0.9973772070626004,1
8878,0.999996254681648,1
8879,0.9981795170169456,1
8880,1.0,1
8881,0.999996254681648,1
8882,0.5114547504303788,0
8883,0.9996724946937089,1
8884,1.0,1
8885,0.9999759795306994,1
8886,0.9999852216748769,1
8887,1.0,1
8888,0.9993931618981428,1
8889,0.15099272087529417,0
8890,0.9998537918194026,1
8891,1.0,1
8892,1.0,1
8893,1.0,1
8894,0.04642558576200084,0
8895,0.47854303398650927,1
8896,0.9998931618981427,1
8897,1.0,1
8898,0.9605035849125392,1
8899,1.0,1
8900,0.995,1
8901,1.0,1
8902,1.0,1
8903,1.0,1
8904,1.0,1
8905,1.0,1
8906,1.0,1
8907,1.0,1
8908,1.0,1
8909,1.0,1
8910,0.9999852216748769,1
8911,0.9999907578558225,1
8912,0.9999852216748769,1
8913,0.9674454869793866,1
8914,0.04444563865763811,0
8915,0.9994444444444445,1
8916,1.0,1
8917,1.0,1
8918,0.9999268102372035,1
8919,0.9997670966420968,1
8920,1.0,1
8921,0.03699788753847687,0
8922,0.9997809855309856,1
8923,1.0,1
8924,0.07185150241644485,0
8925,0.9998055555555555,1
8926,0.9999491807475678,1
8927,0.9676740777095811,1
8928,0.9722948377068783,1
8929,1.0,1
8930,0.9997021370345891,1
8931,0.9765611127553561,1
8932,0.9940909770222235,1
8933,0.9999759795306994,1
8934,0.995,1
8935,1.0,1
8936,0.6665961320780117,1
8937,1.0,1
8938,0.9999268102372035,1
8939,0.9998931618981427,1
8940,0.9999305555555555,1
8941,0.9999268102372035,1
8942,1.0,1
8943,1.0,1
8944,0.9998679093728903,1
8945,1.0,1
8946,0.9999759795306994,1
8947,1.0,1
8948,0.9992026834489035,1
8949,1.0,1
8950,0.9973517608517608,1
8951,0.9999852216748769,1
8952,0.022872935069782132,0
8953,0.9999372620364987,1
8954,0.9938147286821706,1
8955,0.9987826380550608,1
8956,0.9999372620364987,1
8957,0.9999852216748769,1
8958,1.0,1
8959,1.0,1
8960,0.9996517608517608,1
8961,0.9949305555555555,1
8962,0.9998886422982721,1
8963,0.19377637446580437,0
8964,1.0,1
8965,1.0,1
8966,0.9997408474142345,1
8967,0.99,1
8968,0.9999618320610686,1
8969,0.9597274747562256,1
8970,0.880271336114524,1
8971,0.9999491807475678,1
8972,0.9994562489928249,1
8973,0.04586211191045875,0
8974,0.9999268102372035,1
8975,1.0,1
8976,0.9882680623973727,1
8977,1.0,1
8978,0.9999581589958159,1
8979,0.3154858197358198,0
8980,0.9997392771084337,1
8981,1.0,1
8982,1.0,1
8983,1.0,1
8984,0.8921067371453065,1
8985,0.9938088888888889,1
8986,1.0,1
8987,1.0,1
8988,1.0,1
8989,0.9999372620364987,1
8990,0.9965622791421405,1
8991,0.9512270749405068,1
8992,0.999996254681648,1
8993,1.0,1
8994,0.9998931618981427,1
8995,1.0,1
8996,0.987550476909035,1
8997,1.0,1
8998,0.9730958921361592,1
8999,0.9999852216748769,1
9000,1.0,1
9001,1.0,1
9002,1.0,1
9003,0.999996254681648,1
9004,0.9997959183673469,1
9005,0.9939147286821705,1
9006,0.9998931618981427,1
9007,0.9999769585253456,1
9008,0.9999059855309856,1
9009,0.9997728768926926,1
9010,0.9995972604510805,1
9011,0.999996254681648,1
9012,0.7517925852644615,1
9013,0.05901375108871548,0
9014,0.9939026857457632,1
9015,0.9587588124159219,1
9016,0.8489238458867285,1
9017,1.0,1
9018,0.029911121797313776,0
9019,1.0,1
9020,0.9998917645472524,1
9021,0.9999852216748769,1
9022,0.9999372620364987,1
9023,0.9998931618981427,1
9024,0.9997713483427769,1
9025,0.999996254681648,1
9026,0.9999618320610686,1
9027,0.9017027181796625,1
9028,0.9999852216748769,1
9029,0.9999268102372035,1
9030,0.9996629213483146,1
9031,0.9999759795306994,1
9032,0.999996254681648,1
9033,0.9999852216748769,1
9034,0.9999618320610686,1
9035,0.9999759795306994,1
9036,0.9647298995091834,1
9037,1.0,1
9038,0.9999852216748769,1
9039,0.9978664666950475,1
9040,0.9160622779533439,1
9041,0.9998931618981427,1
9042,1.0,1
9043,0.9969990604704014,1
9044,1.0,1
9045,0.9544593996549945,1
9046,0.999996254681648,1
9047,1.0,1
9048,1.0,1
9049,0.9999618320610686,1
9050,0.9999852216748769,1
9051,1.0,1
9052,0.9411285423523212,0
9053,0.9995598285648094,1
9054,1.0,1
9055,1.0,1
9056,1.0,1
9057,0.9982231124172766,1
9058,0.9837776981593422,1
9059,0.9887114830157738,1
9060,1.0,1
9061,0.9999852216748769,1
9062,0.9999852216748769,1
9063,0.9999268102372035,1
9064,0.9999305555555555,1
9065,1.0,1
9066,0.9960390750891335,1
9067,0.9997260273972602,1
9068,0.9493553135144548,1
9069,0.9796499686619228,1
9070,1.0,1
9071,1.0,1
9072,0.999996254681648,1
9073,1.0,1
9074,0.999996254681648,1
9075,1.0,1
9076,0.9999759795306994,1
9077,0.9999852216748769,1
9078,0.9999852216748769,1
9079,0.9982349982369967,1
9080,0.9975510923185342,1
9081,0.9979166666666667,1
9082,0.9973519545373479,1
9083,1.0,1
9084,1.0,1
9085,0.026834951308186698,0
9086,0.9999268102372035,1
9087,0.9998529411764706,1
9088,0.9978958636713011,1
9089,1.0,1
9090,0.999996254681648,1
9091,0.0979691183687691,0
9092,0.9987301587301587,1
9093,1.0,1
9094,1.0,1
9095,0.9999852216748769,1
9096,0.9997978644475244,1
9097,0.013936938289632952,0
9098,0.9999581589958159,1
9099,0.9269489078861325,1
9100,0.9893745671804822,1
9101,1.0,1
9102,0.9999710021563954,1
9103,1.0,1
9104,0.04424745256289845,0
9105,0.970724846657977,1
9106,0.19570826850292583,0
9107,1.0,1
9108,0.9992470994477469,1
9109,0.9999759795306994,1
9110,0.9999852216748769,1
9111,0.9999096405017458,1
9112,1.0,1
9113,1.0,1
9114,0.9997318903318905,1
9115,0.9996937693327442,1
9116,0.9989117657815814,1
9117,1.0,1
9118,1.0,1
9119,1.0,1
9120,1.0,1
9121,1.0,1
9122,0.9998780487804878,1
9123,0.9999852216748769,1
9124,0.999996254681648,1
9125,1.0,1
9126,0.9999268102372035,1
9127,0.9999246107229979,1
9128,0.9999907578558225,1
9129,1.0,1
9130,0.9983400605670647,1
9131,0.9997916666666667,1
9132,1.0,1
9133,0.9997978644475244,1
9134,0.9999759795306994,1
9135,0.9999372620364987,1
9136,1.0,1
9137,0.9939109833638184,1
9138,1.0,1
9139,1.0,1
9140,0.989996254681648,1
9141,0.9941874762851036,1
9142,1.0,1
9143,1.0,1
9144,1.0,1
9145,0.999996254681648,1
9146,0.9989109833638184,1
9147,0.9948238408885445,1
9148,0.999996254681648,1
9149,1.0,1
9150,1.0,1
9151,0.9999305555555555,1
9152,0.9390934043373927,1
9153,0.9999305555555555,1
9154,0.508599781550496,0
9155,0.9761024516557406,1
9156,1.0,1
9157,0.9999246107229979,1
9158,1.0,1
9159,0.999996254681648,1
9160,1.0,1
9161,1.0,1
9162,1.0,1
9163,0.9997915828240284,1
9164,1.0,1
9165,1.0,1
9166,1.0,1
9167,0.8984053375087063,1
9168,0.9995844434576839,1
9169,0.9939316611337464,1
9170,0.9931978442529943,1
9171,1.0,1
9172,0.9479209125040937,1
9173,0.9194661309880153,1
9174,0.9998537918194026,1
9175,0.994136621390037,1
9176,0.9969677445984046,1
9177,0.9999907578558225,1
9178,1.0,1
9179,0.9573160301509459,1
9180,0.999996254681648,1
9181,0.999996254681648,1
9182,0.9772905336463943,1
9183,0.9999759795306994,1
9184,0.9999759795306994,1
9185,0.9999852216748769,1
9186,0.9999852216748769,1
9187,0.05540390552975242,0
9188,1.0,1
9189,0.9999852216748769,1
9190,1.0,1
9191,0.018258204737908054,0
9192,0.9999852216748769,1
9193,0.9999852216748769,1
9194,1.0,1
9195,0.9750229731976673,1
9196,0.9999852216748769,1
9197,1.0,1
9198,0.9999852216748769,1
9199,1.0,1
9200,1.0,1
9201,0.999996254681648,1
9202,0.9997162773896646,1
9203,0.9999754299754301,1
9204,0.9999852216748769,1
9205,0.06383942468104237,0
9206,1.0,1
9207,0.9999852216748769,1
9208,1.0,1
9209,1.0,1
9210,0.9999852216748769,1
9211,1.0,1
9212,0.0509551458534402,0
9213,1.0,1
9214,0.010930963025913534,0
9215,0.999996254681648,1
9216,0.9999618320610686,1
9217,1.0,1
9218,0.9992305512768971,1
9219,0.0001415565979320438,0
9220,0.005366250678241996,0
9221,0.9920669219546552,1
9222,0.9999372620364987,1
9223,0.9910202492204043,1
9224,1.0,1
9225,1.0,1
9226,0.999996254681648,1
9227,1.0,1
9228,0.999996254681648,1
9229,1.0,1
9230,0.9996937693327442,1
9231,0.025348697705171407,0
9232,1.0,1
9233,0.9998923876166242,1
9234,1.0,1
9235,0.999996254681648,1
9236,0.022981440321759875,0
9237,0.023767314170460886,0
9238,1.0,1
9239,0.9999852216748769,1
9240,0.9998747474747476,1
9241,0.9999759795306994,1
9242,0.9949470537359456,1
9243,0.9999852216748769,1
9244,0.9997499999999999,1
9245,1.0,1
9246,1.0,1
9247,0.9998886422982721,1
9248,0.9788747976115759,1
9249,0.9999439751293684,1
9250,0.38164314651626774,0
9251,0.9997916666666667,1
9252,0.9980073243970744,1
9253,0.9949477204477205,1
9254,1.0,1
9255,0.998885730838566,1
9256,0.9882605421180339,1
9257,0.985426501270355,1
9258,1.0,1
9259,0.941524940354787,1
9260,0.9997260273972602,1
9261,1.0,1
9262,1.0,1
9263,1.0,1
9264,1.0,1
9265,0.8295168291661987,1
9266,0.9999729729729729,1
9267,0.9994278087148397,1
9268,0.9757867599407706,1
9269,0.9997978644475244,1
9270,0.9999710021563954,1
9271,0.9997959183673469,1
9272,0.9998780487804878,1
9273,0.994996254681648,1
9274,0.9999759795306994,1
9275,0.993885730838566,1
9276,0.9971026810897263,1
9277,1.0,1
9278,0.36219659364241863,1
9279,0.04117048157546054,0
9280,0.9998238408885445,1
9281,1.0,1
9282,0.9999907578558225,1
9283,0.9170107024606589,1
9284,1.0,1
9285,0.9999759795306994,1
9286,0.9947673876166242,1
9287,1.0,1
9288,0.9999268102372035,1
9289,0.9016395325124155,1
9290,0.9997260273972602,1
9291,1.0,1
9292,1.0,1
9293,1.0,1
9294,1.0,1
9295,1.0,1
9296,1.0,1
9297,1.0,1
9298,1.0,1
9299,0.9591844064170439,1
9300,0.9972833692841914,1
9301,1.0,1
9302,1.0,1
9303,0.9998647660818714,1
9304,1.0,1
9305,0.9730584605125964,1
9306,0.8263292804951112,1
9307,1.0,1
9308,0.9828124490318763,1
9309,0.9989147286821705,1
9310,0.9973389140741253,1
9311,0.9996629213483146,1
9312,0.9999759795306994,1
9313,0.994996254681648,1
9314,0.9997959183673469,1
9315,0.9868030465740197,1
9316,1.0,1
9317,0.999996254681648,1
9318,1.0,1
9319,0.9999852216748769,1
9320,0.9987921697926407,1
9321,0.9999852216748769,1
9322,0.9949246107229979,1
9323,0.999996254681648,1
9324,0.9874226672913556,1
9325,1.0,1
9326,0.9999759795306994,1
9327,0.9954380139498482,1
9328,0.9971230189741592,1
9329,1.0,1
9330,1.0,1
9331,0.9999759795306994,1
9332,0.999996254681648,1
9333,1.0,1
9334,0.9999639966171319,1
9335,0.9977856093390903,1
9336,1.0,1
9337,1.0,1
9338,0.781537793567185,1
9339,0.9935296903616991,1
9340,0.9987073342817295,1
9341,0.9824577567260607,1
9342,0.9999581589958159,1
9343,0.9999759795306994,1
9344,0.009273662661593695,0
9345,1.0,1
9346,0.9999852216748769,1
9347,1.0,1
9348,1.0,1
9349,1.0,1
9350,0.9545594988327792,1
9351,0.9939147286821705,1
9352,1.0,1
9353,0.48576336887772187,1
9354,0.24639742694694333,0
9355,1.0,1
9356,1.0,1
9357,0.12349595387557802,0
9358,1.0,1
9359,0.9997768883415437,1
9360,0.9999618320610686,1
9361,0.9999852216748769,1
9362,0.999996254681648,1
9363,0.04687406824032132,0
9364,0.9998747277469906,1
9365,1.0,1
9366,1.0,1
9367,0.9999907578558225,1
9368,1.0,1
9369,0.9999754299754301,1
9370,0.9999759795306994,1
9371,0.9867723230173957,1
9372,0.9566977744698378,1
9373,0.9999852216748769,1
9374,0.10468239260569889,0
9375,0.9988039265386583,1
9376,1.0,1
9377,0.999996254681648,1
9378,1.0,1
9379,0.9999729729729729,1
9380,0.01805585020818687,0
9381,0.9896026810897263,1
9382,0.9999769585253456,1
9383,0.999996254681648,1
9384,1.0,1
9385,1.0,1
9386,1.0,1
9387,0.9994452352768974,1
9388,1.0,1
9389,0.9999754299754301,1
9390,1.0,1
9391,1.0,1
9392,0.9936165012886281,1
9393,1.0,1
9394,1.0,1
9395,0.02835763384521659,0
9396,0.028828359980247988,0
9397,0.9999618320610686,1
9398,1.0,1
9399,0.025145229354637852,0
9400,0.9999907578558225,1
9401,0.9999485827290705,1
9402,1.0,1
9403,0.9998679093728903,1
9404,0.9712243638809501,1
9405,0.9999268102372035,1
9406,0.999405461139531,1
9407,0.9999618320610686,1
9408,0.09105138825176073,0
9409,0.9998647660818714,1
9410,0.9717071821993387,1
9411,0.9999759795306994,1
9412,0.9999907578558225,1
9413,0.9676792185374232,1
9414,1.0,1
9415,0.9775299509357254,1
9416,0.9999491807475678,1
9417,0.999453591379431,1
9418,1.0,1
9419,0.9997959183673469,1
9420,1.0,1
9421,1.0,1
9422,0.9999769585253456,1
9423,0.9999639966171319,1
9424,1.0,1
9425,1.0,1
9426,0.9998931618981427,1
9427,1.0,1
9428,0.999996254681648,1
9429,1.0,1
9430,0.9999852216748769,1
9431,0.9864657462527409,1
9432,0.9999852216748769,1
9433,0.9845794105149152,1
9434,0.9974485827290706,1
9435,0.9949729729729729,1
9436,0.9999759795306994,1
9437,0.9975745666494524,1
9438,0.9093808361913157,1
9439,0.9999759795306994,1
9440,0.9937979009077735,1
9441,0.9811504834889834,1
9442,0.9990700639829448,1
9443,0.9999268102372035,1
9444,0.99982659814294,1
9445,0.9286750545472247,1
9446,1.0,1
9447,0.9997916666666667,1
9448,0.999996254681648,1
9449,0.9999710021563954,1
9450,0.9998886422982721,1
9451,1.0,1
9452,0.03792122130470318,0
9453,0.6153404654160934,1
9454,0.9999852216748769,1
9455,0.9728382422082029,1
9456,0.9937434477737608,1
9457,0.9999610794342891,1
9458,0.9939540703002556,1
9459,0.22037625019912635,0
9460,0.9785775196121294,1
9461,0.0,0
9462,0.99992,1
9463,0.9999444444444444,1
9464,1.0,1
9465,1.0,1
9466,1.0,1
9467,1.0,1
9468,1.0,1
9469,0.999996254681648,1
9470,0.9999618320610686,1
9471,1.0,1
9472,1.0,1
9473,0.9879456676699354,1
9474,1.0,1
9475,1.0,1
9476,1.0,1
9477,1.0,1
9478,0.9998285392941502,1
9479,0.02407520796855622,0
9480,0.9822098353489388,1
9481,0.9998537918194026,1
9482,0.9999754299754301,1
9483,1.0,1
9484,1.0,1
9485,1.0,1
9486,0.9193534469544534,1
9487,0.985963420971324,1
9488,0.03678261262596655,0
9489,0.999996254681648,1
9490,1.0,1
9491,0.029699073589808164,0
9492,0.9973772070626004,1
9493,0.9508231360670749,1
9494,0.9999754299754301,1
9495,0.9999618320610686,1
9496,1.0,1
9497,0.999996254681648,1
9498,1.0,1
9499,0.999318763146125,1
9500,1.0,1
9501,1.0,1
9502,1.0,1
9503,0.9999852216748769,1
9504,0.999996254681648,1
9505,0.9999305555555555,1
9506,0.9829238699341611,1
9507,0.9999491807475678,1
9508,0.999194172738501,1
9509,0.9969135992072954,1
9510,1.0,1
9511,1.0,1
9512,0.04107825727894042,0
9513,0.9999759795306994,1
9514,0.9999754299754301,1
9515,0.9793186806300089,1
9516,0.9978844086021507,1
9517,0.9999907578558225,1
9518,1.0,1
9519,0.9999639966171319,1
9520,0.9998679093728903,1
9521,0.9998333333333334,1
9522,1.0,1
9523,0.9998780487804878,1
9524,0.013323179926809512,0
9525,1.0,1
9526,1.0,1
9527,0.018275002476420332,0
9528,0.9999852216748769,1
9529,1.0,1
9530,0.016109469717746135,0
9531,1.0,1
9532,0.995,1
9533,1.0,1
9534,0.999996254681648,1
9535,0.9999268102372035,1
9536,1.0,1
9537,1.0,1
9538,0.008155741317506023,0
9539,0.9999491807475678,1
9540,0.9796042330294406,1
9541,0.9944905075552112,1
9542,0.9989109833638184,1
9543,0.999875,1
9544,0.97091091954023,1
9545,0.09359075941771654,0
9546,0.05794241325242833,0
9547,0.0167865504181597,0
9548,1.0,1
9549,1.0,1
9550,0.057134444293964776,0
9551,1.0,1
9552,1.0,1
9553,0.9999754299754301,1
9554,1.0,1
9555,0.9999852216748769,1
9556,0.9818488473357239,1
9557,0.9998647660818714,1
9558,0.9999759795306994,1
9559,0.9999769585253456,1
9560,1.0,1
9561,0.031479867993977215,0
9562,0.9999759795306994,1
9563,1.0,1
9564,0.999996254681648,1
9565,0.998885730838566,1
9566,1.0,1
9567,0.9999852216748769,1
9568,1.0,1
9569,0.9999852216748769,1
9570,0.999996254681648,1
9571,0.017725471073321824,0
9572,0.042682699307408214,0
9573,0.23201317898583151,0
9574,0.9833333333333333,1
9575,0.9678642284245504,1
9576,0.9988183986674408,1
9577,0.9981302200293072,1
9578,0.0,0
9579,0.021361107337685085,0
9580,0.04876373626373626,0
9581,0.9815189021462726,1
9582,0.06175970926193873,0
9583,0.11150891970228233,0
9584,0.9999852216748769,1
9585,0.9999852216748769,1
9586,0.1913592735449976,0
9587,0.999996254681648,1
9588,0.9989109833638184,1
9589,0.9949759795306994,1
9590,0.9999305555555555,1
9591,0.9573292268482153,1
9592,0.9999759795306994,1
9593,0.999996254681648,1
9594,0.9940352133547989,1
9595,0.9997021370345891,1
9596,0.9938660733677607,1
9597,0.9973772070626004,1
9598,0.989054154670542,1
9599,0.999996254681648,1
9600,0.007430903189818463,0
9601,1.0,1
9602,0.9891927575757137,1
9603,0.9001225150610003,1
9604,0.9998780487804878,1
9605,1.0,1
9606,1.0,1
9607,0.9997260273972602,1
9608,0.9823202354423599,1
9609,0.9999852216748769,1
9610,0.9999852216748769,1
9611,0.992776708672811,1
9612,0.9999852216748769,1
9613,0.976232887288733,1
9614,1.0,1
9615,1.0,1
9616,0.9999852216748769,1
9617,1.0,1
9618,0.9999759795306994,1
9619,0.9940148966479916,1
9620,0.999996254681648,1
9621,0.8189132574223799,1
9622,0.9999639966171319,1
9623,0.9999852216748769,1
9624,0.9999268102372035,1
9625,0.998885730838566,1
9626,0.9999722222222222,1
9627,1.0,1
9628,0.12242166309850117,0
9629,0.999996254681648,1
9630,0.9837916591345416,1
9631,0.9999852216748769,1
9632,0.02573690388922953,0
9633,0.9999852216748769,1
9634,0.999277242493235,1
9635,0.9992648208768898,1
9636,1.0,1
9637,0.004324546347926299,0
9638,0.9994639966171319,1
9639,0.016027488253245854,0
9640,0.9999372620364987,1
9641,0.9998401960573013,1
9642,0.9923772070626004,1
9643,0.9782688375412253,1
9644,0.999996254681648,1
9645,0.9999907578558225,1
9646,0.9999759795306994,1
9647,1.0,1
9648,0.9999523885007757,1
9649,0.9835601480147852,1
9650,0.9944786400364076,1
9651,0.9651179061233566,1
9652,0.9989333207644832,1
9653,0.9861111225944208,1
9654,1.0,1
9655,1.0,1
9656,1.0,1
9657,0.1488884959026888,0
9658,1.0,1
9659,0.9999852216748769,1
9660,1.0,1
9661,0.9895152428451043,1
9662,0.9994452352768974,1
9663,0.0380946321324519,0
9664,0.9934004564140746,1
9665,1.0,1
9666,0.014731233052661623,0
9667,0.20220979902307007,0
9668,0.9997916666666667,1
9669,0.9999907578558225,1
9670,1.0,1
9671,0.9999852216748769,1
9672,0.9999268102372035,1
9673,0.20916410777536348,0
9674,0.999996254681648,1
9675,0.9999618320610686,1
9676,0.9999852216748769,1
9677,0.1677835474021462,0
9678,1.0,1
9679,0.9995564517353992,1
9680,0.9997959183673469,1
9681,0.0042090127587084995,0
9682,0.9969786400364076,1
9683,1.0,1
9684,1.0,1
9685,0.9998886422982721,1
9686,0.9995728702071781,1
9687,0.9998931618981427,1
9688,0.999996254681648,1
9689,1.0,1
9690,0.9999852216748769,1
9691,0.999996254681648,1
9692,0.999996254681648,1
9693,1.0,1
9694,0.9945655314459394,1
9695,1.0,1
9696,0.1205101523803972,0
9697,0.9946007664125106,1
9698,0.9895651855700284,1
9699,0.9991002446094438,1
9700,0.9999581589958159,1
9701,0.026805903866248693,0
9702,0.9931481689192703,1
9703,0.9998192771084337,1
9704,0.9939109833638184,1
9705,0.12250117281608883,0
9706,0.020909300300303437,0
9707,0.9999618320610686,1
9708,0.9889147286821705,1
9709,1.0,1
9710,0.9991019574713141,1
9711,0.9999852216748769,1
9712,0.9915158596429232,1
9713,0.9965415623254092,1
9714,1.0,1
9715,0.990228758982239,1
9716,0.09040460984771792,0
9717,0.5143181818181819,1
9718,0.99318139505533,1
9719,0.9999759795306994,1
9720,1.0,1
9721,1.0,1
9722,0.9999852216748769,1
9723,1.0,1
9724,0.23003905772595978,0
9725,1.0,1
9726,1.0,1
9727,0.9666520381265759,1
9728,0.9028539021271588,1
9729,0.9820702116430637,1
9730,0.25802741368814675,0
9731,0.9999907578558225,1
9732,1.0,1
9733,1.0,1
9734,0.9998381628513474,1
9735,0.9999491807475678,1
9736,0.9999759795306994,1
9737,0.037818043802272786,0
9738,0.9998679093728903,1
9739,1.0,1
9740,0.007283567766620971,0
9741,0.02273092005689384,0
9742,1.0,1
9743,0.9998381628513474,1
9744,0.9993646857543911,1
9745,1.0,1
9746,1.0,1
9747,0.9888119733697408,1
9748,0.008639895051576089,0
9749,1.0,1
9750,0.998885730838566,1
9751,0.035666908448774105,0
9752,1.0,1
9753,0.9999759795306994,1
9754,0.9950079927291593,1
9755,0.9999167355953127,1
9756,0.9985958965806695,1
9757,0.9999852216748769,1
9758,0.9983472990893231,1
9759,1.0,1
9760,1.0,1
9761,0.8789881014451485,1
9762,1.0,1
9763,1.0,1
9764,1.0,1
9765,0.9894012885545022,1
9766,1.0,1
9767,0.9998529411764706,1
9768,1.0,1
9769,0.9800461994690753,1
9770,1.0,1
9771,0.998889476156918,1
9772,0.9852052730305099,1
9773,0.9949268102372035,1
9774,1.0,1
9775,1.0,1
9776,0.9999754299754301,1
9777,1.0,1
9778,0.9999639966171319,1
9779,0.9997959183673469,1
9780,0.999996254681648,1
9781,0.999996254681648,1
9782,0.9999907578558225,1
9783,0.9999852216748769,1
9784,0.9997670966420968,1
9785,1.0,1
9786,0.9613958446507112,1
9787,0.9979666399324533,1
9788,0.9997959183673469,1
9789,0.008386954522503364,0
9790,0.9757846678066835,1
9791,0.9999096405017458,1
9792,0.004108790612433721,0
9793,0.9165243608466837,1
9794,0.9999754299754301,1
9795,1.0,1
9796,1.0,1
9797,1.0,1
9798,0.9999268102372035,1
9799,1.0,1
9800,0.9997916666666667,1
9801,0.9928333502078951,1
9802,0.7129321877585838,1
9803,1.0,1
9804,1.0,1
9805,1.0,1
9806,0.9999852216748769,1
9807,1.0,1
9808,1.0,1
9809,0.9999096405017458,1
9810,0.014405670906355729,0
9811,1.0,1
9812,0.9922678157231336,1
9813,0.9999759795306994,1
9814,1.0,1
9815,0.9999907578558225,1
9816,0.9997450991149148,1
9817,0.9552089096773706,1
9818,0.9994006122672587,1
9819,0.9370666641109284,1
9820,0.9982104377951244,1
9821,0.9996007664125106,1
9822,0.9924734377401121,1
9823,0.1605600440313496,0
9824,0.9999754299754301,1
9825,1.0,1
9826,1.0,1
9827,1.0,1
9828,1.0,1
9829,0.9995801191793557,1
9830,0.9992857142857143,1
9831,1.0,1
9832,0.0339331665511893,0
9833,1.0,1
9834,0.026741270160197686,0
9835,0.023530702996022553,0
9836,0.9924441140519956,1
9837,0.9989852921445557,1
9838,1.0,1
9839,1.0,1
9840,1.0,1
9841,1.0,1
9842,0.9998394232090271,1
9843,0.9999852216748769,1
9844,0.9785951928787204,1
9845,0.999996254681648,1
9846,1.0,1
9847,0.9999639966171319,1
9848,0.9999246107229979,1
9849,1.0,1
9850,1.0,1
9851,1.0,1
9852,0.1531731108840693,0
9853,1.0,1
9854,1.0,1
9855,1.0,1
9856,0.05868412578898795,0
9857,1.0,1
9858,0.9996629213483146,1
9859,0.9941524735810218,1
9860,1.0,1
9861,1.0,1
9862,1.0,1
9863,1.0,1
9864,0.9998529411764706,1
9865,0.01388224890505785,0
9866,0.999996254681648,1
9867,0.9925802999344562,1
9868,1.0,1
9869,0.9761753344817818,1
9870,0.9997978644475244,1
9871,0.9999618320610686,1
9872,0.9993640408425116,1
9873,0.9939292991561969,1
9874,0.9999246107229979,1
9875,0.9912010738862149,1
9876,0.8195635426756115,1
9877,1.0,1
9878,0.9999759795306994,1
9879,1.0,1
9880,0.999996254681648,1
9881,1.0,1
9882,0.999996254681648,1
9883,0.9999852216748769,1
9884,0.37320787346357215,0
9885,0.9999759795306994,1
9886,0.9999852216748769,1
9887,1.0,1
9888,0.9940984881412456,1
9889,0.9998909022659024,1
9890,1.0,1
9891,0.9732700489259106,1
9892,1.0,1
9893,0.9999759795306994,1
9894,0.9999759795306994,1
9895,0.0626818246264529,0
9896,0.9999759795306994,1
9897,1.0,1
9898,1.0,1
9899,0.01916716680273062,0
9900,0.9282262102720149,1
9901,0.999996254681648,1
9902,0.1032327125224495,0
9903,1.0,1
9904,1.0,1
9905,0.9999503831220149,1
9906,0.9999852216748769,1
9907,0.02878336698130807,0
9908,0.9845635042246754,1
9909,0.013802812576702947,0
9910,0.998885730838566,1
9911,1.0,1
9912,0.040187747575697326,0
9913,0.9999246107229979,1
9914,0.9999618320610686,1
9915,1.0,1
9916,0.9718285353389366,1
9917,0.9700586082529984,1
9918,0.003966177162931727,0
9919,0.999996254681648,1
9920,0.9994812376471309,1
9921,1.0,1
9922,0.9997809855309856,1
9923,1.0,1
9924,0.9997959183673469,1
9925,0.9837140261239057,1
9926,0.9997222820789082,1
9927,0.9999852216748769,1
9928,1.0,1
9929,1.0,1
9930,0.9999852216748769,1
9931,0.04332485922054849,0
9932,0.9956673764865407,1
9933,0.010071424845841705,0
9934,0.9998679093728903,1
9935,0.026142688588923765,0
9936,0.9941380173292559,1
9937,0.9999341385265152,1
9938,0.99992,1
9939,1.0,1
9940,0.9999441140519956,1
9941,0.0,0
9942,0.0,0
9943,0.9971709916286505,1
9944,0.9413094731250011,1
9945,0.9570008278566838,1
9946,0.999996254681648,1
9947,0.8170400266600631,1
9948,1.0,1
9949,0.9948886422982721,1
9950,0.9999618320610686,1
9951,0.9899852216748769,1
9952,0.9999639966171319,1
9953,0.9984151020331983,1
9954,0.19122048437634054,0
9955,0.9990501762502753,1
9956,1.0,1
9957,0.9999759795306994,1
9958,0.9999759795306994,1
9959,0.9937457788823579,1
9960,0.9999769585253456,1
9961,1.0,1
9962,1.0,1
9963,0.9999096405017458,1
9964,1.0,1
9965,0.9999618320610686,1
9966,0.9999852216748769,1
9967,0.07101517921565613,0
9968,0.9999852216748769,1
9969,0.993971224828623,1
9970,0.016473154567516773,0
9971,1.0,1
9972,1.0,1
9973,0.9697200410611585,1
9974,0.999996254681648,1
9975,0.9904120368545618,1
9976,0.9997260273972602,1
9977,0.9999852216748769,1
9978,0.9999852216748769,1
9979,1.0,1
9980,0.9989147286821705,1
9981,1.0,1
9982,0.9995899121111261,1
9983,1.0,1
9984,1.0,1
9985,1.0,1
9986,0.999996254681648,1
9987,0.9998931618981427,1
9988,0.06091625136224179,0
9989,1.0,1
9990,0.999996254681648,1
9991,0.9973519545373479,1
9992,1.0,1
9993,0.9999852216748769,1
9994,0.9876236989813323,1
9995,0.9999852216748769,1
9996,0.9999852216748769,1
9997,1.0,1
9998,0.999996254681648,1
9999,0.9994218559296302,1
10000,0.999996254681648,1
10001,0.9983738172885854,1
10002,0.9904078654157682,1
10003,1.0,1
10004,1.0,1
10005,1.0,1
10006,0.012713082340949946,0
10007,1.0,1
10008,0.9999759795306994,1
10009,0.9999852216748769,1
10010,1.0,1
10011,0.9999852216748769,1
10012,1.0,1
10013,0.998885730838566,1
10014,1.0,1
10015,0.006000723709923179,0
10016,0.02320102810782054,0
10017,0.9626436409816382,1
10018,0.240560481840005,0
10019,0.9987478855720798,1
10020,0.9968686190458788,1
10021,0.015690898758991146,0
10022,1.0,1
10023,0.007738113221166425,0
10024,1.0,1
10025,0.03321370232603332,0
10026,1.0,1
10027,1.0,1
10028,1.0,1
10029,0.9999852216748769,1
10030,0.023652530369901045,0
10031,1.0,1
10032,0.9999852216748769,1
10033,1.0,1
10034,0.9998275862068965,1
10035,0.9886140375604269,1
10036,1.0,1
10037,0.9998394232090271,1
10038,1.0,1
10039,0.9619106941024504,1
10040,1.0,1
10041,0.9855420823018322,1
10042,0.990568769008561,1
10043,0.9999342105263157,1
10044,0.9999759795306994,1
10045,1.0,1
10046,0.9917220678191933,1
10047,0.8792082401346606,1
10048,0.9998381628513474,1
10049,1.0,1
10050,1.0,1
10051,0.9998647660818714,1
10052,1.0,1
10053,0.999996254681648,1
10054,1.0,1
10055,0.9999305555555555,1
10056,0.9976066906810588,1
10057,0.9999341385265152,1
10058,0.9998291284403669,1
10059,0.9999710021563954,1
10060,0.2299227994227994,0
10061,0.000990990990990991,0
10062,0.9741745846619271,1
10063,0.017079713390058218,0
10064,0.0010793690546852036,0
10065,0.9999581589958159,1
10066,1.0,1
10067,0.9999852216748769,1
10068,1.0,1
10069,1.0,1
10070,1.0,1
10071,1.0,1
10072,1.0,1
10073,0.9879062035405114,1
10074,1.0,1
10075,0.9975849463654342,1
10076,0.9957145514715243,1
10077,0.999996254681648,1
10078,0.023703315373216988,0
10079,0.9998278349822282,1
10080,0.9999769585253456,1
10081,0.9999618320610686,1
10082,1.0,1
10083,0.9999059855309856,1
10084,0.04101461208372331,0
10085,1.0,1
10086,0.9999907578558225,1
10087,0.9994666980314016,1
10088,0.9999759795306994,1
10089,0.9990656583274464,1
10090,0.9972450372149568,1
10091,0.13240672220446095,0
10092,0.9999000000000001,1
10093,0.9999852216748769,1
10094,1.0,1
10095,0.999996254681648,1
10096,0.9999096405017458,1
10097,1.0,1
10098,0.9994933324781055,1
10099,0.9953377733766223,1
10100,1.0,1
10101,1.0,1
10102,1.0,1
10103,0.9996629213483146,1
10104,1.0,1
10105,0.8971289139728768,1
10106,0.9983156809327237,1
10107,0.9997959183673469,1
10108,0.9998679093728903,1
10109,0.9941687769340802,1
10110,0.9988478402242468,1
10111,0.9591464565856269,1
10112,0.9999759795306994,1
10113,1.0,1
10114,0.789872649718651,1
10115,0.9922871054491,1
10116,0.9843412414425587,1
10117,1.0,1
10118,0.7333915391626376,1
10119,1.0,1
10120,0.033040943266543395,0
10121,0.9880702076586144,1
10122,1.0,1
10123,1.0,1
10124,0.034423089379597975,0
10125,1.0,1
10126,0.99982659814294,1
10127,0.9999852216748769,1
10128,0.9997809855309856,1
10129,1.0,1
10130,1.0,1
10131,0.996493018636089,1
10132,0.9999754299754301,1
10133,0.9997260273972602,1
10134,0.010175423652225119,0
10135,0.008145176024991785,0
10136,0.2361896119799388,0
10137,0.9998275862068965,1
10138,0.9949754299754301,1
10139,1.0,1
10140,0.03231735980949203,0
10141,1.0,1
10142,0.9999852216748769,1
10143,0.9999639966171319,1
10144,1.0,1
10145,1.0,1
10146,0.9999759795306994,1
10147,1.0,1
10148,1.0,1
10149,1.0,1
10150,0.9999852216748769,1
10151,0.9908063267979252,1
10152,0.9948537918194026,1
10153,0.006686730104002185,0
10154,1.0,1
10155,0.9999268102372035,1
10156,0.9867727148834281,1
10157,0.993978236873075,1
10158,1.0,1
10159,1.0,1
10160,1.0,1
10161,1.0,1
10162,0.9998647660818714,1
10163,0.999996254681648,1
10164,1.0,1
10165,0.983083264124465,1
10166,0.9999268102372035,1
10167,0.998885730838566,1
10168,0.99972542997543,1
10169,0.9999618320610686,1
10170,1.0,1
10171,0.9871314895788088,1
10172,0.9999618320610686,1
10173,0.9611106566257714,1
10174,0.13163693551992017,0
10175,0.04145486501623659,0
10176,0.9999852216748769,1
10177,0.9996391118245052,1
10178,0.9997946381873861,1
10179,0.9999852216748769,1
10180,0.9999341385265152,1
10181,0.98263167210685,1
10182,0.9626421725863057,1
10183,0.9844060265806897,1
10184,0.9991643582020151,1
10185,1.0,1
10186,0.9999852216748769,1
10187,0.9999852216748769,1
10188,0.9845766700167979,1
10189,0.07948881945990975,0
10190,0.9999754299754301,1
10191,0.9998931618981427,1
10192,0.9081441057723361,1
10193,1.0,1
10194,0.9846223504130112,1
10195,1.0,1
10196,1.0,1
10197,0.99992,1
10198,0.050390193044503394,0
10199,0.0200625,0
10200,1.0,1
10201,0.9971916118283239,1
10202,0.9992335428172412,1
10203,0.9998679093728903,1
10204,0.9351899314715629,1
10205,0.980247342416277,1
10206,0.9999759795306994,1
10207,0.9967697718336618,1
10208,0.9673101743294636,1
10209,0.995,1
10210,1.0,1
10211,0.9999710021563954,1
10212,0.9807995143839193,1
10213,1.0,1
10214,1.0,1
10215,1.0,1
10216,1.0,1
10217,0.9910609548479857,1
10218,0.9999618320610686,1
10219,0.983285828716757,1
10220,0.9999470537359456,1
10221,1.0,1
10222,1.0,1
10223,0.9971497581153234,1
10224,0.0644344008346774,0
10225,0.9999618320610686,1
10226,1.0,1
10227,0.9999759795306994,1
10228,0.9976821196176553,1
10229,0.9938132137371913,1
10230,0.9998401960573013,1
10231,0.999996254681648,1
10232,1.0,1
10233,0.9999618320610686,1
10234,0.9999852216748769,1
10235,1.0,1
10236,0.9999759795306994,1
10237,0.998889476156918,1
10238,1.0,1
10239,0.9998537918194026,1
10240,1.0,1
10241,0.9849990085072782,1
10242,1.0,1
10243,0.9998931618981427,1
10244,0.9946208590243298,1
10245,1.0,1
10246,0.9678724844785727,1
10247,0.9999759795306994,1
10248,1.0,1
10249,0.004060067144266614,0
10250,0.9999852216748769,1
10251,0.9988954041356682,1
10252,0.004502976583782499,0
10253,0.9999639966171319,1
10254,1.0,1
10255,0.009715467432838104,0
10256,0.9999769585253456,1
10257,0.9999372620364987,1
10258,0.9999852216748769,1
10259,0.9542194296423238,1
10260,0.9999852216748769,1
10261,1.0,1
10262,0.9999759795306994,1
10263,1.0,1
10264,1.0,1
10265,0.025514449062880945,0
10266,0.9996937693327442,1
10267,0.9999639966171319,1
10268,0.9844742355992356,1
10269,1.0,1
10270,1.0,1
10271,0.9999268102372035,1
10272,1.0,1
10273,0.02984231160804975,0
10274,1.0,1
10275,0.9999754299754301,1
10276,1.0,1
10277,1.0,1
10278,0.999996254681648,1
10279,0.9999639966171319,1
10280,0.9999268102372035,1
10281,0.999996254681648,1
10282,1.0,1
10283,0.9999852216748769,1
10284,0.9194432089643051,1
10285,0.9679716652855923,1
10286,0.999996254681648,1
10287,0.981678776311786,1
10288,1.0,1
10289,0.9907767144808504,1
10290,1.0,1
10291,0.9607759937876704,1
10292,0.9996724946937089,1
10293,0.9997768883415437,1
10294,1.0,1
10295,1.0,1
10296,1.0,1
10297,0.9989109833638184,1
10298,0.04303633002874202,0
10299,0.9999852216748769,1
10300,0.9997392771084337,1
10301,0.9999581589958159,1
10302,0.06838844720486563,0
10303,1.0,1
10304,0.9733378913170683,1
10305,1.0,1
10306,1.0,1
10307,0.9909459145018573,1
10308,1.0,1
10309,0.9998931618981427,1
10310,1.0,1
10311,0.999899980272243,1
10312,1.0,1
10313,0.053891175830356165,0
10314,0.9999852216748769,1
10315,1.0,1
10316,0.9998647660818714,1
10317,0.32886622770232227,0
10318,0.9938120632356495,1
10319,0.0052153361344537815,0
10320,0.9999754299754301,1
10321,0.9968417141833931,1
10322,1.0,1
10323,0.9475142800811792,1
10324,0.9950695213115454,1
10325,0.9913984160047303,1
10326,0.999996254681648,1
10327,0.9988718065148768,1
10328,0.9997499999999999,1
10329,1.0,1
10330,0.9999759795306994,1
10331,0.9999618320610686,1
10332,0.9839822594645697,1
10333,0.9999852216748769,1
10334,0.9898750862617129,1
10335,0.9999759795306994,1
10336,0.9989508440090047,1
10337,0.9999268102372035,1
10338,0.9989109833638184,1
10339,1.0,1
10340,0.9895990456162377,1
10341,1.0,1
10342,0.971130846409857,1
10343,1.0,1
10344,1.0,1
10345,0.9999639966171319,1
10346,1.0,1
10347,1.0,1
10348,0.9999754299754301,1
10349,0.9997499999999999,1
10350,0.9999096405017458,1
10351,0.9999759795306994,1
10352,0.9829318955835379,1
10353,0.9999852216748769,1
10354,0.9999639966171319,1
10355,0.1842910658371635,0
10356,0.9999759795306994,1
10357,0.9999406991260923,1
10358,0.28756116835798073,0
10359,1.0,1
10360,0.9999852216748769,1
10361,1.0,1
10362,1.0,1
10363,0.9999852216748769,1
10364,0.005698094867784017,0
10365,0.9999639966171319,1
10366,0.9999852216748769,1
10367,0.999996254681648,1
10368,0.9999491807475678,1
10369,1.0,1
10370,0.999996254681648,1
10371,0.9999852216748769,1
10372,0.9997260273972602,1
10373,0.9998923876166242,1
10374,1.0,1
10375,1.0,1
10376,0.12741939751004466,0
10377,0.9999754299754301,1
10378,1.0,1
10379,1.0,1
10380,1.0,1
10381,0.9999759795306994,1
10382,0.9959026600612388,1
10383,1.0,1
10384,0.9999852216748769,1
10385,0.7823537652796972,1
10386,0.03818366609468829,0
10387,1.0,1
10388,1.0,1
10389,0.9999852216748769,1
10390,1.0,1
10391,0.9998714725628145,1
10392,0.9998275862068965,1
10393,0.9999754299754301,1
10394,0.01711487939753907,0
10395,0.9999759795306994,1
10396,0.9999754299754301,1
10397,1.0,1
10398,1.0,1
10399,1.0,1
10400,0.9883511971287966,1
10401,0.9998931618981427,1
10402,0.9313169657118324,1
10403,0.9993290763499769,1
10404,1.0,1
10405,0.9898414557663535,1
10406,0.9948781601938593,1
10407,0.9999491807475678,1
10408,0.9999246107229979,1
10409,0.2318023849619961,0
10410,0.9949759795306994,1
10411,0.9999907578558225,1
10412,0.9964298792026086,1
10413,0.9999485827290705,1
10414,1.0,1
10415,1.0,1
10416,1.0,1
10417,0.020131139537505317,0
10418,0.9999268102372035,1
10419,0.9999096405017458,1
10420,0.05430639810592461,0
10421,0.9916587164553482,1
10422,0.9999491807475678,1
10423,0.9996724946937089,1
10424,1.0,1
10425,0.9999852216748769,1
10426,1.0,1
10427,0.9999852216748769,1
10428,0.06819668326917908,0
10429,1.0,1
10430,0.05554323078998857,0
10431,0.9710315221415832,1
10432,1.0,1
10433,1.0,1
10434,1.0,1
10435,0.999996254681648,1
10436,0.9998285392941502,1
10437,0.9938945886039435,1
10438,0.9800607252779074,1
10439,0.9617549756118805,1
10440,0.9999759795306994,1
10441,0.9999759795306994,1
10442,1.0,1
10443,1.0,1
10444,0.9891759918076154,1
10445,0.9999759795306994,1
10446,0.9999639966171319,1
10447,0.999628078817734,1
10448,0.9999305555555555,1
10449,1.0,1
10450,1.0,1
10451,1.0,1
10452,0.9999852216748769,1
10453,1.0,1
10454,1.0,1
10455,0.999875,1
10456,0.9988522319714634,1
10457,0.995,1
10458,0.04427981223871025,0
10459,1.0,1
10460,0.9999618320610686,1
10461,1.0,1
10462,1.0,1
10463,1.0,1
10464,0.9892892848006067,1
10465,0.9999406991260923,1
10466,0.999996254681648,1
10467,0.9999639966171319,1
10468,0.9999759795306994,1
10469,1.0,1
10470,1.0,1
10471,1.0,1
10472,0.9999852216748769,1
10473,0.992570133472194,1
10474,0.9997768883415437,1
10475,0.9999268102372035,1
10476,0.9998931618981427,1
10477,0.004072806334111432,0
10478,1.0,1
10479,0.9989147286821705,1
10480,0.9986509245779882,1
10481,0.9998381628513474,1
10482,1.0,1
10483,0.9990699580587821,1
10484,0.969595058894853,1
10485,0.9999852216748769,1
10486,0.006650384358325118,0
10487,0.9999852216748769,1
10488,1.0,1
10489,0.9998931618981427,1
10490,0.9887679171797364,1
10491,0.9202467479672443,1
10492,0.9968948240230451,1
10493,0.980043051431557,1
10494,0.9999754299754301,1
10495,0.9668598655042036,1
10496,1.0,1
10497,0.9999769585253456,1
10498,0.9619269106998095,1
10499,0.011863202667430607,0
10500,0.013747489597183984,0
10501,0.014518769182606252,0
10502,0.9999852216748769,1
10503,0.9832309601457283,1
10504,1.0,1
10505,0.999996254681648,1
10506,1.0,1
10507,0.9998647660818714,1
10508,0.9999759795306994,1
10509,0.9809857889477278,1
10510,0.07967162384883729,0
10511,1.0,1
10512,0.9947571428571429,1
10513,0.994996254681648,1
10514,0.9998275862068965,1
10515,0.9997260273972602,1
10516,0.9999754299754301,1
10517,0.995,1
10518,0.9999907578558225,1
10519,0.9999852216748769,1
10520,1.0,1
10521,0.9999852216748769,1
10522,0.9999852216748769,1
10523,0.999996254681648,1
10524,0.999996254681648,1
10525,1.0,1
10526,0.9997916666666667,1
10527,0.022755759268057243,0
10528,1.0,1
10529,0.9481717722935155,1
10530,1.0,1
10531,1.0,1
10532,1.0,1
10533,0.9535084267404987,1
10534,0.9999491807475678,1
10535,0.999996254681648,1
10536,0.999996254681648,1
10537,0.874824447793686,1
10538,1.0,1
10539,1.0,1
10540,0.024250769515574762,0
10541,0.9998055555555555,1
10542,1.0,1
10543,1.0,1
10544,0.9999852216748769,1
10545,0.9998238408885445,1
10546,0.9999852216748769,1
10547,1.0,1
10548,0.9907051357629034,1
10549,0.9587687461430109,1
10550,0.9999268102372035,1
10551,0.999996254681648,1
10552,0.9999372620364987,1
10553,0.9997916666666667,1
10554,1.0,1
10555,0.9997260273972602,1
10556,0.989125589831625,1
10557,1.0,1
10558,0.9620021496379775,1
10559,0.9999441140519956,1
10560,0.95929157704108,1
10561,1.0,1
10562,0.9767704594257225,1
10563,0.999045188688259,1
10564,0.9511827322418762,1
10565,0.9999907578558225,1
10566,1.0,1
10567,0.999996254681648,1
10568,1.0,1
10569,0.9999769585253456,1
10570,1.0,1
10571,0.9999852216748769,1
10572,0.9998679093728903,1
10573,0.9988147286821706,1
10574,1.0,1
10575,1.0,1
10576,0.9999852216748769,1
10577,1.0,1
10578,0.9893660279003466,1
10579,1.0,1
10580,0.999996254681648,1
10581,1.0,1
10582,1.0,1
10583,0.995,1
10584,1.0,1
10585,0.9998931618981427,1
10586,0.9606900222523064,1
10587,1.0,1
10588,1.0,1
10589,0.9914038045288045,1
10590,0.9999852216748769,1
10591,1.0,1
10592,0.999996254681648,1
10593,0.9880416321580529,1
10594,0.9999852216748769,1
10595,0.9999759795306994,1
10596,0.9997959183673469,1
10597,1.0,1
10598,0.995626830745894,1
10599,0.9994444444444445,1
10600,0.9977156383019667,1
10601,0.9892334805432421,1
10602,1.0,1
10603,1.0,1
10604,0.999996254681648,1
10605,0.9710049141276529,1
10606,0.9999754299754301,1
10607,0.9999852216748769,1
10608,0.9999852216748769,1
10609,0.9999852216748769,1
10610,0.9999754299754301,1
10611,1.0,1
10612,0.9918761448232872,1
10613,0.9981897286821706,1
10614,1.0,1
10615,1.0,1
10616,1.0,1
10617,0.9998529411764706,1
10618,0.05704838665007362,0
10619,0.08509280850843623,0
10620,0.9938147286821706,1
10621,0.9928679596315778,1
10622,1.0,1
10623,1.0,1
10624,1.0,1
10625,0.9999754299754301,1
10626,0.9999852216748769,1
10627,1.0,1
10628,0.23768282553898026,0
10629,0.9999754299754301,1
10630,1.0,1
10631,0.9999759795306994,1
10632,0.992376955340414,1
10633,0.999996254681648,1
10634,0.999996254681648,1
10635,1.0,1
10636,0.999996254681648,1
10637,0.9999907578558225,1
10638,1.0,1
10639,0.9972833692841914,1
10640,0.9999769585253456,1
10641,1.0,1
10642,0.9979166666666667,1
10643,0.9999852216748769,1
10644,0.9925305181034991,1
10645,0.9033232107698411,1
10646,1.0,1
10647,0.9999852216748769,1
10648,1.0,1
10649,1.0,1
10650,1.0,1
10651,1.0,1
10652,1.0,1
10653,0.9999372620364987,1
10654,0.994996254681648,1
10655,0.9999852216748769,1
10656,0.999996254681648,1
10657,0.9999372620364987,1
10658,0.9996900240143921,1
10659,0.9999618320610686,1
10660,1.0,1
10661,0.016831151493547903,0
10662,1.0,1
10663,0.999996254681648,1
10664,0.9999769585253456,1
10665,0.02696062348474616,0
10666,0.012273705624440072,0
10667,0.9844356942400548,1
10668,0.9998436990322932,1
10669,0.017203939405238428,0
10670,0.9999852216748769,1
10671,0.9614588194738751,1
10672,0.9941263394933635,1
10673,0.9921196437118709,1
10674,0.919284179480686,1
10675,0.9999852216748769,1
10676,1.0,1
10677,0.9949754299754301,1
10678,0.04493055524024859,0
10679,0.9998537918194026,1
10680,0.9994444444444445,1
10681,1.0,1
10682,0.9993667294048645,1
10683,0.9999852216748769,1
10684,0.9999268102372035,1
10685,0.9948931618981427,1
10686,1.0,1
10687,0.9703173054395162,1
10688,1.0,1
10689,0.9992287123220056,1
10690,1.0,1
10691,0.2005757732995473,0
10692,1.0,1
10693,0.9912369214411957,1
10694,1.0,1
10695,0.9999852216748769,1
10696,1.0,1
10697,1.0,1
10698,0.9999759795306994,1
10699,0.9999639966171319,1
10700,0.9821758234871518,1
10701,0.999996254681648,1
10702,0.9895756739304196,1
10703,1.0,1
10704,0.982306866824669,1
10705,1.0,1
10706,0.9999372620364987,1
10707,1.0,1
10708,0.9999907578558225,1
10709,0.04000851066176491,0
10710,0.9999754299754301,1
10711,0.9949485827290705,1
10712,1.0,1
10713,1.0,1
10714,1.0,1
10715,0.10894956119223487,0
10716,0.9997026810897264,1
10717,0.9880318523167719,1
10718,0.024913926930867313,0
10719,0.9992196006790754,1
10720,0.9999759795306994,1
10721,0.9984329152632233,1
10722,1.0,1
10723,1.0,1
10724,1.0,1
10725,0.9949268102372035,1
10726,0.9997915828240284,1
10727,0.99982659814294,1
10728,0.8913411840690708,1
10729,0.9999754299754301,1
10730,0.999996254681648,1
10731,1.0,1
10732,1.0,1
10733,1.0,1
10734,1.0,1
10735,0.9654299414091011,1
10736,1.0,1
10737,0.9997499999999999,1
10738,0.976603183827021,1
10739,0.8536480969506818,1
10740,0.06152922155560485,0
10741,0.9999759795306994,1
10742,0.893069241777852,1
10743,1.0,1
10744,0.9749444444444444,1
10745,0.9998714725628145,1
10746,1.0,1
10747,1.0,1
10748,0.9995459401709402,1
10749,0.007091529729300628,0
10750,0.9999639966171319,1
10751,0.9999491807475678,1
10752,1.0,1
10753,1.0,1
10754,0.8239140442606747,1
10755,0.995,1
10756,0.9922777381203695,1
10757,0.9999759795306994,1
10758,0.999996254681648,1
10759,1.0,1
10760,0.9559136078807643,1
10761,0.9999268102372035,1
10762,0.9999852216748769,1
10763,0.9635287475489117,1
10764,0.9999907578558225,1
10765,1.0,1
10766,0.9999769585253456,1
10767,0.9989147286821705,1
10768,0.9987301587301587,1
10769,1.0,1
10770,1.0,1
10771,0.9999852216748769,1
10772,0.999996254681648,1
10773,0.9899638751739647,1
10774,0.9992585760795951,1
10775,0.019093152666936127,0
10776,0.9998931618981427,1
10777,1.0,1
10778,0.9999852216748769,1
10779,0.9992308116341259,1
10780,1.0,1
10781,0.9996976521976524,1
10782,1.0,1
10783,0.9999852216748769,1
10784,1.0,1
10785,0.022082776034011556,0
10786,0.9798615334258326,1
10787,0.07077512807950302,0
10788,0.9999852216748769,1
10789,0.999996254681648,1
10790,1.0,1
10791,0.9973772070626004,1
10792,0.9999852216748769,1
10793,0.9708805710217105,1
10794,0.9884077495974508,1
10795,0.993885730838566,1
10796,0.9949268102372035,1
10797,0.9963772070626004,1
10798,1.0,1
10799,0.0579717704372952,0
10800,0.9989109833638184,1
10801,1.0,1
10802,0.9812925003355183,1
10803,0.9999852216748769,1
10804,1.0,1
10805,0.9699878125363509,1
10806,0.9995102408997147,1
10807,0.999996254681648,1
10808,1.0,1
10809,0.9999491807475678,1
10810,1.0,1
10811,0.9999852216748769,1
10812,0.9582061485806516,1
10813,1.0,1
10814,0.9997768883415437,1
10815,1.0,1
10816,1.0,1
10817,1.0,1
10818,0.989160278947401,1
10819,0.999996254681648,1
10820,0.9997499999999999,1
10821,0.9586672916652943,1
10822,1.0,1
10823,0.9784503369285154,1
10824,1.0,1
10825,1.0,1
10826,0.9475557970504681,1
10827,1.0,1
10828,1.0,1
10829,0.9999754299754301,1
10830,0.9970184754500622,1
10831,0.9906595662361564,1
10832,0.999996254681648,1
10833,0.9823287489373892,1
10834,1.0,1
10835,1.0,1
10836,0.9997959183673469,1
10837,1.0,1
10838,0.9997670966420968,1
10839,1.0,1
10840,1.0,1
10841,0.9994198744198743,1
10842,0.9999852216748769,1
10843,0.9605103467103467,1
10844,0.023024624887755977,0
10845,1.0,1
10846,0.9999523885007757,1
10847,1.0,1
10848,1.0,1
10849,0.1541583893679962,0
10850,1.0,1
10851,0.9997915828240284,1
10852,1.0,1
10853,0.9998436990322932,1
10854,0.9946203750090852,1
10855,1.0,1
10856,1.0,1
10857,0.06807180694323076,0
10858,0.9999852216748769,1
10859,0.9999246107229979,1
10860,1.0,1
10861,0.9980056377730796,1
10862,0.030170450104318326,0
10863,1.0,1
10864,0.029218790785980494,0
10865,1.0,1
10866,0.021571842549196515,0
10867,1.0,1
10868,1.0,1
10869,0.999996254681648,1
10870,0.022200115134197854,0
10871,0.9999754299754301,1
10872,0.9999754299754301,1
10873,0.9947654932261232,1
10874,1.0,1
10875,0.9998931618981427,1
10876,0.999996254681648,1
10877,0.9997959183673469,1
10878,0.9843693516421045,1
10879,1.0,1
10880,0.999996254681648,1
10881,0.8766809683167434,1
10882,0.999996254681648,1
10883,0.9999491807475678,1
10884,0.9998923876166242,1
10885,0.9999852216748769,1
10886,0.03096587166853174,0
10887,0.9999477204477205,1
10888,1.0,1
10889,0.9529270866289435,1
10890,0.9999852216748769,1
10891,0.14626992194846655,0
10892,1.0,1
10893,0.999996254681648,1
10894,0.9999491807475678,1
10895,0.9677003343094747,1
10896,0.021273284590353304,0
10897,0.9730886428841866,1
10898,0.7441981822222626,1
10899,0.9998931618981427,1
10900,1.0,1
10901,0.9999769585253456,1
10902,1.0,1
10903,0.9999754299754301,1
10904,1.0,1
10905,0.999996254681648,1
10906,0.9998401960573013,1
10907,0.999996254681648,1
10908,0.9999852216748769,1
10909,0.9891687511109517,1
10910,0.9504997005786199,1
10911,0.9997670966420968,1
10912,0.9992308116341259,1
10913,1.0,1
10914,1.0,1
10915,0.9389432904730864,1
10916,0.68591317935924,1
10917,1.0,1
10918,0.9997428175920543,1
10919,0.9995119124937567,1
10920,0.985,1
10921,0.9999491807475678,1
10922,0.9999154466008399,1
10923,0.9396038682415961,1
10924,0.9999852216748769,1
10925,0.998820434387804,1
10926,1.0,1
10927,1.0,1
10928,1.0,1
10929,1.0,1
10930,0.9999852216748769,1
10931,0.9999639966171319,1
10932,0.9843306841954249,1
10933,1.0,1
10934,0.9999268102372035,1
10935,0.9981966143901618,1
10936,1.0,1
10937,0.996698652815274,1
10938,0.24478052223440203,0
10939,0.9492891034461567,1
10940,1.0,1
10941,1.0,1
10942,0.9998884195738128,1
10943,0.9998931618981427,1
10944,0.9985872233758794,1
10945,0.9999759795306994,1
10946,0.7287350693635942,1
10947,1.0,1
10948,0.9971387264620695,1
10949,1.0,1
10950,0.9930732139902824,1
10951,1.0,1
10952,0.9995421626456534,1
10953,0.9868718446454373,1
10954,1.0,1
10955,0.9999852216748769,1
10956,0.999996254681648,1
10957,1.0,1
10958,0.9997670966420968,1
10959,0.9999852216748769,1
10960,0.9999729729729729,1
10961,1.0,1
10962,0.9999754299754301,1
10963,0.9996629213483146,1
10964,1.0,1
10965,0.11545151672113145,0
10966,0.14215451419844263,0
10967,0.9997916666666667,1
10968,1.0,1
10969,0.9888212815415613,1
10970,0.9999268102372035,1
10971,1.0,1
10972,0.9993976273691457,1
10973,0.9999759795306994,1
10974,0.9999852216748769,1
10975,0.999996254681648,1
10976,1.0,1
10977,0.9999907578558225,1
10978,1.0,1
10979,1.0,1
10980,0.9999470537359456,1
10981,0.9999491807475678,1
10982,1.0,1
10983,0.9989147286821705,1
10984,0.9998679093728903,1
10985,0.9897111177948423,1
10986,0.01706207068846334,0
10987,0.014278065822247976,0
10988,1.0,1
10989,1.0,1
10990,1.0,1
10991,0.9999246107229979,1
10992,0.9999852216748769,1
10993,0.9994444444444445,1
10994,1.0,1
10995,0.9988554278082629,1
10996,1.0,1
10997,0.9999907578558225,1
10998,0.9946535034336754,1
10999,1.0,1
11000,1.0,1
11001,0.9918064731967411,1
11002,1.0,1
11003,0.9998679093728903,1
11004,0.03690315720404244,0
11005,1.0,1
11006,0.9999754299754301,1
11007,1.0,1
11008,0.9999852216748769,1
11009,0.9989109833638184,1
11010,1.0,1
11011,1.0,1
11012,1.0,1
11013,0.9945189053972124,1
11014,1.0,1
11015,1.0,1
11016,1.0,1
11017,1.0,1
11018,0.9999268102372035,1
11019,1.0,1
11020,1.0,1
11021,0.9728096929929231,1
11022,1.0,1
11023,0.9999305555555555,1
11024,0.9999342105263157,1
11025,0.9999618320610686,1
11026,0.9927769353668862,1
11027,1.0,1
11028,1.0,1
11029,0.02887198011458354,0
11030,0.9995156578121087,1
11031,0.04510143767125725,0
11032,0.999996254681648,1
11033,0.9999759795306994,1
11034,0.9999907578558225,1
11035,1.0,1
11036,0.9949491807475678,1
11037,0.9994405766974012,1
11038,0.995,1
11039,1.0,1
11040,1.0,1
11041,0.9999852216748769,1
11042,1.0,1
11043,0.9999759795306994,1
11044,0.999996254681648,1
11045,1.0,1
11046,0.960119083636394,1
11047,0.999996254681648,1
11048,0.989996254681648,1
11049,0.9960473527578431,1
11050,0.1741442123527168,0
11051,0.8398229579425823,1
11052,0.9998275862068965,1
11053,0.9999907578558225,1
11054,0.995,1
11055,0.9837392900856793,1
11056,0.9991158474142344,1
11057,1.0,1
11058,0.9506632679090334,1
11059,1.0,1
11060,1.0,1
11061,0.04707938408744471,0
11062,1.0,1
11063,0.9999852216748769,1
11064,0.25265374855808975,0
11065,0.9858710873790854,1
11066,0.909739293115737,1
11067,0.998885730838566,1
11068,0.9999754299754301,1
11069,0.9997959183673469,1
11070,0.9997274638248151,1
11071,1.0,1
11072,0.999996254681648,1
11073,0.9502022145535943,1
11074,0.9999485827290705,1
11075,1.0,1
11076,0.9992857142857143,1
11077,0.9998537918194026,1
11078,0.9771404165279165,1
11079,0.9999852216748769,1
11080,0.9999852216748769,1
11081,0.9948318903318903,1
11082,1.0,1
11083,1.0,1
11084,0.9999759795306994,1
11085,0.999996254681648,1
11086,1.0,1
11087,0.9999754299754301,1
11088,0.999996254681648,1
11089,1.0,1
11090,1.0,1
11091,0.9999759795306994,1
11092,0.024060095479417832,0
11093,0.998885730838566,1
11094,0.9998647660818714,1
11095,0.9998679093728903,1
11096,1.0,1
11097,0.9999852216748769,1
11098,0.9999907578558225,1
11099,1.0,1
11100,0.9959798870242154,1
11101,1.0,1
11102,0.9999907578558225,1
11103,0.998108999779687,1
11104,0.9999907578558225,1
11105,0.02052065899277793,0
11106,1.0,1
11107,0.9999342105263157,1
11108,0.9987216869376795,1
11109,1.0,1
11110,1.0,1
11111,0.9860874867799646,1
11112,0.018457495661867537,0
11113,0.999996254681648,1
11114,0.9999096405017458,1
11115,0.9999852216748769,1
11116,1.0,1
11117,1.0,1
11118,0.9999759795306994,1
11119,0.999996254681648,1
11120,0.9999907578558225,1
11121,0.9863801398859277,1
11122,0.999996254681648,1
11123,0.9999754299754301,1
11124,0.9171259069336424,1
11125,0.9999852216748769,1
11126,1.0,1
11127,0.999996254681648,1
11128,0.9999268102372035,1
11129,1.0,1
11130,0.9999759795306994,1
11131,0.9998537918194026,1
11132,0.9796633454401191,1
11133,0.9568790743155151,1
11134,1.0,1
11135,0.8348380370915359,1
11136,0.9998931618981427,1
11137,1.0,1
11138,0.9999759795306994,1
11139,1.0,1
11140,1.0,1
11141,1.0,1
11142,0.9995360169386018,1
11143,0.9999907578558225,1
11144,0.009273264296644247,0
11145,0.9999852216748769,1
11146,0.9999305555555555,1
11147,0.994996254681648,1
11148,1.0,1
11149,1.0,1
11150,0.016810896295500012,0
11151,0.9998055555555555,1
11152,0.999669878970073,1
11153,0.999996254681648,1
11154,0.9999852216748769,1
11155,0.9998931618981427,1
11156,1.0,1
11157,0.10572293128773437,0
11158,0.9998780487804878,1
11159,1.0,1
11160,0.9989466295228542,1
11161,0.9998571428571428,1
11162,0.9999852216748769,1
11163,0.9999759795306994,1
11164,0.9996724946937089,1
11165,0.9999096405017458,1
11166,0.06933064467425085,0
11167,0.9972322893256953,1
11168,0.9999754299754301,1
11169,0.9952855872837518,1
11170,1.0,1
11171,0.9999759795306994,1
11172,1.0,1
11173,0.9999852216748769,1
11174,0.9999852216748769,1
11175,1.0,1
11176,0.9997162773896646,1
11177,1.0,1
11178,1.0,1
11179,0.9291475113356885,1
11180,0.9999852216748769,1
11181,1.0,1
11182,0.9999759795306994,1
11183,0.9999523885007757,1
11184,0.9999759795306994,1
11185,1.0,1
11186,0.9765044798957271,1
11187,0.9999852216748769,1
11188,0.9987593675463985,1
11189,1.0,1
11190,1.0,1
11191,0.98256661650044,1
11192,0.9996121136994769,1
11193,0.9997959183673469,1
11194,0.9878502409540145,1
11195,0.9969515338709557,1
11196,1.0,1
11197,0.998885730838566,1
11198,0.9999618320610686,1
11199,0.9999852216748769,1
11200,0.9967919270483538,1
11201,0.999996254681648,1
11202,0.9999246107229979,1
11203,0.9999759795306994,1
11204,1.0,1
11205,1.0,1
11206,1.0,1
11207,0.9404656130648478,1
11208,0.018457495661867537,0
11209,0.999996254681648,1
11210,0.016399368532344877,0
11211,0.9999759795306994,1
11212,1.0,1
11213,0.005826697665568097,0
11214,0.9999852216748769,1
11215,0.9797915814453225,1
11216,0.999996254681648,1
11217,0.9997523183169735,1
11218,0.9999268102372035,1
11219,0.999996254681648,1
11220,0.020666176245565673,0
11221,0.999996254681648,1
11222,1.0,1
11223,1.0,1
11224,0.9982638888888888,1
11225,0.999996254681648,1
11226,1.0,1
11227,1.0,1
11228,0.9972833692841914,1
11229,0.989996254681648,1
11230,0.9999759795306994,1
11231,0.9999491807475678,1
11232,0.042809278342365864,0
11233,1.0,1
11234,0.09851308570531046,0
11235,1.0,1
11236,0.995,1
11237,1.0,1
11238,0.9999305555555555,1
11239,0.9998755900283406,1
11240,0.9955258018691852,1
11241,1.0,1
11242,0.9762919977075284,1
11243,0.9999268102372035,1
11244,0.9931240140004087,1
11245,0.9997916666666667,1
11246,0.9994444444444445,1
11247,0.9989109833638184,1
11248,0.999996254681648,1
11249,1.0,1
11250,1.0,1
11251,0.9999052216748769,1
11252,0.9993651666835746,1
11253,1.0,1
11254,0.9601296105694979,1
11255,1.0,1
11256,0.9665183660631008,1
11257,0.999996254681648,1
11258,0.9999852216748769,1
11259,0.9969297818556215,1
11260,0.9997046802900461,1
11261,0.9944533875111552,1
11262,1.0,1
11263,0.9999268102372035,1
11264,1.0,1
11265,1.0,1
11266,0.9999852216748769,1
11267,0.9895074296020073,1
11268,1.0,1
11269,0.9939810308751773,1
11270,0.09761450913671237,0
11271,0.016523715912323222,0
11272,0.9997959183673469,1
11273,0.046608075652630386,0
11274,0.11183990137931764,0
11275,0.9998931618981427,1
11276,0.9944278087148397,1
11277,0.9997673876166242,1
11278,1.0,1
11279,1.0,1
11280,0.9975389140741252,1
11281,0.9930040557854872,1
11282,1.0,1
11283,0.9268137061035356,1
11284,1.0,1
11285,0.9941856826689569,1
11286,1.0,1
11287,0.9989147286821705,1
11288,0.9999268102372035,1
11289,0.9999907578558225,1
11290,0.9999769585253456,1
11291,0.9998679093728903,1
11292,1.0,1
11293,1.0,1
11294,0.9636140319088505,1
11295,0.9378044898244865,1
11296,0.9997260273972602,1
11297,0.9783194788801732,1
11298,1.0,1
11299,0.9995360169386018,1
11300,0.999996254681648,1
11301,0.9970360514875073,1
11302,1.0,1
11303,0.9742722947733975,1
11304,0.12677206206218747,0
11305,0.9451409324711237,1
11306,1.0,1
11307,0.9863092911831132,1
11308,0.9999907578558225,1
11309,0.025768686928333295,0
11310,0.9805025607914692,1
11311,0.9999305555555555,1
11312,0.9999305555555555,1
11313,1.0,1
11314,1.0,1
11315,1.0,1
11316,0.9999491807475678,1
11317,0.9997260273972602,1
11318,0.9989147286821705,1
11319,1.0,1
11320,0.9997673876166242,1
11321,0.9949754299754301,1
11322,0.9747500043346818,1
11323,0.18364913457290857,0
11324,1.0,1
11325,0.919482263440521,1
11326,0.9999268102372035,1
11327,0.02978790137879645,0
11328,1.0,1
11329,0.022997684163163504,0
11330,1.0,1
11331,0.9189286179132123,1
11332,1.0,1
11333,1.0,1
11334,0.347246296445371,0
11335,1.0,1
11336,0.9949141839745773,1
11337,0.07161762127551852,0
11338,1.0,1
11339,0.9998238408885445,1
11340,0.9997021370345891,1
11341,0.1641378773731715,0
11342,0.999996254681648,1
11343,0.9999852216748769,1
11344,0.999996254681648,1
11345,1.0,1
11346,1.0,1
11347,0.9048298093346806,1
11348,0.984496191944678,1
11349,1.0,1
11350,0.9999639966171319,1
11351,0.01093768357545447,0
11352,0.9997978644475244,1
11353,0.9997428175920543,1
11354,1.0,1
11355,0.8727717104558512,1
11356,0.13561065412386256,0
11357,1.0,1
11358,0.9999759795306994,1
11359,0.9999372620364987,1
11360,1.0,1
11361,0.999996254681648,1
11362,0.9999759795306994,1
11363,0.999996254681648,1
11364,0.9961023609067216,1
11365,1.0,1
11366,0.9999268102372035,1
11367,1.0,1
11368,0.9988554278082629,1
11369,0.9999852216748769,1
11370,0.9999852216748769,1
11371,0.991692181266003,1
11372,0.9998959795306994,1
11373,0.9847289323730175,1
11374,1.0,1
11375,0.9678709038691007,1
11376,0.9997300349642564,1
11377,0.9998923876166242,1
11378,0.927551222036319,1
11379,0.18173840456422125,0
11380,0.999996254681648,1
11381,0.9997539343250835,1
11382,0.9892074617737002,1
11383,1.0,1
11384,0.9037577065762378,1
11385,1.0,1
11386,0.008231995944738116,0
11387,1.0,1
11388,1.0,1
11389,0.994996254681648,1
11390,0.015644633995141002,0
11391,0.9970171932236728,1
11392,1.0,1
11393,1.0,1
11394,1.0,1
11395,0.9848095348323755,1
11396,1.0,1
11397,0.9999852216748769,1
11398,0.9999179292929294,1
11399,1.0,1
11400,0.8847766870103938,1
11401,0.9999295739965526,1
11402,1.0,1
11403,0.9999639966171319,1
11404,1.0,1
11405,0.9999769585253456,1
11406,0.9890023875262629,1
11407,1.0,1
11408,1.0,1
11409,0.999996254681648,1
11410,0.9794371597994492,1
11411,0.999996254681648,1
11412,0.9715404072852902,1
11413,0.9233987731557426,1
11414,0.999996254681648,1
11415,0.9998884195738128,1
11416,1.0,1
11417,1.0,1
11418,1.0,1
11419,1.0,1
11420,0.9999759795306994,1
11421,0.9941910595949036,1
11422,1.0,1
11423,0.9999618320610686,1
11424,1.0,1
11425,0.999996254681648,1
11426,0.937308922155692,1
11427,0.9999852216748769,1
11428,0.021446081961338473,0
11429,0.9999305555555555,1
11430,0.9958469985325433,1
11431,1.0,1
11432,1.0,1
11433,0.9999618320610686,1
11434,1.0,1
11435,1.0,1
11436,0.9999754299754301,1
11437,1.0,1
11438,1.0,1
11439,1.0,1
11440,0.9998931618981427,1
11441,0.9999096405017458,1
11442,0.9775727899166902,1
11443,0.999996254681648,1
11444,0.999517694063927,1
11445,1.0,1
11446,1.0,1
11447,0.9999268102372035,1
11448,0.02675148221680177,0
11449,1.0,1
11450,0.11474717552754919,0
11451,0.9999754299754301,1
11452,0.015741780380096996,0
11453,0.9999639966171319,1
11454,1.0,1
11455,0.12240081375635954,0
11456,0.9999268102372035,1
11457,0.9974911221446893,1
11458,1.0,1
11459,1.0,1
11460,0.8932560099150997,1
11461,0.02114685136372977,0
11462,1.0,1
11463,0.9988147286821706,1
11464,0.9999852216748769,1
11465,0.9673298514181217,1
11466,0.037486797958637325,0
11467,1.0,1
11468,0.9936748034153168,1
11469,1.0,1
11470,0.007053875461770198,0
11471,0.9535301844592061,1
11472,1.0,1
11473,0.999996254681648,1
11474,0.9999907578558225,1
11475,0.9534020640091518,1
11476,1.0,1
11477,0.9999759795306994,1
11478,0.9998931618981427,1
11479,0.9998529411764706,1
11480,0.9999246107229979,1
11481,0.9999268102372035,1
11482,1.0,1
11483,1.0,1
11484,0.9903192291062627,1
11485,0.9999268102372035,1
11486,0.9963519545373479,1
11487,0.9999268102372035,1
11488,0.9999759795306994,1
11489,0.9996937693327442,1
11490,1.0,1
11491,0.9996270713336287,1
11492,0.999996254681648,1
11493,1.0,1
11494,0.9752831775504189,1
11495,0.9997392771084337,1
11496,0.0010422730422730423,0
11497,0.9948749323675985,1
11498,0.9983342780387434,1
11499,0.9999852216748769,1
11500,0.9142933630167324,1
11501,0.985,1
11502,0.9996007664125106,1
11503,0.9245929377139546,1
11504,0.9997779547943841,1
11505,1.0,1
11506,1.0,1
11507,0.9929955319804047,1
11508,0.999996254681648,1
11509,0.9981230189741592,1
11510,0.27603370601609106,0
11511,0.9997673876166242,1
11512,1.0,1
11513,0.999996254681648,1
11514,1.0,1
11515,1.0,1
11516,0.999996254681648,1
11517,0.04631182591221041,0
11518,0.9997916666666667,1
11519,1.0,1
11520,0.9999759795306994,1
11521,0.026132328394940726,0
11522,0.9977634407365801,1
11523,0.06147612185432186,0
11524,0.9997959183673469,1
11525,0.9998381628513474,1
11526,0.17042982426405304,0
11527,1.0,1
11528,1.0,1
11529,1.0,1
11530,0.9999852216748769,1
11531,0.9680420386210854,1
11532,1.0,1
11533,0.9886720562581323,1
11534,0.9999268102372035,1
11535,1.0,1
11536,1.0,1
11537,0.9949754299754301,1
11538,0.9999491807475678,1
11539,0.9998381628513474,1
11540,1.0,1
11541,0.9899553978439873,1
11542,1.0,1
11543,1.0,1
11544,0.999996254681648,1
11545,0.999996254681648,1
11546,1.0,1
11547,1.0,1
11548,1.0,1
11549,1.0,1
11550,0.9911802885016257,1
11551,0.9999759795306994,1
11552,0.9999852216748769,1
11553,0.9999852216748769,1
11554,0.9999491807475678,1
11555,0.9998714725628145,1
11556,1.0,1
11557,1.0,1
11558,0.9473326273150255,1
11559,1.0,1
11560,0.999996254681648,1
11561,0.9992414333212948,1
11562,1.0,1
11563,0.994996254681648,1
11564,1.0,1
11565,0.9946405121413342,1
11566,0.06010143767125725,0
11567,1.0,1
11568,0.03487360675449277,0
11569,1.0,1
11570,0.9559407185566117,1
11571,0.999996254681648,1
11572,0.9711474551831123,1
11573,0.9996026810897263,1
11574,1.0,1
11575,0.9143427824572992,1
11576,1.0,1
11577,1.0,1
11578,1.0,1
11579,1.0,1
11580,0.039579422727078296,0
11581,0.8464685473371588,1
11582,0.9999852216748769,1
11583,1.0,1
11584,0.9998275862068965,1
11585,0.9998780487804878,1
11586,0.999996254681648,1
11587,0.004245351490734527,0
11588,0.9997916666666667,1
11589,0.9997768883415437,1
11590,0.9999754299754301,1
11591,0.9999852216748769,1
11592,0.9984135086163437,1
11593,0.9998931618981427,1
11594,1.0,1
11595,1.0,1
11596,1.0,1
11597,0.9812853389790358,1
11598,0.9907492643570263,1
11599,1.0,1
11600,0.999996254681648,1
11601,0.9999852216748769,1
11602,1.0,1
11603,1.0,1
11604,0.999996254681648,1
11605,1.0,1
11606,0.9976123059586951,1
11607,0.9952141083801953,1
11608,0.9470849877181109,1
11609,1.0,1
11610,1.0,1
11611,0.9991528454915845,1
11612,0.9879863142829051,1
11613,1.0,1
11614,0.017077642748358723,0
11615,0.9999075945375889,1
11616,0.9986339313319874,1
11617,0.888394825994816,1
11618,1.0,1
11619,0.026983737249699647,0
11620,1.0,1
11621,0.859367223849068,1
11622,0.0,0
11623,0.006197126350742872,0
11624,0.037026727066866445,0
11625,0.17698345205627988,0
11626,0.9999759795306994,1
11627,0.9998401960573013,1
11628,0.9973519545373479,1
11629,0.999996254681648,1
11630,1.0,1
11631,1.0,1
11632,0.9999907578558225,1
11633,0.9999852216748769,1
11634,0.99937837704665,1
11635,0.9999639966171319,1
11636,0.9999246107229979,1
11637,0.9999754299754301,1
11638,0.9947260273972602,1
11639,0.999996254681648,1
11640,1.0,1
11641,0.9999852216748769,1
11642,0.999996254681648,1
11643,1.0,1
11644,0.9973145238302229,1
11645,0.029104774678999593,0
11646,0.9989109833638184,1
11647,0.9999268102372035,1
11648,0.026930791159750896,0
11649,1.0,1
11650,0.9989147286821705,1
11651,1.0,1
11652,0.9511149642590737,1
11653,0.9744422985707882,1
11654,1.0,1
11655,0.9999491807475678,1
11656,1.0,1
11657,1.0,1
11658,0.9999639966171319,1
11659,0.9999485827290705,1
11660,1.0,1
11661,1.0,1
11662,1.0,1
11663,1.0,1
11664,1.0,1
11665,0.9996629213483146,1
11666,0.9999769585253456,1
11667,1.0,1
11668,1.0,1
11669,0.940955024995057,1
11670,0.999996254681648,1
11671,0.9878251390236684,1
11672,0.9902314207489213,1
11673,1.0,1
11674,0.9666658913261164,1
11675,0.9971070143081582,1
11676,0.9998931618981427,1
11677,0.9949722222222221,1
11678,1.0,1
11679,0.9942716338325159,1
11680,0.9026013091251351,1
11681,0.9941778343801131,1
11682,1.0,1
11683,0.9998931618981427,1
11684,1.0,1
11685,0.9999618320610686,1
11686,0.19974790522521155,0
11687,1.0,1
11688,0.999996254681648,1
11689,0.9999754299754301,1
11690,0.9977431602779583,1
11691,1.0,1
11692,0.9999759795306994,1
11693,1.0,1
11694,0.9991133740544583,1
11695,0.999996254681648,1
11696,0.9996937693327442,1
11697,1.0,1
11698,1.0,1
11699,0.03225034863677708,0
11700,0.039975975567861394,0
11701,1.0,1
11702,0.05045830754118552,0
11703,0.998885730838566,1
11704,0.9912897538248976,1
11705,0.995,1
11706,0.9999852216748769,1
11707,1.0,1
11708,0.999996254681648,1
11709,0.9999491807475678,1
11710,1.0,1
11711,0.15285768201011607,0
11712,0.9999852216748769,1
11713,0.999996254681648,1
11714,0.9782886834458138,1
11715,0.9999268102372035,1
11716,0.384463803131477,0
11717,0.9999759795306994,1
11718,0.9925998694042673,1
11719,0.9996724946937089,1
11720,0.9847119047085039,1
11721,1.0,1
11722,1.0,1
11723,0.9999754299754301,1
11724,0.9999372620364987,1
11725,0.994996254681648,1
11726,0.9903844281108838,1
11727,0.9999852216748769,1
11728,0.9795003426982438,1
11729,0.9928517150609213,1
11730,0.9999759795306994,1
11731,0.9928843663755146,1
11732,0.9998679093728903,1
11733,1.0,1
11734,0.999996254681648,1
11735,0.9999759795306994,1
11736,0.9999754299754301,1
11737,1.0,1
11738,1.0,1
11739,0.9995728702071781,1
11740,0.9996724946937089,1
11741,0.9999268102372035,1
11742,0.9837568536057921,1
11743,1.0,1
11744,1.0,1
11745,0.07510589424118302,0
11746,0.004030428700867475,0
11747,0.029631663853088002,0
11748,0.9988640451235199,1
11749,0.05126381210294886,0
11750,1.0,1
11751,1.0,1
11752,0.9999759795306994,1
11753,0.9324076965757707,1
11754,0.999996254681648,1
11755,0.9999305555555555,1
11756,1.0,1
11757,0.9999852216748769,1
11758,1.0,1
11759,0.9999096405017458,1
11760,1.0,1
11761,0.9641558119638725,1
11762,0.9997959183673469,1
11763,0.9991162475937514,1
11764,0.999996254681648,1
11765,1.0,1
11766,0.9993778483491893,1
11767,0.9703767231584066,1
11768,0.939876063122332,1
11769,0.009748603787662298,0
11770,0.02435138929664425,0
11771,0.15962581724737634,0
11772,0.9958311859753413,1
11773,0.9977329350262396,1
11774,1.0,1
11775,0.9998679093728903,1
11776,0.989248118768017,1
11777,0.9999618320610686,1
11778,1.0,1
11779,1.0,1
11780,0.9998679093728903,1
11781,1.0,1
11782,0.9999907578558225,1
11783,0.9999852216748769,1
11784,0.9999759795306994,1
11785,0.9999852216748769,1
11786,1.0,1
11787,0.9998714725628145,1
11788,0.999996254681648,1
11789,0.9997959183673469,1
11790,0.9998529411764706,1
11791,0.041619289583571584,0
11792,1.0,1
11793,0.9867351423790387,1
11794,0.9999618320610686,1
11795,1.0,1
11796,0.9899725664990631,1
11797,0.9997260273972602,1
11798,0.9921740693043405,1
11799,0.999996254681648,1
11800,0.9966742052850495,1
11801,0.999996254681648,1
11802,0.9999639966171319,1
11803,1.0,1
11804,1.0,1
11805,0.04383099815156503,0
11806,1.0,1
11807,0.03213922292155435,0
11808,0.03114988937685478,0
11809,0.04634719697405346,0
11810,1.0,1
11811,1.0,1
11812,0.08482302023491227,0
11813,0.18544344992281514,0
11814,0.9987648997118516,1
11815,0.9999372620364987,1
11816,1.0,1
11817,0.27969948715966125,0
11818,1.0,1
11819,0.9943686601236409,1
11820,1.0,1
11821,0.9999754299754301,1
11822,0.9999639966171319,1
11823,0.9998529411764706,1
11824,0.9999852216748769,1
11825,0.9994786400364076,1
11826,0.998885730838566,1
11827,1.0,1
11828,0.09500825355081258,0
11829,0.009482780763634392,0
11830,1.0,1
11831,0.9999852216748769,1
11832,1.0,1
11833,1.0,1
11834,1.0,1
11835,0.9909521568091764,1
11836,0.9999618320610686,1
11837,0.9999907578558225,1
11838,0.8902934909239556,1
11839,0.9903134506370518,1
11840,0.004273264296644248,0
11841,0.9997450991149148,1
11842,0.9999852216748769,1
11843,0.9998780487804878,1
11844,1.0,1
11845,0.9662001011127451,1
11846,1.0,1
11847,1.0,1
11848,0.9973999802722431,1
11849,1.0,1
11850,0.9795794105149151,1
11851,1.0,1
11852,1.0,1
11853,0.9999759795306994,1
11854,0.9999372620364987,1
11855,0.9702001737177166,1
11856,1.0,1
11857,0.9979109833638184,1
11858,1.0,1
11859,0.9999759795306994,1
11860,1.0,1
11861,0.03057278749259559,0
11862,0.9999852216748769,1
11863,1.0,1
11864,1.0,1
11865,0.9416947921050136,1
11866,0.02109791350071359,0
11867,0.03545344049109756,0
11868,0.9999754299754301,1
11869,1.0,1
11870,1.0,1
11871,0.999871254681648,1
11872,0.9971230189741592,1
11873,0.9999618320610686,1
11874,1.0,1
11875,1.0,1
11876,1.0,1
11877,0.999996254681648,1
11878,1.0,1
11879,0.9999852216748769,1
11880,0.9990357142857144,1
11881,0.9943787458137523,1
11882,0.9971916118283239,1
11883,0.9632368982813688,1
11884,0.9999759795306994,1
11885,0.9831285320501447,1
11886,0.9976940191633491,1
11887,0.9998931618981427,1
11888,0.9999096405017458,1
11889,0.9999639966171319,1
11890,0.9999852216748769,1
11891,0.9582063319166876,1
11892,0.983512531866753,1
11893,1.0,1
11894,0.998885730838566,1
11895,0.9998679093728903,1
11896,0.9547512827455579,1
11897,1.0,1
11898,0.9999852216748769,1
11899,0.9785884976894356,1
11900,0.9661784678505805,1
11901,1.0,1
11902,0.999628078817734,1
11903,0.999996254681648,1
11904,0.9999852216748769,1
11905,0.9999852216748769,1
11906,0.9999759795306994,1
11907,0.9997499999999999,1
11908,0.9999268102372035,1
11909,0.9353153257968136,1
11910,0.9999852216748769,1
11911,0.9999491807475678,1
11912,0.9908858480128765,1
11913,1.0,1
11914,1.0,1
11915,1.0,1
11916,1.0,1
11917,1.0,1
11918,0.9989478265411199,1
11919,1.0,1
11920,0.9999852216748769,1
11921,0.9773191367295095,1
11922,0.973856443514329,1
11923,1.0,1
11924,0.9998931618981427,1
11925,0.9999852216748769,1
11926,0.015559628622832541,0
11927,0.01086593155154323,0
11928,0.9998647660818714,1
11929,0.33352346352977785,0
11930,0.9999759795306994,1
11931,0.9999754299754301,1
11932,0.02312874437789554,0
11933,0.9594160815105087,1
11934,0.999996254681648,1
11935,0.9893831597349602,1
11936,0.9999907578558225,1
11937,0.9999268102372035,1
11938,0.9562093015613925,1
11939,1.0,1
11940,0.030079215914481462,0
11941,0.13918613716018233,0
11942,0.8245237211019262,1
11943,0.9999852216748769,1
11944,1.0,1
11945,1.0,1
11946,0.9996724946937089,1
11947,0.973265794196111,1
11948,1.0,1
11949,0.9999852216748769,1
11950,1.0,1
11951,0.9578743691392606,1
11952,0.03372345762446376,0
11953,0.9999759795306994,1
11954,1.0,1
11955,1.0,1
11956,0.9999852216748769,1
11957,0.9999852216748769,1
11958,0.9997260273972602,1
11959,1.0,1
11960,1.0,1
11961,1.0,1
11962,0.9998931618981427,1
11963,0.9887436804622881,1
11964,0.9997670966420968,1
11965,1.0,1
11966,1.0,1
11967,0.9709562542621752,1
11968,0.9946732087878541,1
11969,1.0,1
11970,0.9779486931580277,1
11971,1.0,1
11972,0.999996254681648,1
11973,0.9987254299754301,1
11974,0.18130564348945571,0
11975,1.0,1
11976,0.999996254681648,1
11977,1.0,1
11978,0.9961111111111112,1
11979,0.94926948765851,1
11980,0.053616957031518,0
11981,0.01427370822249168,0
11982,0.9999754299754301,1
11983,0.9769669574626524,1
11984,0.999996254681648,1
11985,0.9997440551674424,1
11986,0.9997696901446901,1
11987,0.9812417937904889,1
11988,1.0,1
11989,1.0,1
11990,0.9603331318440014,1
11991,0.8019614205837606,1
11992,1.0,1
11993,0.12589454438212713,0
11994,1.0,1
11995,0.019517797965374898,0
11996,0.9999852216748769,1
11997,0.9991514721101704,1
11998,1.0,1
11999,0.9999141839745773,1
12000,1.0,1
12001,0.8888962656636642,1
12002,0.9941941499517972,1
12003,0.9999759795306994,1
12004,1.0,1
12005,1.0,1
12006,0.999996254681648,1
12007,1.0,1
12008,0.9999580867427166,1
12009,1.0,1
12010,1.0,1
12011,0.9998318903318903,1
12012,1.0,1
12013,0.9999852216748769,1
12014,0.991262657868441,1
12015,0.9999372620364987,1
12016,0.9543742430821551,1
12017,1.0,1
12018,0.18099373938124658,0
12019,0.9535816273709665,1
12020,0.9992857142857143,1
12021,0.9999618320610686,1
12022,1.0,1
12023,1.0,1
12024,0.999996254681648,1
12025,0.94709896199212,1
12026,0.9999852216748769,1
12027,1.0,1
12028,0.9999268102372035,1
12029,0.999063882063882,1
12030,0.99980202811837,1
12031,0.9988147286821706,1
12032,1.0,1
12033,1.0,1
12034,1.0,1
12035,1.0,1
12036,0.9993569174502107,1
12037,1.0,1
12038,1.0,1
12039,0.9992013994137626,1
12040,1.0,1
12041,0.9888147286821706,1
12042,1.0,1
12043,1.0,1
12044,1.0,1
12045,0.16597995313937608,0
12046,0.9999639966171319,1
12047,1.0,1
12048,0.9999852216748769,1
12049,0.13558335867643528,0
12050,0.9669358517608518,1
12051,1.0,1
12052,0.99,1
12053,0.9999759795306994,1
12054,1.0,1
12055,1.0,1
12056,0.9999852216748769,1
12057,0.9949503831220149,1
12058,0.9855881889761362,1
12059,1.0,1
12060,1.0,1
12061,0.9999852216748769,1
12062,0.9999769585253456,1
12063,0.9999754299754301,1
12064,0.9999852216748769,1
12065,0.999996254681648,1
12066,0.9792678751803752,1
12067,1.0,1
12068,0.9999852216748769,1
12069,0.9999747474747476,1
12070,1.0,1
12071,0.9999639966171319,1
12072,0.49576087448433015,1
12073,1.0,1
12074,0.9999639966171319,1
12075,0.9999852216748769,1
12076,0.9989476285889448,1
12077,1.0,1
12078,0.9651545868706998,1
12079,0.9998436990322932,1
12080,0.9999769585253456,1
12081,1.0,1
12082,0.0420831508509131,0
12083,0.9708807714032258,1
12084,0.033227950325747414,0
12085,0.9996026810897263,1
12086,1.0,1
12087,1.0,1
12088,1.0,1
12089,0.9997959183673469,1
12090,0.9999485827290705,1
12091,0.9993154340124089,1
12092,0.9412531268151918,1
12093,1.0,1
12094,1.0,1
12095,0.999232342656621,1
12096,0.9739491510951135,1
12097,1.0,1
12098,0.9997916666666667,1
12099,0.9998780487804878,1
12100,0.999996254681648,1
12101,0.9995602955241597,1
12102,1.0,1
12103,0.9999852216748769,1
12104,0.9899141839745773,1
12105,0.9999852216748769,1
12106,0.9999907578558225,1
12107,0.9988129567789492,1
12108,0.999996254681648,1
12109,0.9925593287336071,1
12110,0.8950437555821477,1
12111,1.0,1
12112,0.9993858264576138,1
12113,1.0,1
12114,0.9999852216748769,1
12115,0.020437086888322412,0
12116,0.9997260273972602,1
12117,1.0,1
12118,1.0,1
12119,0.9999852216748769,1
12120,0.981206395348837,1
12121,0.9979166666666667,1
12122,0.9997450991149148,1
12123,0.9999852216748769,1
12124,0.9997571428571429,1
12125,1.0,1
12126,0.9998537918194026,1
12127,1.0,1
12128,0.9999852216748769,1
12129,0.9998647660818714,1
12130,0.9985555555555555,1
12131,0.9999729729729729,1
12132,0.9948537918194026,1
12133,0.9753714468151183,1
12134,0.9868651256955604,1
12135,0.9931142900856793,1
12136,1.0,1
12137,1.0,1
12138,0.9673718484443812,1
12139,1.0,1
12140,0.9999491807475678,1
12141,1.0,1
12142,0.9998780487804878,1
12143,0.9801547679800048,1
12144,0.9999618320610686,1
12145,0.9997959183673469,1
12146,0.9490277431585501,1
12147,0.015065337827857048,0
12148,0.9961976095444766,1
12149,0.9982218103688634,1
12150,0.999996254681648,1
12151,0.9997260273972602,1
12152,0.9871314138051295,1
12153,0.9995899108788027,1
12154,0.9999491807475678,1
12155,0.9999485827290705,1
12156,0.02103944074328199,0
12157,0.10668581700263317,0
12158,1.0,1
12159,0.8224157956933997,1
12160,1.0,1
12161,1.0,1
12162,1.0,1
12163,0.9921513056033254,1
12164,0.9973519545373479,1
12165,1.0,1
12166,1.0,1
12167,0.9999907578558225,1
12168,1.0,1
12169,0.9997021370345891,1
12170,0.9927484195402299,1
12171,1.0,1
12172,0.016966283729237915,0
12173,1.0,1
12174,0.9998780487804878,1
12175,0.9999852216748769,1
12176,0.013589263960782099,0
12177,0.9999246107229979,1
12178,1.0,1
12179,0.9880612110352598,1
12180,0.9998015122671231,1
12181,0.9999852216748769,1
12182,0.9999372620364987,1
12183,0.999871254681648,1
12184,0.9768408948846004,1
12185,1.0,1
12186,1.0,1
12187,1.0,1
12188,1.0,1
12189,0.9999268102372035,1
12190,0.9999722222222222,1
12191,0.9959711954684046,1
12192,1.0,1
12193,0.9999769585253456,1
12194,0.9984579103514988,1
12195,0.999996254681648,1
12196,0.9999759795306994,1
12197,0.9922395481719464,1
12198,0.9998087483624013,1
12199,0.9999759795306994,1
12200,0.9993931618981428,1
12201,1.0,1
12202,0.4690176236387275,1
12203,1.0,1
12204,0.06815419236806534,0
12205,0.9279539892438189,1
12206,1.0,1
12207,1.0,1
12208,0.9973772070626004,1
12209,0.990566864081591,1
12210,1.0,1
12211,0.9998647660818714,1
12212,1.0,1
12213,1.0,1
12214,0.9999372620364987,1
12215,0.9999268102372035,1
12216,1.0,1
12217,0.9999470537359456,1
12218,0.05221215631543105,0
12219,0.9988301752830104,1
12220,0.028263902157186903,0
12221,0.021812572602234525,0
12222,0.9994903666725575,1
12223,0.9999305555555555,1
12224,1.0,1
12225,1.0,1
12226,0.9996629213483146,1
12227,0.03415597750954493,0
12228,1.0,1
12229,0.9740306050415392,1
12230,0.9999491807475678,1
12231,1.0,1
12232,0.9798434300151422,1
12233,0.99799825233931,1
12234,0.9994444444444445,1
12235,1.0,1
12236,1.0,1
12237,1.0,1
12238,0.9956524307388652,1
12239,1.0,1
12240,0.9829618495768829,1
12241,0.9738134924833745,1
12242,1.0,1
12243,1.0,1
12244,0.9668671026239137,1
12245,0.9579637415097185,1
12246,0.9384969472801241,1
12247,0.7068427977955897,1
12248,0.9831134321577543,1
12249,1.0,1
12250,0.9998780487804878,1
12251,0.9999759795306994,1
12252,1.0,1
12253,1.0,1
12254,1.0,1
12255,0.9998055555555555,1
12256,0.9998931618981427,1
12257,1.0,1
12258,1.0,1
12259,1.0,1
12260,1.0,1
12261,0.999996254681648,1
12262,1.0,1
12263,0.9866805778693716,1
12264,0.9999852216748769,1
12265,0.999996254681648,1
12266,0.05948819702550465,0
12267,0.999996254681648,1
12268,1.0,1
12269,0.9665446997198157,1
12270,0.995,1
12271,0.16924494873936236,0
12272,1.0,1
12273,1.0,1
12274,0.9996629213483146,1
12275,1.0,1
12276,0.9999759795306994,1
12277,1.0,1
12278,0.9999852216748769,1
12279,0.999996254681648,1
12280,0.9999305555555555,1
12281,1.0,1
12282,0.9912893209906602,1
12283,0.999996254681648,1
12284,0.9999477204477205,1
12285,0.9999907578558225,1
12286,1.0,1
12287,0.9957819160624038,1
12288,0.01910438072209041,0
12289,0.01469269440007269,0
12290,0.9999268102372035,1
12291,0.999996254681648,1
12292,1.0,1
12293,0.9949305555555555,1
12294,0.2696479731355563,0
12295,1.0,1
12296,0.9999618320610686,1
12297,0.9997951653944019,1
12298,0.03778925008298074,0
12299,0.999996254681648,1
12300,1.0,1
12301,0.9999372620364987,1
12302,0.998885730838566,1
12303,0.9999754299754301,1
12304,0.9999852216748769,1
12305,0.9874096612846611,1
12306,0.9999618320610686,1
12307,1.0,1
12308,0.9475050893854822,1
12309,1.0,1
12310,0.9999754299754301,1
12311,1.0,1
12312,0.9989109833638184,1
12313,0.9946724946937089,1
12314,0.9998381628513474,1
12315,0.9931202811720852,1
12316,0.9999305555555555,1
12317,0.9962737700031371,1
12318,0.011477491129419964,0
12319,1.0,1
12320,0.999996254681648,1
12321,1.0,1
12322,0.9885582003680194,1
12323,0.9999754299754301,1
12324,0.998512694227102,1
12325,1.0,1
12326,0.9999759795306994,1
12327,0.9787883056099181,1
12328,1.0,1
12329,0.9993597511966027,1
12330,1.0,1
12331,0.995,1
12332,1.0,1
12333,1.0,1
12334,0.999996254681648,1
12335,0.9901587511355884,1
12336,0.9876547962416479,1
12337,1.0,1
12338,0.9999759795306994,1
12339,0.9863559412808391,1
12340,1.0,1
12341,0.991515037593985,1
12342,0.9989147286821705,1
12343,0.9998688066363104,1
12344,0.9998923876166242,1
12345,1.0,1
12346,0.9884776240326518,1
12347,1.0,1
12348,0.07991609664839419,0
12349,0.1117252354895914,0
12350,0.9998275862068965,1
12351,1.0,1
12352,0.9530171720645346,1
12353,0.9996724946937089,1
12354,1.0,1
12355,0.9958031063126921,1
12356,1.0,1
12357,1.0,1
12358,0.4722070405854526,0
12359,0.9999305555555555,1
12360,1.0,1
12361,0.998885730838566,1
12362,1.0,1
12363,0.9700781138984703,1
12364,0.9999491807475678,1
12365,0.9808388186001404,1
12366,1.0,1
12367,0.9988554278082629,1
12368,0.9996331246149687,1
12369,1.0,1
12370,0.01982588540391105,0
12371,0.994996254681648,1
12372,0.999996254681648,1
12373,0.9949477204477205,1
12374,0.9999852216748769,1
12375,1.0,1
12376,0.822893478798556,1
12377,1.0,1
12378,1.0,1
12379,1.0,1
12380,0.9997853267903076,1
12381,1.0,1
12382,1.0,1
12383,1.0,1
12384,1.0,1
12385,0.26768208005679467,0
12386,0.9999759795306994,1
12387,0.9979166666666667,1
12388,1.0,1
12389,0.9977322480189725,1
12390,0.9999759795306994,1
12391,1.0,1
12392,0.995,1
12393,1.0,1
12394,0.9999852216748769,1
12395,0.999996254681648,1
12396,0.9999491807475678,1
12397,0.05608434777782539,0
12398,1.0,1
12399,0.9884128243158915,1
12400,1.0,1
12401,1.0,1
12402,0.999996254681648,1
12403,0.9975145238302229,1
12404,1.0,1
12405,0.9714649283111163,1
12406,0.021202688931644866,0
12407,0.9433518748670774,1
12408,1.0,1
12409,1.0,1
12410,1.0,1
12411,0.9999852216748769,1
12412,0.9861591440652233,1
12413,0.9999852216748769,1
12414,0.09459776898977713,0
12415,0.01474193493050465,0
12416,0.9775475086162796,1
12417,0.9999342105263157,1
12418,0.9999759795306994,1
12419,0.9999639966171319,1
12420,1.0,1
12421,0.999996254681648,1
12422,0.11016449258819536,0
12423,0.9998647660818714,1
12424,0.9999907578558225,1
12425,1.0,1
12426,1.0,1
12427,0.9997428175920543,1
12428,0.9991395061051169,1
12429,1.0,1
12430,1.0,1
12431,0.9858769023553505,1
12432,0.9999852216748769,1
12433,1.0,1
12434,0.9990774820488231,1
12435,1.0,1
12436,0.9999305555555555,1
12437,0.998885730838566,1
12438,0.9852930098856412,1
12439,0.998285734106328,1
12440,1.0,1
12441,0.9949491807475678,1
12442,1.0,1
12443,0.9901644145843543,1
12444,0.9628813404764907,1
12445,0.9373268823283801,1
12446,0.9997959183673469,1
12447,1.0,1
12448,1.0,1
12449,0.9891562035405115,1
12450,1.0,1
12451,0.9999907578558225,1
12452,0.009089171115071732,0
12453,1.0,1
12454,0.9982783602679456,1
12455,0.8811482455452633,1
12456,0.9984498190238449,1
12457,0.9997260273972602,1
12458,0.999996254681648,1
12459,0.9997978644475244,1
12460,0.9218157221178914,1
12461,1.0,1
12462,1.0,1
12463,0.9999852216748769,1
12464,0.999648837397078,1
12465,0.9984811487855093,1
12466,0.9954379511144477,1
12467,0.07931503751337729,0
12468,0.9999096405017458,1
12469,0.995,1
12470,0.9999852216748769,1
12471,0.9999852216748769,1
12472,0.9998285392941502,1
12473,0.9989109833638184,1
12474,0.9999852216748769,1
12475,0.999996254681648,1
12476,0.9995379463231281,1
12477,0.999996254681648,1
12478,0.982427215939468,1
12479,0.019990094859281275,0
12480,1.0,1
12481,0.9999852216748769,1
12482,0.9777403955714332,1
12483,0.08685432761099648,0
12484,1.0,1
12485,0.9995619290737636,1
12486,0.999996254681648,1
12487,0.044735119588350046,0
12488,0.9989471699378265,1
12489,1.0,1
12490,1.0,1
12491,0.9938636276289567,1
12492,0.998885730838566,1
12493,0.4651965389584782,0
12494,0.051818206217524115,0
12495,1.0,1
12496,0.9995801191793557,1
12497,0.9999754299754301,1
12498,0.9999759795306994,1
12499,0.9999852216748769,1
12500,1.0,1
12501,0.009324546347926298,0
12502,0.9834186293448063,1
12503,0.9998275862068965,1
12504,0.999996254681648,1
12505,1.0,1
12506,1.0,1
12507,1.0,1
12508,0.9990695213115452,1
12509,1.0,1
12510,0.9998679093728903,1
12511,1.0,1
12512,0.9766133377353009,1
12513,1.0,1
12514,1.0,1
12515,0.999996254681648,1
12516,0.9996937693327442,1
12517,1.0,1
12518,0.999996254681648,1
12519,1.0,1
12520,0.07519532421814948,0
12521,0.9999852216748769,1
12522,1.0,1
12523,0.999996254681648,1
12524,0.9418705438263831,1
12525,0.9999722222222222,1
12526,0.01037365387369242,0
12527,0.014517797965374897,0
12528,0.9999491807475678,1
12529,0.9155194339789036,1
12530,0.9550938912497664,1
12531,0.9996182871182872,1
12532,0.028579310271477674,0
12533,0.9908150532086415,1
12534,0.028099689866871926,0
12535,0.9999769585253456,1
12536,0.9998780487804878,1
12537,0.9999907578558225,1
12538,0.993722361177679,1
12539,0.9846223927899025,1
12540,0.9446391170832301,1
12541,0.999996254681648,1
12542,0.9999852216748769,1
12543,0.9630766887655124,1
12544,0.8147632123868256,1
12545,0.9160962453310606,1
12546,0.9999491807475678,1
12547,0.9999852216748769,1
12548,1.0,1
12549,1.0,1
12550,0.99982659814294,1
12551,0.9935865927939911,1
12552,0.9999477204477205,1
12553,1.0,1
12554,0.9997162773896646,1
12555,1.0,1
12556,0.9999759795306994,1
12557,1.0,1
12558,1.0,1
12559,0.9999372620364987,1
12560,1.0,1
12561,0.9978929582760362,1
12562,0.9999852216748769,1
12563,1.0,1
12564,1.0,1
12565,0.9999759795306994,1
12566,0.9999907578558225,1
12567,0.949947694048872,1
12568,0.9999372620364987,1
12569,0.9862688074036267,1
12570,1.0,1
12571,1.0,1
12572,0.777832587198355,1
12573,0.08344932122030375,0
12574,0.9999491807475678,1
12575,0.9973772070626004,1
12576,0.9545490975010857,1
12577,1.0,1
12578,0.999996254681648,1
12579,0.12051318913095498,0
12580,0.9998381628513474,1
12581,0.9999852216748769,1
12582,0.9999852216748769,1
12583,0.9998529411764706,1
12584,0.28373401551155364,0
12585,0.9972833692841914,1
12586,0.9936305317947262,1
12587,0.9999852216748769,1
12588,1.0,1
12589,0.9999907578558225,1
12590,1.0,1
12591,1.0,1
12592,0.9999268102372035,1
12593,0.9999639966171319,1
12594,0.03780757019967046,0
12595,0.02241191669485153,0
12596,1.0,1
12597,0.999996254681648,1
12598,0.9999754299754301,1
12599,1.0,1
12600,0.9998931618981427,1
12601,1.0,1
12602,0.9949754299754301,1
12603,0.9999268102372035,1
12604,1.0,1
12605,0.9999618320610686,1
12606,1.0,1
12607,1.0,1
12608,1.0,1
12609,1.0,1
12610,0.9995965604354435,1
12611,0.9776052559321697,1
12612,0.9892785526233476,1
12613,0.9991382453666228,1
12614,1.0,1
12615,1.0,1
12616,0.9842042640892168,1
12617,0.9882950757601404,1
12618,0.9839105344155361,1
12619,1.0,1
12620,1.0,1
12621,1.0,1
12622,0.9999852216748769,1
12623,0.984270376944941,1
12624,0.9994366873285508,1
12625,0.9914659458788269,1
12626,0.9999639966171319,1
12627,0.9999852216748769,1
12628,0.9999769585253456,1
12629,0.9999907578558225,1
12630,1.0,1
12631,0.9747127694639142,1
12632,0.9598467450568442,1
12633,1.0,1
12634,0.9999852216748769,1
12635,0.9925727847721846,1
12636,0.9999852216748769,1
12637,0.9999852216748769,1
12638,0.9992125245229179,1
12639,0.9999907578558225,1
12640,0.999996254681648,1
12641,0.9999852216748769,1
12642,0.9999852216748769,1
12643,1.0,1
12644,0.9973519545373479,1
12645,0.9999639966171319,1
12646,0.9786626858162674,1
12647,0.911314494592,1
12648,1.0,1
12649,1.0,1
12650,0.999996254681648,1
12651,0.952554732984029,1
12652,0.9949124094728028,1
12653,0.9999618320610686,1
12654,0.9998931618981427,1
12655,0.9961496439998163,1
12656,0.9999759795306994,1
12657,0.010728509358325118,0
12658,1.0,1
12659,1.0,1
12660,0.9994501851906596,1
12661,0.9999491807475678,1
12662,1.0,1
12663,1.0,1
12664,0.999996254681648,1
12665,0.9963772070626004,1
12666,1.0,1
12667,1.0,1
12668,0.9998679093728903,1
12669,0.9861953788992275,1
12670,0.8608318797975342,1
12671,0.9796892076067292,1
12672,1.0,1
12673,0.022469667646494818,0
12674,0.9985872233758794,1
12675,0.9999759795306994,1
12676,0.9998931618981427,1
12677,0.9999852216748769,1
12678,1.0,1
12679,0.9993667294048645,1
12680,1.0,1
12681,1.0,1
12682,1.0,1
12683,0.9982451256645153,1
12684,1.0,1
12685,1.0,1
12686,1.0,1
12687,0.9705158620768393,1
12688,0.9999759795306994,1
12689,0.999996254681648,1
12690,0.9999491807475678,1
12691,1.0,1
12692,1.0,1
12693,1.0,1
12694,0.9949852216748769,1
12695,1.0,1
12696,0.14527862478209927,0
12697,0.9999852216748769,1
12698,1.0,1
12699,0.9901264793560567,1
12700,1.0,1
12701,0.994654900878883,1
12702,0.9999759795306994,1
12703,1.0,1
12704,0.8059311021423724,1
12705,1.0,1
12706,0.8190182010984627,1
12707,0.9999907578558225,1
12708,1.0,1
12709,0.9989109833638184,1
12710,0.9486378754614049,1
12711,0.7769673742905198,1
12712,0.9998780487804878,1
12713,1.0,1
12714,0.9904376939679651,1
12715,0.03183884288426635,0
12716,0.9799337003294132,1
12717,0.9899581589958159,1
12718,1.0,1
12719,0.023340581541817063,0
12720,1.0,1
12721,0.9788431243764844,1
12722,1.0,1
12723,1.0,1
12724,0.9999852216748769,1
12725,1.0,1
12726,1.0,1
12727,0.9998529411764706,1
12728,1.0,1
12729,0.9998931618981427,1
12730,0.9976819287787161,1
12731,0.9973772070626004,1
12732,1.0,1
12733,0.9922863103785375,1
12734,0.9997253234140941,1
12735,1.0,1
12736,0.9991956271276301,1
12737,0.9999769585253456,1
12738,1.0,1
12739,1.0,1
12740,0.9999759795306994,1
12741,0.9999372620364987,1
12742,0.9997260273972602,1
12743,0.9481990800822593,1
12744,1.0,1
12745,0.9982565432481416,1
12746,0.9776584468213777,1
12747,0.9999759795306994,1
12748,0.9932522086957204,1
12749,0.999996254681648,1
12750,0.9519871595138268,1
12751,0.9704767283500828,1
12752,0.9867899220769166,1
12753,0.030017542325041537,0
12754,0.9999754299754301,1
12755,1.0,1
12756,0.999996254681648,1
12757,1.0,1
12758,0.9966385683142933,1
12759,0.9996750721500721,1
12760,0.9901411799853632,1
12761,1.0,1
12762,0.999996254681648,1
12763,0.9999491807475678,1
12764,1.0,1
12765,1.0,1
12766,1.0,1
12767,1.0,1
12768,0.9992082902919887,1
12769,0.999996254681648,1
12770,0.9999907578558225,1
12771,1.0,1
12772,0.9858156194264636,1
12773,0.999996254681648,1
12774,1.0,1
12775,0.9999639966171319,1
12776,0.9996223005921281,1
12777,0.9999852216748769,1
12778,0.9998381628513474,1
12779,1.0,1
12780,1.0,1
12781,1.0,1
12782,0.9725351825127251,1
12783,0.9984161623290433,1
12784,0.9999342105263157,1
12785,0.9999759795306994,1
12786,0.9325410526249992,1
12787,1.0,1
12788,0.9999295739965526,1
12789,0.9973772070626004,1
12790,0.9974485827290706,1
12791,0.9958641877591919,1
12792,1.0,1
12793,1.0,1
12794,0.999996254681648,1
12795,1.0,1
12796,1.0,1
12797,1.0,1
12798,1.0,1
12799,0.9999639966171319,1
12800,1.0,1
12801,0.0012152147610405323,0
12802,0.9999759795306994,1
12803,0.02802585104101022,0
12804,0.9999852216748769,1
12805,1.0,1
12806,0.9970114518158125,1
12807,0.9996817042606516,1
12808,0.9999754299754301,1
12809,0.9999491807475678,1
12810,0.9945728702071781,1
12811,1.0,1
12812,0.9996724946937089,1
12813,0.08117167544120071,0
12814,0.9539988030432734,1
12815,0.9894009165689487,1
12816,1.0,1
12817,1.0,1
12818,0.999996254681648,1
12819,1.0,1
12820,0.030381321622956706,0
12821,1.0,1
12822,0.9775038600142613,1
12823,0.9997428175920543,1
12824,0.9999852216748769,1
12825,0.9769131117516363,1
12826,0.9999852216748769,1
12827,0.006544302162931726,0
12828,0.999996254681648,1
12829,0.971645756176191,1
12830,0.9975678615142507,1
12831,0.9834143799010922,1
12832,0.9899000000000001,1
12833,0.999996254681648,1
12834,0.9999439751293684,1
12835,0.9999754299754301,1
12836,0.9999441140519956,1
12837,0.9830042989032034,1
12838,0.2235598500520748,0
12839,0.9834024556143945,1
12840,0.9999852216748769,1
12841,1.0,1
12842,1.0,1
12843,0.9931790351275646,1
12844,0.9999268102372035,1
12845,0.999550542032386,1
12846,1.0,1
12847,0.9999852216748769,1
12848,0.9405275554518263,1
12849,0.9999754299754301,1
12850,0.9955890919430798,1
12851,0.9999639966171319,1
12852,0.9999852216748769,1
12853,0.9999372620364987,1
12854,0.999576240012061,1
12855,0.9989343689099133,1
12856,1.0,1
12857,1.0,1
12858,0.9979166666666667,1
12859,0.9966483655048719,1
12860,0.9965892426729411,1
12861,1.0,1
12862,1.0,1
12863,0.999996254681648,1
12864,0.9999372620364987,1
12865,0.9999759795306994,1
12866,0.998885730838566,1
12867,0.9924824971394903,1
12868,0.9999754299754301,1
12869,0.994628078817734,1
12870,0.9999759795306994,1
12871,1.0,1
12872,0.999996254681648,1
12873,0.8620436597357788,1
12874,1.0,1
12875,0.9992857142857143,1
12876,1.0,1
12877,1.0,1
12878,1.0,1
12879,0.9842549759409962,1
12880,0.9999907578558225,1
12881,1.0,1
12882,1.0,1
12883,0.9997670966420968,1
12884,0.8751094580793992,1
12885,0.08094511499240778,0
12886,0.998889476156918,1
12887,0.9998679093728903,1
12888,1.0,1
12889,0.9999759795306994,1
12890,1.0,1
12891,0.9997713483427769,1
12892,0.9827341871091871,1
12893,1.0,1
12894,0.999996254681648,1
12895,0.06501962389404425,0
12896,0.9999754299754301,1
12897,1.0,1
12898,1.0,1
12899,0.04776773416801073,0
12900,0.9999852216748769,1
12901,0.9959798870242154,1
12902,0.010222816092138447,0
12903,0.9999852216748769,1
12904,1.0,1
12905,0.9991158474142344,1
12906,1.0,1
12907,1.0,1
12908,1.0,1
12909,1.0,1
12910,0.9997959183673469,1
12911,1.0,1
12912,0.9999852216748769,1
12913,0.9759145232494233,1
12914,0.9999852216748769,1
12915,1.0,1
12916,0.999996254681648,1
12917,1.0,1
12918,0.9587180977504061,1
12919,1.0,1
12920,1.0,1
12921,0.9632175640687428,1
12922,0.9996391118245052,1
12923,0.9999852216748769,1
12924,0.999996254681648,1
12925,0.9989109833638184,1
12926,0.999996254681648,1
12927,0.9997959183673469,1
12928,1.0,1
12929,1.0,1
12930,0.9949618320610686,1
12931,0.9999852216748769,1
12932,1.0,1
12933,0.9989109833638184,1
12934,1.0,1
12935,0.9999852216748769,1
12936,1.0,1
12937,0.020448638573883255,0
12938,0.5122225941907679,1
12939,0.9948931618981427,1
12940,0.999194172738501,1
12941,0.9999852216748769,1
12942,0.03372791521560028,0
12943,0.9999907578558225,1
12944,0.9997167157125568,1
12945,0.9998679093728903,1
12946,0.9999618320610686,1
12947,0.9948437959178377,1
12948,0.9999852216748769,1
12949,0.9782793958655361,1
12950,0.9992125245229179,1
12951,1.0,1
12952,1.0,1
12953,0.9872853041109387,1
12954,0.9842857142857143,1
12955,0.9883062656908297,1
12956,0.99992,1
12957,0.9992687376909021,1
12958,0.8702374129282827,1
12959,1.0,1
12960,0.948102444499856,1
12961,0.011535222259784025,0
12962,0.9999852216748769,1
12963,0.9964755982699106,1
12964,0.9826065904569761,1
12965,0.9962154177070162,1
12966,0.9999268102372035,1
12967,0.9999907578558225,1
12968,1.0,1
12969,0.9971861771398571,1
12970,0.9997260273972602,1
12971,1.0,1
12972,0.9999852216748769,1
12973,0.9999710021563954,1
12974,0.9999852216748769,1
12975,0.9999759795306994,1
12976,0.9185223253576315,1
12977,0.9819762852661111,1
12978,0.9975098482484845,1
12979,0.9999759795306994,1
12980,0.9956322096513177,1
12981,1.0,1
12982,0.9881100950850502,1
12983,0.9999852216748769,1
12984,0.999996254681648,1
12985,0.9999852216748769,1
12986,1.0,1
12987,0.019981337276145372,0
12988,0.9996937693327442,1
12989,0.9474150966181197,1
12990,1.0,1
12991,1.0,1
12992,0.9870958735100666,1
12993,0.9597289483463395,1
12994,0.999996254681648,1
12995,1.0,1
12996,0.9995899108788027,1
12997,1.0,1
12998,1.0,1
12999,0.07274058546637435,0
13000,1.0,1
13001,0.040116310225927945,0
13002,1.0,1
13003,0.984996254681648,1
13004,0.0070883791648644785,0
13005,0.9999907578558225,1
13006,1.0,1
13007,1.0,1
13008,0.9788728193216412,1
13009,0.9910001448253816,1
13010,1.0,1
13011,1.0,1
13012,0.9999907578558225,1
13013,0.9914644049297989,1
13014,1.0,1
13015,1.0,1
13016,1.0,1
13017,1.0,1
13018,0.9999268102372035,1
13019,1.0,1
13020,1.0,1
13021,1.0,1
13022,0.9999852216748769,1
13023,1.0,1
13024,1.0,1
13025,0.9455733466538212,1
13026,0.9262538518207198,1
13027,0.9976010672093945,1
13028,0.9919397762916917,1
13029,0.9988694686764323,1
13030,0.9896724946937089,1
13031,0.999996254681648,1
13032,0.999996254681648,1
13033,0.06998717647767026,0
13034,0.0052141427618270795,0
13035,0.9999759795306994,1
13036,1.0,1
13037,0.999996254681648,1
13038,1.0,1
13039,1.0,1
13040,0.9999639966171319,1
13041,1.0,1
13042,1.0,1
13043,1.0,1
13044,0.9999639966171319,1
13045,1.0,1
13046,0.9977254751953027,1
13047,0.9999618320610686,1
13048,1.0,1
13049,1.0,1
13050,1.0,1
13051,0.9992125245229179,1
13052,1.0,1
13053,0.9997728768926926,1
13054,0.007528854834603669,0
13055,0.9999769585253456,1
13056,0.9949485827290705,1
13057,0.021269639137054486,0
13058,1.0,1
13059,0.9998537918194026,1
13060,0.9999759795306994,1
13061,0.9996296883889965,1
13062,0.974079013488933,1
13063,1.0,1
13064,0.999996254681648,1
13065,0.9997428175920543,1
13066,0.9998055555555555,1
13067,0.9997713483427769,1
13068,1.0,1
13069,0.9999759795306994,1
13070,0.9997915828240284,1
13071,1.0,1
13072,0.09078663295029812,0
13073,0.9996008999081728,1
13074,0.9949293357268725,1
13075,1.0,1
13076,0.9988279390043742,1
13077,0.9998541076613806,1
13078,1.0,1
13079,1.0,1
13080,0.9837261629672218,1
13081,0.9903451003309975,1
13082,0.9999305555555555,1
13083,0.9999907578558225,1
13084,0.9984969483374538,1
13085,0.37040643680130875,0
13086,0.9973772070626004,1
13087,1.0,1
13088,0.9999759795306994,1
13089,0.9999639966171319,1
13090,0.9979004056444144,1
13091,0.999996254681648,1
13092,0.981906592717921,1
13093,0.04284503869388339,0
13094,1.0,1
13095,1.0,1
13096,0.9958307423069328,1
13097,0.02917277737159671,0
13098,0.998885730838566,1
13099,1.0,1
13100,0.9966553212033834,1
13101,0.9996296883889965,1
13102,0.9978860214965249,1
13103,0.9949759795306994,1
13104,0.9997768883415437,1
13105,1.0,1
13106,0.9997021370345891,1
13107,0.9999852216748769,1
13108,1.0,1
13109,0.9926144384570696,1
13110,0.9938563650802805,1
13111,0.9899754299754301,1
13112,0.9783704232657526,1
13113,0.999996254681648,1
13114,1.0,1
13115,1.0,1
13116,0.9946724946937089,1
13117,1.0,1
13118,0.9999852216748769,1
13119,0.9761173975080907,1
13120,0.9998275862068965,1
13121,0.028713507187505774,0
13122,0.00858042127635949,0
13123,1.0,1
13124,0.9643835053690643,1
13125,0.28825665928754246,0
13126,0.9973354436007469,1
13127,1.0,1
13128,0.9999759795306994,1
13129,0.806761201377838,1
13130,0.9999852216748769,1
13131,0.9898549660873504,1
13132,1.0,1
13133,0.999996254681648,1
13134,1.0,1
13135,1.0,1
13136,1.0,1
13137,0.9229295259348398,1
13138,1.0,1
13139,0.9581630442821597,1
13140,1.0,1
13141,0.9998372345262645,1
13142,0.999996254681648,1
13143,0.9810222085373408,1
13144,0.969175332269762,1
13145,0.9999759795306994,1
13146,1.0,1
13147,0.9997959183673469,1
13148,0.9999852216748769,1
13149,1.0,1
13150,0.9996369046377268,1
13151,0.0094307361175296,0
13152,0.01415856776662097,0
13153,0.9989147286821705,1
13154,0.99375524182582,1
13155,0.011271742752448095,0
13156,0.9535842116864477,1
13157,0.04287465910483482,0
13158,1.0,1
13159,0.8404604083872071,1
13160,1.0,1
13161,0.9999110128086365,1
13162,1.0,1
13163,0.07655807477499423,0
13164,0.9999710021563954,1
13165,0.01132085078149488,0
13166,0.999996254681648,1
13167,0.992335577619674,1
13168,1.0,1
13169,1.0,1
13170,0.9999754299754301,1
13171,1.0,1
13172,1.0,1
13173,1.0,1
13174,0.9888022368287334,1
13175,0.9999852216748769,1
13176,1.0,1
13177,0.999996254681648,1
13178,0.9998394232090271,1
13179,1.0,1
13180,0.9933787713379775,1
13181,0.9681356225993318,1
13182,0.9155221329189247,1
13183,0.9983214898160746,1
13184,0.9999372620364987,1
13185,1.0,1
13186,0.9985564564507438,1
13187,1.0,1
13188,1.0,1
13189,1.0,1
13190,1.0,1
13191,0.999996254681648,1
13192,0.017595339805404286,0
13193,0.9993968182755197,1
13194,0.9997779547943841,1
13195,0.9923914824730482,1
13196,1.0,1
13197,0.9997959183673469,1
13198,0.999996254681648,1
13199,0.03873751765091283,0
13200,0.022655140785258664,0
13201,0.9999618320610686,1
13202,0.9999754299754301,1
13203,1.0,1
13204,1.0,1
13205,0.9999852216748769,1
13206,1.0,1
13207,1.0,1
13208,0.9841824499999516,1
13209,1.0,1
13210,1.0,1
13211,0.9975098482484845,1
13212,0.9762840970994544,1
13213,1.0,1
13214,0.9186493149090308,1
13215,0.9999444444444444,1
13216,0.9992835230690278,1
13217,0.9999852216748769,1
13218,0.9999852216748769,1
13219,0.995,1
13220,0.9999268102372035,1
13221,1.0,1
13222,0.9999759795306994,1
13223,1.0,1
13224,0.9999639966171319,1
13225,0.9914601144023619,1
13226,0.999996254681648,1
13227,0.9999852216748769,1
13228,0.8773313616631045,1
13229,0.9996316875893162,1
13230,0.9290842399653404,1
13231,1.0,1
13232,1.0,1
13233,0.9422612640999997,1
13234,1.0,1
13235,1.0,1
13236,0.9962719347172289,1
13237,0.9999759795306994,1
13238,1.0,1
13239,1.0,1
13240,0.9956406453282475,1
13241,0.7639209351798422,1
13242,0.9959306379894615,1
13243,0.9999759795306994,1
13244,0.9999852216748769,1
13245,0.9999852216748769,1
13246,0.998885730838566,1
13247,0.9772129755113727,1
13248,1.0,1
13249,1.0,1
13250,1.0,1
13251,0.9999268102372035,1
13252,0.9973519545373479,1
13253,0.9998372345262645,1
13254,0.9897864835416079,1
13255,0.9983842712215483,1
13256,0.9710418062610955,1
13257,0.9989147286821705,1
13258,0.46165421995401457,1
13259,0.9907585118250798,1
13260,1.0,1
13261,0.9973772070626004,1
13262,0.9999852216748769,1
13263,0.9999852216748769,1
13264,0.9999372620364987,1
13265,1.0,1
13266,0.9290978579052863,1
13267,0.9999759795306994,1
13268,1.0,1
13269,1.0,1
13270,0.27132276899355473,0
13271,0.998885730838566,1
13272,0.18121716430121604,0
13273,0.9991158474142344,1
13274,1.0,1
13275,0.9898571428571428,1
13276,1.0,1
13277,0.9999852216748769,1
13278,0.999996254681648,1
13279,0.9999852216748769,1
13280,0.9999759795306994,1
13281,0.014431293344336822,0
13282,0.9997959183673469,1
13283,0.9916543089586696,1
13284,1.0,1
13285,0.9999852216748769,1
13286,1.0,1
13287,0.999996254681648,1
13288,0.994841138223941,1
13289,0.9148390728139735,1
13290,1.0,1
13291,0.13287545467370204,0
13292,1.0,1
13293,0.020559628622832542,0
13294,0.9982082902919888,1
13295,0.33831022316952186,0
13296,1.0,1
13297,0.9999852216748769,1
13298,0.9989147286821705,1
13299,0.6660821099251373,1
13300,1.0,1
13301,0.9969080488604106,1
13302,1.0,1
13303,0.9999852216748769,1
13304,0.9999754299754301,1
13305,0.9997959183673469,1
13306,0.9999618320610686,1
13307,1.0,1
13308,1.0,1
13309,0.9999305555555555,1
13310,0.9998679093728903,1
13311,0.9996937693327442,1
13312,0.9907336787995902,1
13313,0.9999754299754301,1
13314,0.9998786776859505,1
13315,0.013884106926146264,0
13316,0.9993074398432893,1
13317,1.0,1
13318,1.0,1
13319,0.9999541284403669,1
13320,0.9999907578558225,1
13321,0.9989109833638184,1
13322,0.9999096405017458,1
13323,0.999871254681648,1
13324,0.9998780487804878,1
13325,0.9469289284086462,1
13326,0.9999305555555555,1
13327,0.9947026810897264,1
13328,0.9973571428571428,1
13329,1.0,1
13330,0.9397200763485659,1
13331,0.9996724946937089,1
13332,0.9997959183673469,1
13333,0.9999852216748769,1
13334,0.9999639966171319,1
13335,1.0,1
13336,1.0,1
13337,0.999063882063882,1
13338,0.999996254681648,1
13339,0.9989147286821705,1
13340,1.0,1
13341,0.9429172753355809,1
13342,0.9998679093728903,1
13343,1.0,1
13344,1.0,1
13345,0.9999268102372035,1
13346,1.0,1
13347,0.9984684099402359,1
13348,0.999996254681648,1
13349,0.9997260273972602,1
13350,0.9999852216748769,1
13351,0.9940331820832246,1
13352,1.0,1
13353,1.0,1
13354,0.0451182994894514,0
13355,0.9999852216748769,1
13356,0.9716670627153883,1
13357,0.9999852216748769,1
13358,1.0,1
13359,0.9996724946937089,1
13360,0.99875205538752,1
13361,0.999996254681648,1
13362,0.9973772070626004,1
13363,1.0,1
13364,0.9999710021563954,1
13365,1.0,1
13366,0.9967049879284968,1
13367,0.9999852216748769,1
13368,0.9999852216748769,1
13369,0.9999305555555555,1
13370,0.9998529411764706,1
13371,0.9964508440090047,1
13372,0.8940756407375843,1
13373,1.0,1
13374,1.0,1
13375,0.9999754299754301,1
13376,0.9999852216748769,1
13377,1.0,1
13378,1.0,1
13379,0.9998381628513474,1
13380,0.9652756812781174,1
13381,0.9918776465470013,1
13382,1.0,1
13383,0.999996254681648,1
13384,0.9999268102372035,1
13385,0.9998931618981427,1
13386,0.9948055555555555,1
13387,0.9926734326050599,1
13388,1.0,1
13389,0.9085765500885217,1
13390,0.06577879312256665,0
13391,0.9996629213483146,1
13392,0.9947312559405789,1
13393,1.0,1
13394,0.02596587166853174,0
13395,0.9990569063903704,1
13396,1.0,1
13397,0.9999754299754301,1
13398,0.8487513895079819,1
13399,0.9503928297625066,1
13400,1.0,1
13401,0.9998780487804878,1
13402,0.999996254681648,1
13403,1.0,1
13404,0.9973145238302229,1
13405,0.9989147286821705,1
13406,0.9999754299754301,1
13407,1.0,1
13408,0.06854551117916469,0
13409,0.9999852216748769,1
13410,0.9260263033273928,1
13411,0.9959362260891794,1
13412,0.9721997811559837,1
13413,0.9937688590404109,1
13414,1.0,1
13415,1.0,1
13416,0.8317138702982075,1
13417,1.0,1
13418,1.0,1
13419,1.0,1
13420,1.0,1
13421,0.9949725664990631,1
13422,0.9999852216748769,1
13423,1.0,1
13424,1.0,1
13425,1.0,1
13426,0.9973772070626004,1
13427,0.9999759795306994,1
13428,0.9847868200639323,1
13429,0.9879389610389611,1
13430,0.07122857272737776,0
13431,1.0,1
13432,0.9999161547911548,1
13433,1.0,1
13434,0.999996254681648,1
13435,1.0,1
13436,0.9655929184347911,1
13437,0.9999759795306994,1
13438,1.0,1
13439,0.9999503831220149,1
13440,0.9999639966171319,1
13441,1.0,1
13442,1.0,1
13443,1.0,1
13444,0.9970759850193684,1
13445,1.0,1
13446,0.9999444444444444,1
13447,0.9999754299754301,1
13448,1.0,1
13449,0.9978217074925348,1
13450,1.0,1
13451,0.9999491807475678,1
13452,1.0,1
13453,0.9825920989241341,1
13454,0.999996254681648,1
13455,1.0,1
13456,0.952847361520667,1
13457,0.9724908644451311,1
13458,1.0,1
13459,0.9994501514318493,1
13460,0.9999852216748769,1
13461,0.998855302250503,1
13462,0.999996254681648,1
13463,1.0,1
13464,1.0,1
13465,1.0,1
13466,1.0,1
13467,1.0,1
13468,0.9972850951216741,1
13469,0.999996254681648,1
13470,0.9829733951658969,1
13471,0.9999491807475678,1
13472,0.9993655931001832,1
13473,0.9996629213483146,1
13474,1.0,1
13475,0.9566872486619983,1
13476,0.9925226286425793,1
13477,0.9999907578558225,1
13478,0.9999268102372035,1
13479,1.0,1
13480,0.9999759795306994,1
13481,0.01715249610127956,0
13482,1.0,1
13483,0.8107299790953861,1
13484,0.9999852216748769,1
13485,1.0,1
13486,1.0,1
13487,0.9999759795306994,1
13488,0.9971078321531263,1
13489,0.9994639966171319,1
13490,1.0,1
13491,0.9970937791054914,1
13492,0.9891130261622598,1
13493,0.9999580867427166,1
13494,0.9999759795306994,1
13495,0.999996254681648,1
13496,1.0,1
13497,0.5235352752099449,1
13498,0.999996254681648,1
13499,1.0,1
13500,0.9978102130945077,1
13501,1.0,1
13502,0.19445322459298647,0
13503,0.9763854911825995,1
13504,0.9850698920922922,1
13505,1.0,1
13506,0.9999618320610686,1
13507,0.9999852216748769,1
13508,0.998885730838566,1
13509,0.9991158474142344,1
13510,1.0,1
13511,0.995,1
13512,0.9999907578558225,1
13513,1.0,1
13514,0.008254284248606603,0
13515,0.9997959183673469,1
13516,0.9979166666666667,1
13517,1.0,1
13518,0.9987639778422591,1
13519,0.9961646478240221,1
13520,0.999996254681648,1
13521,0.9969524586232781,1
13522,0.41522262645824165,0
13523,1.0,1
13524,1.0,1
13525,0.9999852216748769,1
13526,0.9999852216748769,1
13527,0.9998917645472524,1
13528,1.0,1
13529,0.8934613278589133,1
13530,1.0,1
13531,0.999996254681648,1
13532,0.999996254681648,1
13533,0.9998931618981427,1
13534,1.0,1
13535,0.9984650898527834,1
13536,0.9997915828240284,1
13537,0.9999759795306994,1
13538,1.0,1
13539,0.9948477204477206,1
13540,0.9998923876166242,1
13541,1.0,1
13542,0.7655607097618542,1
13543,1.0,1
13544,0.9890684796966933,1
13545,0.9998529411764706,1
13546,0.9999769585253456,1
13547,1.0,1
13548,0.9998192771084337,1
13549,0.018595970153588128,0
13550,0.9980386456908343,1
13551,0.9999754299754301,1
13552,1.0,1
13553,0.9837493891742431,1
13554,1.0,1
13555,0.9999503831220149,1
13556,0.9741304998894265,1
13557,1.0,1
13558,0.033540694546901395,0
13559,0.9998746381873861,1
13560,0.9829441095958232,1
13561,0.9989109833638184,1
13562,0.9997951653944019,1
13563,0.9999618320610686,1
13564,0.9999268102372035,1
13565,0.9992857142857143,1
13566,0.9995421626456534,1
13567,1.0,1
13568,1.0,1
13569,1.0,1
13570,0.9780057185961613,1
13571,0.7723024799049825,1
13572,1.0,1
13573,1.0,1
13574,0.9999618320610686,1
13575,1.0,1
13576,0.9998931618981427,1
13577,0.9998401960573013,1
13578,1.0,1
13579,0.9998436990322932,1
13580,0.9856459160119903,1
13581,0.9747363702846766,1
13582,0.9815919004686217,1
13583,0.9999852216748769,1
13584,0.9996296883889965,1
13585,0.0780412898533219,0
13586,1.0,1
13587,0.9946727982974641,1
13588,0.960784018161359,1
13589,0.9983334145018574,1
13590,0.9962077176832658,1
13591,0.9999639966171319,1
13592,1.0,1
13593,1.0,1
13594,1.0,1
13595,0.9999268102372035,1
13596,1.0,1
13597,0.9930345305826616,1
13598,0.1665433671746442,0
13599,0.9999852216748769,1
13600,0.9985215212068289,1
13601,0.991149094011918,1
13602,1.0,1
13603,0.9999754299754301,1
13604,0.9412157931679994,1
13605,0.9840140071252147,1
13606,0.999996254681648,1
13607,0.9997916666666667,1
13608,0.9750108041507373,1
13609,0.9999268102372035,1
13610,0.9997916666666667,1
13611,1.0,1
13612,0.9973519545373479,1
13613,0.9878742784992782,1
13614,0.9944444444444445,1
13615,0.9999852216748769,1
13616,0.9723040312473304,1
13617,0.9999639966171319,1
13618,0.9275002101586459,1
13619,0.9519094591054628,1
13620,0.9997260273972602,1
13621,0.9998931618981427,1
13622,0.9999852216748769,1
13623,0.9999491807475678,1
13624,1.0,1
13625,0.9999639966171319,1
13626,0.9999618320610686,1
13627,0.017680398915016642,0
13628,1.0,1
13629,1.0,1
13630,0.9987797962416478,1
13631,0.980093604508897,1
13632,0.06798156413741144,0
13633,0.9996182871182872,1
13634,0.9999907578558225,1
13635,1.0,1
13636,0.9999907578558225,1
13637,0.999996254681648,1
13638,0.9999754299754301,1
13639,1.0,1
13640,1.0,1
13641,1.0,1
13642,1.0,1
13643,0.9997959183673469,1
13644,1.0,1
13645,0.9998333333333334,1
13646,0.9999759795306994,1
13647,1.0,1
13648,0.9999305555555555,1
13649,1.0,1
13650,0.9999406991260923,1
13651,0.9976796069879093,1
13652,0.0839914821759012,0
13653,1.0,1
13654,0.9999491807475678,1
13655,1.0,1
13656,0.999996254681648,1
13657,0.9999639966171319,1
13658,0.9910975698655662,1
13659,0.9570312716294146,1
13660,1.0,1
13661,0.9910380496851028,1
13662,0.9997205290903447,1
13663,0.9999759795306994,1
13664,1.0,1
13665,0.9999852216748769,1
13666,0.999996254681648,1
13667,0.935147659489112,1
13668,0.9999581589958159,1
13669,1.0,1
13670,0.05706006193565991,0
13671,0.02460534610593074,0
13672,0.06680676162942328,0
13673,0.9442361281467581,1
13674,1.0,1
13675,1.0,1
13676,0.9585833333333335,1
13677,0.9899852216748769,1
13678,1.0,1
13679,0.9989470834667702,1
13680,1.0,1
13681,1.0,1
13682,1.0,1
13683,1.0,1
13684,1.0,1
13685,0.9955626866051125,1
13686,0.9949618320610686,1
13687,1.0,1
13688,0.9948931618981427,1
13689,1.0,1
13690,0.9999305555555555,1
13691,0.9114677171768322,1
13692,1.0,1
13693,0.979269141567539,1
13694,0.9999754299754301,1
13695,0.24947959020402602,0
13696,1.0,1
13697,0.9996296883889965,1
13698,0.9980161703873245,1
13699,0.9807685461706067,1
13700,0.9999852216748769,1
13701,0.9999759795306994,1
13702,0.9999907578558225,1
13703,1.0,1
13704,0.9999305555555555,1
13705,0.9396576418920104,1
13706,1.0,1
13707,0.9967313350078071,1
13708,1.0,1
13709,0.9998381628513474,1
13710,0.999996254681648,1
13711,0.9885063514569177,1
13712,1.0,1
13713,0.9767580776711212,1
13714,0.9966976204343987,1
13715,0.9959791700796606,1
13716,0.9999618320610686,1
13717,1.0,1
13718,0.9998931618981427,1
13719,0.1206691393571416,0
13720,0.9996937693327442,1
13721,0.9997916666666667,1
13722,0.9888488605165285,1
13723,0.9910578830329725,1
13724,1.0,1
13725,1.0,1
13726,1.0,1
13727,1.0,1
13728,0.9235034181628066,1
13729,0.9969847231703585,1
13730,0.9980056377730796,1
13731,0.9932082902919888,1
13732,1.0,1
13733,0.9997916666666667,1
13734,1.0,1
13735,0.9834828209386844,1
13736,1.0,1
13737,1.0,1
13738,0.833948741177395,1
13739,0.9999852216748769,1
13740,0.999151601563713,1
13741,0.027589234765850325,0
13742,0.9998275862068965,1
13743,1.0,1
13744,0.9868467081705412,1
13745,0.9889480519480519,1
13746,1.0,1
13747,1.0,1
13748,0.9997768883415437,1
13749,0.999318763146125,1
13750,0.9403018163802933,1
13751,0.9990477080920364,1
13752,0.9979769037199903,1
13753,0.9934984399687505,1
13754,0.8986973385685216,1
13755,0.9999372620364987,1
13756,0.9932865157012839,1
13757,1.0,1
13758,0.9166463735536573,1
13759,1.0,1
13760,0.010886522325881593,0
13761,0.9999754299754301,1
13762,0.01355195621421017,0
13763,1.0,1
13764,1.0,1
13765,0.99982659814294,1
13766,0.9885688737423252,1
13767,0.9999722222222222,1
13768,1.0,1
13769,0.28020893138692105,0
13770,0.9997916666666667,1
13771,0.9999852216748769,1
13772,0.9997916666666667,1
13773,1.0,1
13774,0.9999852216748769,1
13775,1.0,1
13776,0.999996254681648,1
13777,0.9999618320610686,1
13778,0.995,1
13779,0.999628078817734,1
13780,1.0,1
13781,0.06286845016906285,0
13782,0.999996254681648,1
13783,0.999899980272243,1
13784,0.9981446433217842,1
13785,0.7944209107110874,1
13786,1.0,1
13787,0.020758366861061524,0
13788,0.99992,1
13789,0.9999052216748769,1
13790,0.44750027385975266,0
13791,0.582448255739489,0
13792,1.0,1
13793,0.999763176469261,1
13794,1.0,1
13795,1.0,1
13796,1.0,1
13797,0.9999769585253456,1
13798,1.0,1
13799,0.99992,1
13800,1.0,1
13801,0.027531323860165113,0
13802,1.0,1
13803,0.9999754299754301,1
13804,0.9999852216748769,1
13805,0.9917372279535115,1
13806,0.9999268102372035,1
13807,0.9991759918076154,1
13808,0.9996296883889965,1
13809,0.7944846505368143,1
13810,0.9999907578558225,1
13811,0.08855712052114592,0
13812,0.9986291576079778,1
13813,0.9848391645011592,1
13814,1.0,1
13815,0.9984042307510282,1
13816,0.9937571705478522,1
13817,0.9997260273972602,1
13818,1.0,1
13819,0.9870411051474365,1
13820,0.983756179510976,1
13821,0.9876242493932537,1
13822,1.0,1
13823,0.999996254681648,1
13824,0.9997408474142345,1
13825,0.9937306206136987,1
13826,0.9999754299754301,1
13827,0.08570424625791986,0
13828,0.9437390706357962,1
13829,0.9999618320610686,1
13830,0.9999268102372035,1
13831,0.9786637239648008,1
13832,0.9999759795306994,1
13833,1.0,1
13834,0.9999639966171319,1
13835,1.0,1
13836,1.0,1
13837,0.9999852216748769,1
13838,1.0,1
13839,0.9999852216748769,1
13840,0.99152955975071,1
13841,0.9999305555555555,1
13842,0.9995156578121087,1
13843,0.6958598608546684,1
13844,0.999996254681648,1
13845,0.9921478600016335,1
13846,0.9999852216748769,1
13847,0.9996937693327442,1
13848,1.0,1
13849,0.9670986927849444,1
13850,0.9818915337013528,1
13851,0.9999769585253456,1
13852,1.0,1
13853,0.971609005816398,1
13854,0.9996296883889965,1
13855,1.0,1
13856,0.06022661593976298,0
13857,0.9999852216748769,1
13858,0.9999754299754301,1
13859,1.0,1
13860,0.9999729729729729,1
13861,0.9995972604510805,1
13862,0.9998931618981427,1
13863,0.9999852216748769,1
13864,1.0,1
13865,1.0,1
13866,0.9999759795306994,1
13867,0.9963427462098585,1
13868,1.0,1
13869,1.0,1
13870,0.9999759795306994,1
13871,0.9998301158301157,1
13872,1.0,1
13873,1.0,1
13874,0.9999268102372035,1
13875,0.00943840941911476,0
13876,0.9999754299754301,1
13877,0.9973772070626004,1
13878,0.9997768883415437,1
13879,1.0,1
13880,0.9999754299754301,1
13881,1.0,1
13882,1.0,1
13883,0.09253845840099388,0
13884,0.9016222287337896,1
13885,1.0,1
13886,0.9999852216748769,1
13887,0.01739473791139379,0
13888,0.9959082220863396,1
13889,0.9999759795306994,1
13890,0.9999759795306994,1
13891,0.9999852216748769,1
13892,0.9998372345262645,1
13893,1.0,1
13894,0.9999754299754301,1
13895,0.9999759795306994,1
13896,0.9999491807475678,1
13897,0.04338396183570363,0
13898,0.9999852216748769,1
13899,0.9817234225983733,1
13900,0.9988820673696417,1
13901,1.0,1
13902,0.9999754299754301,1
13903,1.0,1
13904,0.9997959183673469,1
13905,0.9999639966171319,1
13906,1.0,1
13907,0.009468412539841112,0
13908,0.9998192771084337,1
13909,0.2228339077703247,0
13910,0.9999852216748769,1
13911,0.15024562776872316,0
13912,0.9997779547943841,1
13913,0.9999852216748769,1
13914,0.9999754299754301,1
13915,0.9999907578558225,1
13916,1.0,1
13917,1.0,1
13918,0.9999581589958159,1
13919,0.9770444812423916,1
13920,0.986971457288754,1
13921,0.951863430160409,1
13922,0.9990150183875396,1
13923,0.9847655717305226,1
13924,1.0,1
13925,0.9928957577198844,1
13926,0.04923441716591877,0
13927,0.008680649471366333,0
13928,1.0,1
13929,0.999909484258721,1
13930,0.9973772070626004,1
13931,1.0,1
13932,0.9596659064259712,1
13933,0.9999852216748769,1
13934,0.9997428175920543,1
13935,0.9946268894750577,1
13936,0.9999907578558225,1
13937,1.0,1
13938,0.9999268102372035,1
13939,1.0,1
13940,0.9210980219625032,1
13941,0.999550542032386,1
13942,0.9708361646875729,1
13943,0.9992854409017354,1
13944,0.9942401209612128,1
13945,1.0,1
13946,0.7892351300494017,1
13947,0.999996254681648,1
13948,1.0,1
13949,1.0,1
13950,1.0,1
13951,1.0,1
13952,1.0,1
13953,0.9999852216748769,1
13954,1.0,1
13955,1.0,1
13956,0.30440941201188243,0
13957,0.999996254681648,1
13958,0.9997670966420968,1
13959,0.9989109833638184,1
13960,0.9966689202132486,1
13961,0.9997713483427769,1
13962,1.0,1
13963,0.026566391738656953,0
13964,0.9999852216748769,1
13965,1.0,1
13966,1.0,1
13967,1.0,1
13968,0.9999852216748769,1
13969,1.0,1
13970,0.9618596046475357,1
13971,0.9999372620364987,1
13972,0.9999759795306994,1
13973,0.9999852216748769,1
13974,1.0,1
13975,0.9923413246626079,1
13976,0.9991666666666665,1
13977,0.9996629213483146,1
13978,0.03265528653008026,0
13979,0.9970055183518709,1
13980,0.8819569893874241,1
13981,0.9999852216748769,1
13982,0.9986992919956973,1
13983,0.9890204584860693,1
13984,1.0,1
13985,0.999996254681648,1
13986,0.010556004873209384,0
13987,0.9994007816878127,1
13988,0.04130277500449145,0
13989,0.03971096746769295,0
13990,0.017996223524023608,0
13991,0.9999342105263157,1
13992,0.9984827801386552,1
13993,1.0,1
13994,0.9999852216748769,1
13995,0.999996254681648,1
13996,1.0,1
13997,0.9997499999999999,1
13998,0.999996254681648,1
13999,0.9998381628513474,1
14000,0.9528657625648762,1
14001,0.9788550015039194,1
14002,1.0,1
14003,0.9999305555555555,1
14004,1.0,1
14005,1.0,1
14006,0.999996254681648,1
14007,0.9997951653944019,1
14008,0.9999618320610686,1
14009,1.0,1
14010,1.0,1
14011,1.0,1
14012,0.9995060534773945,1
14013,0.9999907578558225,1
14014,0.9993849641762637,1
14015,0.9983711693255358,1
14016,1.0,1
14017,0.010615901599704429,0
14018,0.9999852216748769,1
14019,0.9805420568220846,1
14020,1.0,1
14021,0.9996912815595412,1
14022,0.9989109833638184,1
14023,0.9978507077299859,1
14024,0.9999523885007757,1
14025,0.9989109833638184,1
14026,1.0,1
14027,0.010560067144266614,0
14028,0.033445255631997926,0
14029,0.973192897842898,1
14030,0.9999268102372035,1
14031,0.9999852216748769,1
14032,1.0,1
14033,0.9983078162518183,1
14034,1.0,1
14035,1.0,1
14036,0.999397431610687,1
14037,0.9998009386775705,1
14038,0.9835225433865652,1
14039,0.00028052324065639734,0
14040,0.9287897956938775,1
14041,0.974404061654387,1
14042,1.0,1
14043,0.9625493334192912,1
14044,0.9980840415246667,1
14045,0.9921482714994118,1
14046,0.16082436687974141,0
14047,0.999374121395022,1
14048,1.0,1
14049,0.9072110671952696,1
14050,0.9999754299754301,1
14051,1.0,1
14052,0.9999759795306994,1
14053,1.0,1
14054,0.9911236598143208,1
14055,1.0,1
14056,0.9998647660818714,1
14057,0.9999852216748769,1
14058,0.999996254681648,1
14059,1.0,1
14060,0.9999852216748769,1
14061,1.0,1
14062,0.9999618320610686,1
14063,1.0,1
14064,1.0,1
14065,1.0,1
14066,1.0,1
14067,0.9973519545373479,1
14068,1.0,1
14069,0.9886505294884649,1
14070,1.0,1
14071,0.986409607384248,1
14072,0.999996254681648,1
14073,1.0,1
14074,0.04545488842643564,0
14075,0.9997670966420968,1
14076,0.9999246107229979,1
14077,0.9080657406873399,1
14078,0.999996254681648,1
14079,1.0,1
14080,0.5168678265900998,0
14081,1.0,1
14082,1.0,1
14083,0.9957428658090945,1
14084,0.9776207595923084,1
14085,0.9999618320610686,1
14086,0.9999852216748769,1
14087,0.9999477204477205,1
14088,0.044931375817473175,0
14089,0.9999754299754301,1
14090,1.0,1
14091,0.999996254681648,1
14092,0.9999639966171319,1
14093,1.0,1
14094,0.9999907578558225,1
14095,0.9999852216748769,1
14096,0.9999372620364987,1
14097,1.0,1
14098,0.9999852216748769,1
14099,0.9999852216748769,1
14100,0.9999907578558225,1
14101,0.9999907578558225,1
14102,0.9996296883889965,1
14103,0.9998931618981427,1
14104,0.9999852216748769,1
14105,0.9929062035405114,1
14106,0.9999754299754301,1
14107,0.9812434905856655,1
14108,0.9999852216748769,1
14109,0.9664205048518497,1
14110,1.0,1
14111,0.9999491807475678,1
14112,0.9994047962416478,1
14113,0.9997670966420968,1
14114,0.999364226391977,1
14115,0.9999141839745773,1
14116,0.9989109833638184,1
14117,0.9458060131352879,1
14118,1.0,1
14119,0.9752474196756518,1
14120,0.9999907578558225,1
14121,0.999996254681648,1
14122,1.0,1
14123,0.9939147286821705,1
14124,1.0,1
14125,0.9999759795306994,1
14126,0.9999852216748769,1
14127,0.0416636449798094,0
14128,1.0,1
14129,0.9997696901446901,1
14130,0.02825013877653081,0
14131,0.999996254681648,1
14132,0.999996254681648,1
14133,1.0,1
14134,0.9997768883415437,1
14135,0.9996724946937089,1
14136,0.9999477204477205,1
14137,0.9478296966178393,1
14138,0.9999907578558225,1
14139,1.0,1
14140,0.9989109833638184,1
14141,0.9999759795306994,1
14142,1.0,1
14143,1.0,1
14144,0.9999618320610686,1
14145,1.0,1
14146,1.0,1
14147,0.9677973819547855,1
14148,0.7593050450861918,1
14149,0.084758014547884,0
14150,1.0,1
14151,1.0,1
14152,0.9997021370345891,1
14153,0.9765209869443843,1
14154,0.9999907578558225,1
14155,1.0,1
14156,0.9997392771084337,1
14157,0.9942823397433836,1
14158,0.999126982140333,1
14159,0.0,0
14160,0.03919931065296685,0
14161,0.7400370935868648,1
14162,0.9999759795306994,1
14163,0.07218438617101669,0
14164,0.9999754299754301,1
14165,0.9994444444444445,1
14166,0.9998931618981427,1
14167,0.9999852216748769,1
14168,0.9969018741224646,1
14169,0.9989147286821705,1
14170,0.9999759795306994,1
14171,0.9375683911869908,1
14172,0.9999759795306994,1
14173,1.0,1
14174,0.9999852216748769,1
14175,1.0,1
14176,0.9996724946937089,1
14177,0.9999769585253456,1
14178,0.013139151208564136,0
14179,0.9880305574950018,1
14180,0.9657940734115595,1
14181,0.9985777844136052,1
14182,1.0,1
14183,0.9989109833638184,1
14184,1.0,1
14185,0.999996254681648,1
14186,1.0,1
14187,1.0,1
14188,0.9948679093728903,1
14189,1.0,1
14190,0.9994666980314016,1
14191,0.034954395521464246,0
14192,0.9999372620364987,1
14193,1.0,1
14194,0.1738047156421556,0
14195,0.04727542360435722,0
14196,0.9866166661456767,1
14197,1.0,1
14198,1.0,1
14199,1.0,1
14200,1.0,1
14201,0.9999852216748769,1
14202,0.9999759795306994,1
14203,1.0,1
14204,1.0,1
14205,1.0,1
14206,1.0,1
14207,1.0,1
14208,1.0,1
14209,0.9343616931998588,1
14210,0.014183933978737602,0
14211,1.0,1
14212,0.9995951224838328,1
14213,1.0,1
14214,0.9999268102372035,1
14215,0.9798121229947714,1
14216,0.012654147886642075,0
14217,0.8552163705892165,1
14218,0.9911923853010256,1
14219,0.9999096405017458,1
14220,0.9999759795306994,1
14221,1.0,1
14222,0.999996254681648,1
14223,0.9999754299754301,1
14224,0.9997959183673469,1
14225,1.0,1
14226,1.0,1
14227,0.020359605081564584,0
14228,0.874925552363283,1
14229,0.1334410115201097,0
14230,0.9800643028686987,1
14231,1.0,1
14232,0.9928707414612278,1
14233,1.0,1
14234,1.0,1
14235,1.0,1
14236,1.0,1
14237,0.9949485827290705,1
14238,0.9997959183673469,1
14239,0.9212718487709124,1
14240,1.0,1
14241,1.0,1
14242,1.0,1
14243,0.9999268102372035,1
14244,1.0,1
14245,0.04456504828985677,0
14246,0.059425790444474894,0
14247,1.0,1
14248,0.9999639966171319,1
14249,0.9999852216748769,1
14250,0.9646228057509024,1
14251,1.0,1
14252,0.9997260273972602,1
14253,1.0,1
14254,1.0,1
14255,1.0,1
14256,0.9888559674375249,1
14257,1.0,1
14258,0.032976287085244596,0
14259,0.04258897105931279,0
14260,0.999996254681648,1
14261,0.9999852216748769,1
14262,0.9998786776859505,1
14263,1.0,1
14264,1.0,1
14265,0.22174757183394697,0
14266,0.99992,1
14267,0.006364614722341799,0
14268,0.99992,1
14269,0.997688678806735,1
14270,0.9999305555555555,1
14271,0.9999090608079654,1
14272,0.8606916516702386,1
14273,0.9973772070626004,1
14274,0.8917706574423864,1
14275,0.11530636664372754,0
14276,0.17628968253968252,0
14277,0.8877990646818416,1
14278,0.9996177317948042,1
14279,0.9629712636898161,1
14280,1.0,1
14281,1.0,1
14282,0.9999759795306994,1
14283,0.9999759795306994,1
14284,0.9996900240143921,1
14285,0.9999852216748769,1
14286,0.9478285166774769,1
14287,1.0,1
14288,0.9999907578558225,1
14289,0.9930214616582639,1
14290,1.0,1
14291,0.004324546347926299,0
14292,0.9706907596731934,1
14293,0.03026394558111299,0
14294,1.0,1
14295,0.9999852216748769,1
14296,1.0,1
14297,0.02090229455645559,0
14298,0.9992857142857143,1
14299,1.0,1
14300,0.05416755296237088,0
14301,0.9949754299754301,1
14302,0.9836127860138144,1
14303,0.9727873143402946,1
14304,0.9999305555555555,1
14305,0.9998275862068965,1
14306,0.04106975050030411,0
14307,0.991357817642053,1
14308,0.9995902883026515,1
14309,0.9962154177070162,1
14310,0.8857207861066263,1
14311,0.9997021370345891,1
14312,1.0,1
14313,0.999996254681648,1
14314,1.0,1
14315,0.9999852216748769,1
14316,0.9417063317506863,1
14317,0.9845225843569646,1
14318,1.0,1
14319,0.9183990027608135,1
14320,0.9902467514941199,1
14321,0.9675348662206845,1
14322,1.0,1
14323,0.9999769585253456,1
14324,1.0,1
14325,1.0,1
14326,0.999996254681648,1
14327,1.0,1
14328,0.9941689202132485,1
14329,0.9801698344655001,1
14330,0.9682860183684165,1
14331,0.17456033756551947,0
14332,0.26404130095228523,0
14333,0.9958232028632132,1
14334,0.9999141839745773,1
14335,1.0,1
14336,1.0,1
14337,1.0,1
14338,0.9945833333333333,1
14339,0.9999618320610686,1
14340,0.9924657051658043,1
14341,0.12794144601813381,0
14342,0.06486345622235076,0
14343,1.0,1
14344,1.0,1
14345,0.009735809997115095,0
14346,0.056809360277900865,0
14347,0.9999268102372035,1
14348,0.1793202876001154,0
14349,0.999996254681648,1
14350,0.9890302656010739,1
14351,0.9999305555555555,1
14352,0.9940598285648095,1
14353,0.9973772070626004,1
14354,0.04141861744784906,0
14355,0.9999639966171319,1
14356,1.0,1
14357,0.9923772070626004,1
14358,1.0,1
14359,1.0,1
14360,1.0,1
14361,0.9999852216748769,1
14362,0.9999907578558225,1
14363,1.0,1
14364,0.014614221047950762,0
14365,0.9999618320610686,1
14366,0.9998192771084337,1
14367,0.9999852216748769,1
14368,1.0,1
14369,0.9998381628513474,1
14370,1.0,1
14371,0.9999852216748769,1
14372,0.9999907578558225,1
14373,0.9999618320610686,1
14374,1.0,1
14375,1.0,1
14376,1.0,1
14377,0.9999852216748769,1
14378,0.9998931618981427,1
14379,0.018162570362592265,0
14380,1.0,1
14381,0.9997162356337793,1
14382,0.9236613678089782,1
14383,0.045724759952920205,0
14384,0.9999293357268725,1
14385,0.9962918041094805,1
14386,1.0,1
14387,0.9894691802883697,1
14388,0.9813964916995319,1
14389,0.9998931618981427,1
14390,0.004324546347926299,0
14391,1.0,1
14392,0.7279933863249742,1
14393,1.0,1
14394,0.9856136013294251,1
14395,0.9854425048391565,1
14396,0.9901591457836448,1
14397,0.0,0
14398,0.9967354818588288,1
14399,0.0,0
